{
  "type": "FeatureCollection",
  "features": [
    {
      "type": "Feature",
      "geometry": {
        "type": "Point",
        "coordinates": [
          -48.291262,
          -18.884708
        ]
      },
      "properties": {
        "codigo": "EC 176",
        "endereco": "Pacaembu, Uberlândia - MG, Brasil",
        "qtld": "60A 1065",
        "imovel": "Res."
      }
    },
    {
      "type": "Feature",
      "geometry": {
        "type": "Point",
        "coordinates": [
          -48.2922683,
          -18.910218
        ]
      },
      "properties": {
        "codigo": "EC001",
        "endereco": "Rua Padre Pio, 1193, Osvaldo Rezende, Uberlândia - MG, Brasil",
        "qtld": "147C",
        "imovel": "Res."
      }
    },
    {
      "type": "Feature",
      "geometry": {
        "type": "Point",
        "coordinates": [
          -48.290576,
          -18.9149432
        ]
      },
      "properties": {
        "codigo": "EC007",
        "endereco": "Rua Padre Pio, 1334, Osvaldo Rezende, Uberlândia - MG, Brasil",
        "qtld": "163B",
        "imovel": "Res."
      }
    },
    {
      "type": "Feature",
      "geometry": {
        "type": "Point",
        "coordinates": [
          -48.2907546,
          -18.9102869
        ]
      },
      "properties": {
        "codigo": "EC010",
        "endereco": "Av Sacramento, 553, Osvaldo Rezende, Uberlândia - MG, Brasil",
        "qtld": "151 D",
        "imovel": "Com."
      }
    },
    {
      "type": "Feature",
      "geometry": {
        "type": "Point",
        "coordinates": [
          -48.2897935,
          -18.9136604
        ]
      },
      "properties": {
        "codigo": "EC012",
        "endereco": "Rua Rafael Rinaldi, 1428, Osvaldo Rezende, Uberlândia - MG, Brasil",
        "qtld": "162 A",
        "imovel": "Res."
      }
    },
    {
      "type": "Feature",
      "geometry": {
        "type": "Point",
        "coordinates": [
          -48.294,
          -18.9072204
        ]
      },
      "properties": {
        "codigo": "EC013",
        "endereco": "Avenida engenheiro azeli, 1304, Osvaldo Rezende, Uberlândia - MG, Brasil",
        "qtld": "204C",
        "imovel": "Res."
      }
    },
    {
      "type": "Feature",
      "geometry": {
        "type": "Point",
        "coordinates": [
          -48.2943689,
          -18.9064142
        ]
      },
      "properties": {
        "codigo": "EC014",
        "endereco": "Avenida engenheiro azeli, 1384, Osvaldo Rezende, Uberlândia - MG, Brasil",
        "qtld": "205B 384",
        "imovel": "Com."
      }
    },
    {
      "type": "Feature",
      "geometry": {
        "type": "Point",
        "coordinates": [
          -48.2934682,
          -18.9058693
        ]
      },
      "properties": {
        "codigo": "EC015",
        "endereco": "Rua doutor Jair Vieira da Mota, 88, Osvaldo Rezende, Uberlândia - MG, Brasil",
        "qtld": "206A",
        "imovel": "Out."
      }
    },
    {
      "type": "Feature",
      "geometry": {
        "type": "Point",
        "coordinates": [
          -48.295215,
          -18.9070013
        ]
      },
      "properties": {
        "codigo": "EC016",
        "endereco": "Rua Itanhandu, 334, Osvaldo Rezende, Uberlândia - MG, Brasil",
        "qtld": "200C",
        "imovel": "Out."
      }
    },
    {
      "type": "Feature",
      "geometry": {
        "type": "Point",
        "coordinates": [
          -48.296518,
          -18.9066367
        ]
      },
      "properties": {
        "codigo": "EC019",
        "endereco": "Rua Doutor Jair Vieira da Mota, 396, Osvaldo Rezende, Uberlândia - MG, Brasil",
        "qtld": "198C",
        "imovel": "Res."
      }
    },
    {
      "type": "Feature",
      "geometry": {
        "type": "Point",
        "coordinates": [
          -48.2929964,
          -18.9059394
        ]
      },
      "properties": {
        "codigo": "EC020",
        "endereco": "Rua Doutor Jair Vieira da Mota, 79, Osvaldo Rezende, Uberlândia - MG, Brasil",
        "qtld": "205C",
        "imovel": "Res."
      }
    },
    {
      "type": "Feature",
      "geometry": {
        "type": "Point",
        "coordinates": [
          -48.295194,
          -18.9065977
        ]
      },
      "properties": {
        "codigo": "EC021",
        "endereco": "Rua Doutor Jair Vieira da Mota, 261, Osvaldo Rezende, Uberlândia - MG, Brasil",
        "qtld": "200A",
        "imovel": "Res."
      }
    },
    {
      "type": "Feature",
      "geometry": {
        "type": "Point",
        "coordinates": [
          -48.2947122,
          -18.9067062
        ]
      },
      "properties": {
        "codigo": "EC022",
        "endereco": "Avenida Engenheiro Azeli, 1365, Osvaldo Rezende, Uberlândia - MG, Brasil",
        "qtld": "200B",
        "imovel": "Res."
      }
    },
    {
      "type": "Feature",
      "geometry": {
        "type": "Point",
        "coordinates": [
          -48.2948784,
          -18.9077099
        ]
      },
      "properties": {
        "codigo": "EC023",
        "endereco": "Rua Irene Rosa, 290, Osvaldo Rezende, Uberlândia - MG, Brasil",
        "qtld": "201E",
        "imovel": "Res."
      }
    },
    {
      "type": "Feature",
      "geometry": {
        "type": "Point",
        "coordinates": [
          -48.2957122,
          -18.9079133
        ]
      },
      "properties": {
        "codigo": "EC024",
        "endereco": "Rua Irene Rosa, 396, Osvaldo Rezende, Uberlândia - MG, Brasil",
        "qtld": "201E",
        "imovel": "Res."
      }
    },
    {
      "type": "Feature",
      "geometry": {
        "type": "Point",
        "coordinates": [
          -48.2942133,
          -18.9168268
        ]
      },
      "properties": {
        "codigo": "EC025",
        "endereco": "Av Vasconcelos Costa, 1896, Osvaldo Rezende, Uberlândia - MG, Brasil",
        "qtld": "88C",
        "imovel": "Com."
      }
    },
    {
      "type": "Feature",
      "geometry": {
        "type": "Point",
        "coordinates": [
          -48.2941269,
          -18.9162102
        ]
      },
      "properties": {
        "codigo": "EC026",
        "endereco": "Av Belo Horizonte, 1655, Osvaldo Rezende, Uberlândia - MG, Brasil",
        "qtld": "89A",
        "imovel": "Res."
      }
    },
    {
      "type": "Feature",
      "geometry": {
        "type": "Point",
        "coordinates": [
          -48.2937292,
          -18.9155419
        ]
      },
      "properties": {
        "codigo": "EC028",
        "endereco": "Avenida Paes Leme, 676, Osvaldo Rezende, Uberlândia - MG, Brasil",
        "qtld": "91B",
        "imovel": "Res."
      }
    },
    {
      "type": "Feature",
      "geometry": {
        "type": "Point",
        "coordinates": [
          -48.2932903,
          -18.9161747
        ]
      },
      "properties": {
        "codigo": "EC029",
        "endereco": "Av Paes Lemes, 702, Osvaldo Rezende, Uberlândia - MG, Brasil",
        "qtld": "92 B",
        "imovel": "Res."
      }
    },
    {
      "type": "Feature",
      "geometry": {
        "type": "Point",
        "coordinates": [
          -48.2936303,
          -18.916106
        ]
      },
      "properties": {
        "codigo": "EC030",
        "endereco": "Rua Paes lemes, 705, Osvaldo Rezende, Uberlândia - MG, Brasil",
        "qtld": "89B",
        "imovel": "Res."
      }
    },
    {
      "type": "Feature",
      "geometry": {
        "type": "Point",
        "coordinates": [
          -48.2941727,
          -18.9159922
        ]
      },
      "properties": {
        "codigo": "EC033",
        "endereco": "Av Belo Horizonte, 1652, Osvaldo Rezende, Uberlândia - MG, Brasil",
        "qtld": "90 D",
        "imovel": "Res."
      }
    },
    {
      "type": "Feature",
      "geometry": {
        "type": "Point",
        "coordinates": [
          -48.2824119,
          -18.9271487
        ]
      },
      "properties": {
        "codigo": "EC035",
        "endereco": "Rua General Osorio, 234, Fundinho, Uberlândia - MG, Brasil",
        "qtld": "15A",
        "imovel": "Res."
      }
    },
    {
      "type": "Feature",
      "geometry": {
        "type": "Point",
        "coordinates": [
          -48.2823723,
          -18.928177
        ]
      },
      "properties": {
        "codigo": "EC036",
        "endereco": "Rua General Osório, 347, Fundinho, Uberlândia - MG, Brasil",
        "qtld": "13D",
        "imovel": "Res."
      }
    },
    {
      "type": "Feature",
      "geometry": {
        "type": "Point",
        "coordinates": [
          -48.2825884,
          -18.9279982
        ]
      },
      "properties": {
        "codigo": "EC037",
        "endereco": "General Osorio, 330, Fundinho, Uberlândia - MG, Brasil",
        "qtld": "14A",
        "imovel": "Res."
      }
    },
    {
      "type": "Feature",
      "geometry": {
        "type": "Point",
        "coordinates": [
          -48.2822534,
          -18.9273052
        ]
      },
      "properties": {
        "codigo": "EC038",
        "endereco": "Rua General Osorio, 253, Fundinho, Uberlândia - MG, Brasil",
        "qtld": "12E",
        "imovel": "Res."
      }
    },
    {
      "type": "Feature",
      "geometry": {
        "type": "Point",
        "coordinates": [
          -48.2824369,
          -18.9268842
        ]
      },
      "properties": {
        "codigo": "EC040",
        "endereco": "Rua Lucia Matos, 177, Fundinho, Uberlândia - MG, Brasil",
        "qtld": "15D",
        "imovel": "Res."
      }
    },
    {
      "type": "Feature",
      "geometry": {
        "type": "Point",
        "coordinates": [
          -48.2824022,
          -18.9287581
        ]
      },
      "properties": {
        "codigo": "EC043",
        "endereco": "Rua General Osório, 411, Tabajaras, Uberlândia - MG, Brasil",
        "qtld": "15A",
        "imovel": "Res."
      }
    },
    {
      "type": "Feature",
      "geometry": {
        "type": "Point",
        "coordinates": [
          -48.2830708,
          -18.9283986
        ]
      },
      "properties": {
        "codigo": "EC044",
        "endereco": "Rua Bernardino Fonseca, 160, Fundinho, Uberlândia - MG, Brasil",
        "qtld": "30C",
        "imovel": "Res."
      }
    },
    {
      "type": "Feature",
      "geometry": {
        "type": "Point",
        "coordinates": [
          -48.2822182,
          -18.9240208
        ]
      },
      "properties": {
        "codigo": "EC045",
        "endereco": "Praça Clarimundo Carneiro, 264, Fundinho, Uberlândia - MG, Brasil",
        "qtld": "19B",
        "imovel": "Com."
      }
    },
    {
      "type": "Feature",
      "geometry": {
        "type": "Point",
        "coordinates": [
          -48.2824437,
          -18.9244352
        ]
      },
      "properties": {
        "codigo": "EC046",
        "endereco": "Praça Doutor Duarte, 44, Fundinho, Uberlândia - MG, Brasil",
        "qtld": "18C",
        "imovel": "Out."
      }
    },
    {
      "type": "Feature",
      "geometry": {
        "type": "Point",
        "coordinates": [
          -48.2815294,
          -18.9245791
        ]
      },
      "properties": {
        "codigo": "EC047",
        "endereco": "Barão de Camargos, 644, Fundinho, Uberlândia - MG, Brasil",
        "qtld": "8B",
        "imovel": "Com."
      }
    },
    {
      "type": "Feature",
      "geometry": {
        "type": "Point",
        "coordinates": [
          -48.2821771,
          -18.9254533
        ]
      },
      "properties": {
        "codigo": "EC048",
        "endereco": "Rua General Osorio, 39, Fundinho, Uberlândia - MG, Brasil",
        "qtld": "10D",
        "imovel": "Res."
      }
    },
    {
      "type": "Feature",
      "geometry": {
        "type": "Point",
        "coordinates": [
          -48.2881452,
          -18.9215492
        ]
      },
      "properties": {
        "codigo": "EC069",
        "endereco": "Av Getúlio Vargas, 1166, Osvaldo Rezende, Uberlândia - MG, Brasil",
        "qtld": "10C",
        "imovel": "Res."
      }
    },
    {
      "type": "Feature",
      "geometry": {
        "type": "Point",
        "coordinates": [
          -48.2887991,
          -18.9219815
        ]
      },
      "properties": {
        "codigo": "EC072",
        "endereco": "Av Getulio Vargas, 1316, Osvaldo Rezende, Uberlândia - MG, Brasil",
        "qtld": "17B",
        "imovel": "Com."
      }
    },
    {
      "type": "Feature",
      "geometry": {
        "type": "Point",
        "coordinates": [
          -48.2836589,
          -18.9305471
        ]
      },
      "properties": {
        "codigo": "EC097",
        "endereco": "Felisberto Carrijo, 1124, Tabajaras, Uberlândia - MG, Brasil",
        "qtld": "21 B",
        "imovel": "Out."
      }
    },
    {
      "type": "Feature",
      "geometry": {
        "type": "Point",
        "coordinates": [
          -48.283366,
          -18.9297423
        ]
      },
      "properties": {
        "codigo": "EC098",
        "endereco": "Rua Felisberto Carrijo, 1037, Tabajaras, Uberlândia - MG, Brasil",
        "qtld": "18C",
        "imovel": "Res."
      }
    },
    {
      "type": "Feature",
      "geometry": {
        "type": "Point",
        "coordinates": [
          -48.2834666,
          -18.9288446
        ]
      },
      "properties": {
        "codigo": "EC099",
        "endereco": "Rua Felisberto Carrejo, 905, Tabajaras, Uberlândia - MG, Brasil",
        "qtld": "17 B",
        "imovel": "Res."
      }
    },
    {
      "type": "Feature",
      "geometry": {
        "type": "Point",
        "coordinates": [
          -48.2834959,
          -18.9305375
        ]
      },
      "properties": {
        "codigo": "EC100",
        "endereco": "Rua Felisberto Carrijo, 1113, Tabajaras, Uberlândia - MG, Brasil",
        "qtld": "19C",
        "imovel": "Res."
      }
    },
    {
      "type": "Feature",
      "geometry": {
        "type": "Point",
        "coordinates": [
          -48.2832612,
          -18.9317208
        ]
      },
      "properties": {
        "codigo": "EC101",
        "endereco": "Avenida Rondon Pacheco, 951, Tabajaras, Uberlândia - MG, Brasil",
        "qtld": "20B",
        "imovel": "Com."
      }
    },
    {
      "type": "Feature",
      "geometry": {
        "type": "Point",
        "coordinates": [
          -48.2838315,
          -18.9289295
        ]
      },
      "properties": {
        "codigo": "EC102",
        "endereco": "Rua Felisberto Carrejo, 940, Tabajaras, Uberlândia - MG, Brasil",
        "qtld": "22 C",
        "imovel": "Res."
      }
    },
    {
      "type": "Feature",
      "geometry": {
        "type": "Point",
        "coordinates": [
          -48.2846199,
          -18.928959
        ]
      },
      "properties": {
        "codigo": "EC103",
        "endereco": "Rua Fernando Costa, 513, Tabajaras, Uberlândia - MG, Brasil",
        "qtld": 22,
        "imovel": "Res."
      }
    },
    {
      "type": "Feature",
      "geometry": {
        "type": "Point",
        "coordinates": [
          -48.2863149,
          -18.9299779
        ]
      },
      "properties": {
        "codigo": "EC104",
        "endereco": "Rua Botafogo, 275, Tabajaras, Uberlândia - MG, Brasil",
        "qtld": "29A 275",
        "imovel": "Out."
      }
    },
    {
      "type": "Feature",
      "geometry": {
        "type": "Point",
        "coordinates": [
          -48.2861399,
          -18.9307367
        ]
      },
      "properties": {
        "codigo": "EC105",
        "endereco": "Rua Botafogo, 315, Tabajaras, Uberlândia - MG, Brasil",
        "qtld": "30B",
        "imovel": "Com."
      }
    },
    {
      "type": "Feature",
      "geometry": {
        "type": "Point",
        "coordinates": [
          -48.285736,
          -18.9288527
        ]
      },
      "properties": {
        "codigo": "EC106",
        "endereco": "Rua Fernando Costa, 407, Tabajaras, Uberlândia - MG, Brasil",
        "qtld": "27D",
        "imovel": "Out."
      }
    },
    {
      "type": "Feature",
      "geometry": {
        "type": "Point",
        "coordinates": [
          -48.2863821,
          -18.9290971
        ]
      },
      "properties": {
        "codigo": "EC107",
        "endereco": "Rua Fernando Costa, 330, Tabajaras, Uberlândia - MG, Brasil",
        "qtld": "28A",
        "imovel": "Out."
      }
    },
    {
      "type": "Feature",
      "geometry": {
        "type": "Point",
        "coordinates": [
          -48.265166,
          -18.9157451
        ]
      },
      "properties": {
        "codigo": "EC109",
        "endereco": "Rua Geraldo de Morais, 181, Cazeca, Uberlândia - MG, Brasil",
        "qtld": "20A",
        "imovel": "Res."
      }
    },
    {
      "type": "Feature",
      "geometry": {
        "type": "Point",
        "coordinates": [
          -48.2652578,
          -18.9148667
        ]
      },
      "properties": {
        "codigo": "EC110",
        "endereco": "Rua José de Moraes, 80, Cazeca, Uberlândia - MG, Brasil",
        "qtld": "21B",
        "imovel": "Res."
      }
    },
    {
      "type": "Feature",
      "geometry": {
        "type": "Point",
        "coordinates": [
          -48.26509,
          -18.9161081
        ]
      },
      "properties": {
        "codigo": "EC111",
        "endereco": "Johen Carneiro, 2021, Cazeca, Uberlândia - MG, Brasil",
        "qtld": "17A",
        "imovel": "Out."
      }
    },
    {
      "type": "Feature",
      "geometry": {
        "type": "Point",
        "coordinates": [
          -48.2649971,
          -18.9147297
        ]
      },
      "properties": {
        "codigo": "EC113",
        "endereco": "Rua José decmoraes, 127, Cazeca, Uberlândia - MG, Brasil",
        "qtld": "30C",
        "imovel": "Res."
      }
    },
    {
      "type": "Feature",
      "geometry": {
        "type": "Point",
        "coordinates": [
          -48.2714536,
          -18.9213683
        ]
      },
      "properties": {
        "codigo": "EC114",
        "endereco": "Rua Johen Carneiro, 104, Cazeca, Uberlândia - MG, Brasil",
        "qtld": "32D",
        "imovel": "Res."
      }
    },
    {
      "type": "Feature",
      "geometry": {
        "type": "Point",
        "coordinates": [
          -48.2646847,
          -18.9157643
        ]
      },
      "properties": {
        "codigo": "EC115",
        "endereco": "Rua Adelino Franco, 39, Cazeca, Uberlândia - MG, Brasil",
        "qtld": "20D",
        "imovel": "Res."
      }
    },
    {
      "type": "Feature",
      "geometry": {
        "type": "Point",
        "coordinates": [
          -48.2644683,
          -18.9152592
        ]
      },
      "properties": {
        "codigo": "EC116",
        "endereco": "Rua Jose de Moraes, 257, Cazeca, Uberlândia - MG, Brasil",
        "qtld": "31B",
        "imovel": "Com."
      }
    },
    {
      "type": "Feature",
      "geometry": {
        "type": "Point",
        "coordinates": [
          -48.2654603,
          -18.9158866
        ]
      },
      "properties": {
        "codigo": "EC117",
        "endereco": "Rua Eduardo de Oliveira, 1100, Cazeca, Uberlândia - MG, Brasil",
        "qtld": "17C",
        "imovel": "Out."
      }
    },
    {
      "type": "Feature",
      "geometry": {
        "type": "Point",
        "coordinates": [
          -48.2656333,
          -18.9156998
        ]
      },
      "properties": {
        "codigo": "EC118",
        "endereco": "Rua Eduardo de Oliveira, 1061, Cazeca, Uberlândia - MG, Brasil",
        "qtld": "16B",
        "imovel": "Res."
      }
    },
    {
      "type": "Feature",
      "geometry": {
        "type": "Point",
        "coordinates": [
          -48.2654475,
          -18.9155022
        ]
      },
      "properties": {
        "codigo": "EC119",
        "endereco": "Rua Geraldo de Morais, 99, Cazeca, Uberlândia - MG, Brasil",
        "qtld": "21D",
        "imovel": "Com."
      }
    },
    {
      "type": "Feature",
      "geometry": {
        "type": "Point",
        "coordinates": [
          -48.2657938,
          -18.915685
        ]
      },
      "properties": {
        "codigo": "EC120",
        "endereco": "Rua Geraldo de Morais, 94, Cazeca, Uberlândia - MG, Brasil",
        "qtld": "16A 94",
        "imovel": "Res."
      }
    },
    {
      "type": "Feature",
      "geometry": {
        "type": "Point",
        "coordinates": [
          -48.2962129,
          -18.9126054
        ]
      },
      "properties": {
        "codigo": "EC121",
        "endereco": "Praça Adalberto Rodrigues da Cunha, 51, Osvaldo Rezende, Uberlândia - MG, Brasil",
        "qtld": "135C 51",
        "imovel": "Com."
      }
    },
    {
      "type": "Feature",
      "geometry": {
        "type": "Point",
        "coordinates": [
          -48.2962899,
          -18.9118722
        ]
      },
      "properties": {
        "codigo": "EC122",
        "endereco": "Avenida Sacramento, 11, Osvaldo Rezende, Uberlândia - MG, Brasil",
        "qtld": "139A",
        "imovel": "Res."
      }
    },
    {
      "type": "Feature",
      "geometry": {
        "type": "Point",
        "coordinates": [
          -48.2964832,
          -18.9122181
        ]
      },
      "properties": {
        "codigo": "EC123",
        "endereco": "Avenida Osvaldo Rezende, 125, Osvaldo Rezende, Uberlândia - MG, Brasil",
        "qtld": "136C 125/1",
        "imovel": "Res."
      }
    },
    {
      "type": "Feature",
      "geometry": {
        "type": "Point",
        "coordinates": [
          -48.2981412,
          -18.9132214
        ]
      },
      "properties": {
        "codigo": "EC124",
        "endereco": "Rua Cambuquira, 620, Osvaldo Rezende, Uberlândia - MG, Brasil",
        "qtld": "135A 620",
        "imovel": "Res."
      }
    },
    {
      "type": "Feature",
      "geometry": {
        "type": "Point",
        "coordinates": [
          -48.2970297,
          -18.9125632
        ]
      },
      "properties": {
        "codigo": "EC126",
        "endereco": "Rua Aymores, 92, Osvaldo Rezende, Uberlândia - MG, Brasil",
        "qtld": "136D",
        "imovel": "Res."
      }
    },
    {
      "type": "Feature",
      "geometry": {
        "type": "Point",
        "coordinates": [
          -48.2983098,
          -18.9134514
        ]
      },
      "properties": {
        "codigo": "EC127",
        "endereco": "Rua Cambuquira, 605, Osvaldo Rezende, Uberlândia - MG, Brasil",
        "qtld": "134A",
        "imovel": "Res."
      }
    },
    {
      "type": "Feature",
      "geometry": {
        "type": "Point",
        "coordinates": [
          -48.2984753,
          -18.9118518
        ]
      },
      "properties": {
        "codigo": "EC128",
        "endereco": "Rua Estrela do Sul, 2659, Osvaldo Rezende, Uberlândia - MG, Brasil",
        "qtld": "137A",
        "imovel": "Res."
      }
    },
    {
      "type": "Feature",
      "geometry": {
        "type": "Point",
        "coordinates": [
          -48.2983455,
          -18.9125449
        ]
      },
      "properties": {
        "codigo": "EC129",
        "endereco": "Rua Estados Unidos, 199, Osvaldo Rezende, Uberlândia - MG, Brasil",
        "qtld": "136B",
        "imovel": "Res."
      }
    },
    {
      "type": "Feature",
      "geometry": {
        "type": "Point",
        "coordinates": [
          -48.2987928,
          -18.9123185
        ]
      },
      "properties": {
        "codigo": "EC131",
        "endereco": "Rua Cambuquira, 693, Osvaldo Rezende, Uberlândia - MG, Brasil",
        "qtld": "134A",
        "imovel": "Res."
      }
    },
    {
      "type": "Feature",
      "geometry": {
        "type": "Point",
        "coordinates": [
          -48.2982357,
          -18.9139495
        ]
      },
      "properties": {
        "codigo": "EC132",
        "endereco": "Rua Cambuquira, 665, Osvaldo Rezende, Uberlândia - MG, Brasil",
        "qtld": 134,
        "imovel": "Res."
      }
    },
    {
      "type": "Feature",
      "geometry": {
        "type": "Point",
        "coordinates": [
          -48.2858486,
          -18.9226525
        ]
      },
      "properties": {
        "codigo": "EC134",
        "endereco": "Rua Bernardo Guimarães, 664, Tabajaras, Uberlândia - MG, Brasil",
        "qtld": "43D",
        "imovel": "Out."
      }
    },
    {
      "type": "Feature",
      "geometry": {
        "type": "Point",
        "coordinates": [
          -48.2857098,
          -18.9216902
        ]
      },
      "properties": {
        "codigo": "EC136",
        "endereco": "Av Princesa Isabel, 625, Tabajaras, Uberlândia - MG, Brasil",
        "qtld": "43A",
        "imovel": "Res."
      }
    },
    {
      "type": "Feature",
      "geometry": {
        "type": "Point",
        "coordinates": [
          -48.2865095,
          -18.9229395
        ]
      },
      "properties": {
        "codigo": "EC138",
        "endereco": "Rua Bernardo Guimarães, 729, Tabajaras, Uberlândia - MG, Brasil",
        "qtld": "42A 729",
        "imovel": "Res."
      }
    },
    {
      "type": "Feature",
      "geometry": {
        "type": "Point",
        "coordinates": [
          -48.2869812,
          -18.9221572
        ]
      },
      "properties": {
        "codigo": "EC139",
        "endereco": "Av Princesa Isabel, 782, Tabajaras, Uberlândia - MG, Brasil",
        "qtld": "45A",
        "imovel": "Res."
      }
    },
    {
      "type": "Feature",
      "geometry": {
        "type": "Point",
        "coordinates": [
          -48.2848889,
          -18.9203722
        ]
      },
      "properties": {
        "codigo": "EC140",
        "endereco": "Avenida Princesa Isabel, 498, Tabajaras, Uberlândia - MG, Brasil",
        "qtld": "44E 498/1",
        "imovel": "Com."
      }
    },
    {
      "type": "Feature",
      "geometry": {
        "type": "Point",
        "coordinates": [
          -48.296296,
          -18.9142641
        ]
      },
      "properties": {
        "codigo": "EC153",
        "endereco": "Avenida Paes Lemes, 855, Osvaldo Rezende, Uberlândia - MG, Brasil",
        "qtld": "127D",
        "imovel": "Out."
      }
    },
    {
      "type": "Feature",
      "geometry": {
        "type": "Point",
        "coordinates": [
          -48.296296,
          -18.9142641
        ]
      },
      "properties": {
        "codigo": "EC154",
        "endereco": "Avenida Paes Lemes, 855, Osvaldo Rezende, Uberlândia - MG, Brasil",
        "qtld": "127D",
        "imovel": "Out."
      }
    },
    {
      "type": "Feature",
      "geometry": {
        "type": "Point",
        "coordinates": [
          -48.221218,
          -18.8859121
        ]
      },
      "properties": {
        "codigo": "EL 432",
        "endereco": "Avenida Sideral, 906, Jardim Ipanema, Uberlândia - MG, Brasil",
        "qtld": "91A",
        "imovel": "Com."
      }
    },
    {
      "type": "Feature",
      "geometry": {
        "type": "Point",
        "coordinates": [
          -48.2334758,
          -18.9187835
        ]
      },
      "properties": {
        "codigo": "EL002",
        "endereco": "Av. Ortizio Borges, 2488, Santa Mônica, Uberlândia - MG, Brasil",
        "qtld": "152B",
        "imovel": "Com."
      }
    },
    {
      "type": "Feature",
      "geometry": {
        "type": "Point",
        "coordinates": [
          -48.2442551,
          -18.917189
        ]
      },
      "properties": {
        "codigo": "EL003",
        "endereco": "Rua Antônio Salviano de Rezende, 547, Santa Mônica, Uberlândia - MG, Brasil",
        "qtld": "86B",
        "imovel": "Res."
      }
    },
    {
      "type": "Feature",
      "geometry": {
        "type": "Point",
        "coordinates": [
          -48.2445899,
          -18.9173746
        ]
      },
      "properties": {
        "codigo": "EL004",
        "endereco": "Rua Antônio Salviano de Rezende, 580, Santa Mônica, Uberlândia - MG, Brasil",
        "qtld": "79C",
        "imovel": "Res."
      }
    },
    {
      "type": "Feature",
      "geometry": {
        "type": "Point",
        "coordinates": [
          -48.2309474,
          -18.9172555
        ]
      },
      "properties": {
        "codigo": "EL006",
        "endereco": "Avenida Salomão Abraão, 2485, Santa Mônica, Uberlândia - MG, Brasil",
        "qtld": "169D",
        "imovel": "Res."
      }
    },
    {
      "type": "Feature",
      "geometry": {
        "type": "Point",
        "coordinates": [
          -48.2351933,
          -18.9164921
        ]
      },
      "properties": {
        "codigo": "EL007",
        "endereco": "Avenida Salomão Abraão, 2015, Santa Mônica, Uberlândia - MG, Brasil",
        "qtld": "139D",
        "imovel": "Res."
      }
    },
    {
      "type": "Feature",
      "geometry": {
        "type": "Point",
        "coordinates": [
          -48.2363666,
          -18.9255756
        ]
      },
      "properties": {
        "codigo": "EL009",
        "endereco": "Av. Dr. Laerte Vieira Gonçalves, 1892, Santa Mônica, Uberlândia - MG, Brasil",
        "qtld": "203C",
        "imovel": "Res."
      }
    },
    {
      "type": "Feature",
      "geometry": {
        "type": "Point",
        "coordinates": [
          -48.2579172,
          -18.9143232
        ]
      },
      "properties": {
        "codigo": "EL010",
        "endereco": "Av. Belarmino Cota Pacheco, 80, Santa Mônica, Uberlândia - MG, Brasil",
        "qtld": 399,
        "imovel": "Res."
      }
    },
    {
      "type": "Feature",
      "geometry": {
        "type": "Point",
        "coordinates": [
          -48.2407881,
          -18.915057
        ]
      },
      "properties": {
        "codigo": "EL011",
        "endereco": "Av Salomão Abraão, 1478, Santa Mônica, Uberlândia - MG, Brasil",
        "qtld": "102D",
        "imovel": "Res."
      }
    },
    {
      "type": "Feature",
      "geometry": {
        "type": "Point",
        "coordinates": [
          -48.2418215,
          -18.9144258
        ]
      },
      "properties": {
        "codigo": "EL012",
        "endereco": "Av Salomão Abraão, 1325, Santa Mônica, Uberlândia - MG, Brasil",
        "qtld": "93A",
        "imovel": "Res."
      }
    },
    {
      "type": "Feature",
      "geometry": {
        "type": "Point",
        "coordinates": [
          -48.2392132,
          -18.9153813
        ]
      },
      "properties": {
        "codigo": "EL013",
        "endereco": "Av Salomão Abraão, 1622, Santa Mônica, Uberlândia - MG, Brasil",
        "qtld": "111D",
        "imovel": "Res."
      }
    },
    {
      "type": "Feature",
      "geometry": {
        "type": "Point",
        "coordinates": [
          -48.2362093,
          -18.91615
        ]
      },
      "properties": {
        "codigo": "EL014",
        "endereco": "Avenida Salomão Abraão, 1920, Santa Mônica, Uberlândia - MG, Brasil",
        "qtld": "130D",
        "imovel": "Com."
      }
    },
    {
      "type": "Feature",
      "geometry": {
        "type": "Point",
        "coordinates": [
          -48.2433766,
          -18.9140265
        ]
      },
      "properties": {
        "codigo": "EL015",
        "endereco": "Av Salomão Abraão, 1161, Santa Mônica, Uberlândia - MG, Brasil",
        "qtld": "84A",
        "imovel": "Com."
      }
    },
    {
      "type": "Feature",
      "geometry": {
        "type": "Point",
        "coordinates": [
          -48.2336641,
          -18.9169391
        ]
      },
      "properties": {
        "codigo": "EL016",
        "endereco": "Av Salomão Abraão, 2224, Santa Mônica, Uberlândia - MG, Brasil",
        "qtld": "148D",
        "imovel": "Res."
      }
    },
    {
      "type": "Feature",
      "geometry": {
        "type": "Point",
        "coordinates": [
          -48.2374433,
          -18.9250888
        ]
      },
      "properties": {
        "codigo": "EL017",
        "endereco": "Av Doutor Laerte Vieira Gonçalves, 1753, Santa Mônica, Uberlândia - MG, Brasil",
        "qtld": "214B",
        "imovel": "Com."
      }
    },
    {
      "type": "Feature",
      "geometry": {
        "type": "Point",
        "coordinates": [
          -48.2482629,
          -18.9225288
        ]
      },
      "properties": {
        "codigo": "EL018",
        "endereco": "Av. Dr. Laerte Vieira Gonçalves, 600, Santa Mônica, Uberlândia - MG, Brasil",
        "qtld": "296C",
        "imovel": "Com."
      }
    },
    {
      "type": "Feature",
      "geometry": {
        "type": "Point",
        "coordinates": [
          -48.2512195,
          -18.9160898
        ]
      },
      "properties": {
        "codigo": "EL019",
        "endereco": "Av Belarmino Cotta Pacheco, 770, Santa Mônica, Uberlândia - MG, Brasil",
        "qtld": "40D",
        "imovel": "Res."
      }
    },
    {
      "type": "Feature",
      "geometry": {
        "type": "Point",
        "coordinates": [
          -48.2491825,
          -18.9219518
        ]
      },
      "properties": {
        "codigo": "EL020",
        "endereco": "Av Doutor Laerte Vieira Gonçalves, 517, Santa Mônica, Uberlândia - MG, Brasil",
        "qtld": "305C",
        "imovel": "Res."
      }
    },
    {
      "type": "Feature",
      "geometry": {
        "type": "Point",
        "coordinates": [
          -48.2563811,
          -18.9143373
        ]
      },
      "properties": {
        "codigo": "EL021",
        "endereco": "Av. Belarmino Cotta Pacheco, 233, Santa Mônica, Uberlândia - MG, Brasil",
        "qtld": "7A",
        "imovel": "Res."
      }
    },
    {
      "type": "Feature",
      "geometry": {
        "type": "Point",
        "coordinates": [
          -48.2538386,
          -18.9151062
        ]
      },
      "properties": {
        "codigo": "EL022",
        "endereco": "Av Belarmino Cotta Pacheco, 523, Santa Mônica, Uberlândia - MG, Brasil",
        "qtld": "22A",
        "imovel": "Com."
      }
    },
    {
      "type": "Feature",
      "geometry": {
        "type": "Point",
        "coordinates": [
          -48.2498576,
          -18.895354
        ]
      },
      "properties": {
        "codigo": "EL024",
        "endereco": "Rua Guatemala, 795, Tibery, Uberlândia - MG, Brasil",
        "qtld": "40A",
        "imovel": "Com."
      }
    },
    {
      "type": "Feature",
      "geometry": {
        "type": "Point",
        "coordinates": [
          -48.2350414,
          -18.9184618
        ]
      },
      "properties": {
        "codigo": "EL025",
        "endereco": "Av. Ortizio Borges, 2346, Santa Mônica, Uberlândia - MG, Brasil",
        "qtld": "143B",
        "imovel": "Com."
      }
    },
    {
      "type": "Feature",
      "geometry": {
        "type": "Point",
        "coordinates": [
          -48.2429939,
          -18.9179204
        ]
      },
      "properties": {
        "codigo": "EL026",
        "endereco": "Av. Belarmino Cotta Pacheco, 1681, Santa Mônica, Uberlândia - MG, Brasil",
        "qtld": "95A",
        "imovel": "Com."
      }
    },
    {
      "type": "Feature",
      "geometry": {
        "type": "Point",
        "coordinates": [
          -48.2413896,
          -18.9185616
        ]
      },
      "properties": {
        "codigo": "EL027",
        "endereco": "Av. Belarmino Cotta Pacheco, 1882, Santa Mônica, Uberlândia - MG, Brasil",
        "qtld": "104D",
        "imovel": "Res."
      }
    },
    {
      "type": "Feature",
      "geometry": {
        "type": "Point",
        "coordinates": [
          -48.2390237,
          -18.9191887
        ]
      },
      "properties": {
        "codigo": "EL028",
        "endereco": "Avenida Belarmino Cotta Pacheco, 2142, Santa Mônica, Uberlândia - MG, Brasil",
        "qtld": "123D",
        "imovel": "Com."
      }
    },
    {
      "type": "Feature",
      "geometry": {
        "type": "Point",
        "coordinates": [
          -48.2378817,
          -18.9158218
        ]
      },
      "properties": {
        "codigo": "EL029",
        "endereco": "Avenida Salomão Abraão, 1766, Santa Mônica, Uberlândia - MG, Brasil",
        "qtld": "121D",
        "imovel": "Res."
      }
    },
    {
      "type": "Feature",
      "geometry": {
        "type": "Point",
        "coordinates": [
          -48.2456228,
          -18.9171667
        ]
      },
      "properties": {
        "codigo": "EL031",
        "endereco": "Av Belarmino Cotta Pacheco, 1431, Santa Mônica, Uberlândia - MG, Brasil",
        "qtld": "76A",
        "imovel": "Res."
      }
    },
    {
      "type": "Feature",
      "geometry": {
        "type": "Point",
        "coordinates": [
          -48.2467261,
          -18.9171746
        ]
      },
      "properties": {
        "codigo": "EL032",
        "endereco": "Av. Belarmino Cotta Pacheco, 1270, Santa Mônica, Uberlândia - MG, Brasil",
        "qtld": "69D",
        "imovel": "Com."
      }
    },
    {
      "type": "Feature",
      "geometry": {
        "type": "Point",
        "coordinates": [
          -48.2500631,
          -18.912623
        ]
      },
      "properties": {
        "codigo": "EL033",
        "endereco": "Av Salomão Abraão, 444, Santa Mônica, Uberlândia - MG, Brasil",
        "qtld": "38D",
        "imovel": "Com."
      }
    },
    {
      "type": "Feature",
      "geometry": {
        "type": "Point",
        "coordinates": [
          -48.2487621,
          -18.9129929
        ]
      },
      "properties": {
        "codigo": "EL034",
        "endereco": "Av Salomão Abraão, 570, Santa Mônica, Uberlândia - MG, Brasil",
        "qtld": "47D",
        "imovel": "Res."
      }
    },
    {
      "type": "Feature",
      "geometry": {
        "type": "Point",
        "coordinates": [
          -48.2443108,
          -18.913831
        ]
      },
      "properties": {
        "codigo": "EL035",
        "endereco": "Av Salomão Abraão, 1049, Santa Mônica, Uberlândia - MG, Brasil",
        "qtld": "74A",
        "imovel": "Com."
      }
    },
    {
      "type": "Feature",
      "geometry": {
        "type": "Point",
        "coordinates": [
          -48.2475343,
          -18.9166638
        ]
      },
      "properties": {
        "codigo": "EL036",
        "endereco": "Av. Belarmino Cotta Pacheco, 1197, Santa Mônica, Uberlândia - MG, Brasil",
        "qtld": "62D",
        "imovel": "Com."
      }
    },
    {
      "type": "Feature",
      "geometry": {
        "type": "Point",
        "coordinates": [
          -48.2498265,
          -18.9161253
        ]
      },
      "properties": {
        "codigo": "EL037",
        "endereco": "Av. Belarmino Cotta Pacheco, 919, Santa Mônica, Uberlândia - MG, Brasil",
        "qtld": "48A",
        "imovel": "Com."
      }
    },
    {
      "type": "Feature",
      "geometry": {
        "type": "Point",
        "coordinates": [
          -48.2370952,
          -18.9156767
        ]
      },
      "properties": {
        "codigo": "EL038",
        "endereco": "Avenida Salomão Abraão, 1831, Santa Mônica, Uberlândia - MG, Brasil",
        "qtld": "127D",
        "imovel": "Res."
      }
    },
    {
      "type": "Feature",
      "geometry": {
        "type": "Point",
        "coordinates": [
          -48.2513839,
          -18.895228
        ]
      },
      "properties": {
        "codigo": "EL039",
        "endereco": "Rua João Guimarães Naves, 1366, Tibery, Uberlândia - MG, Brasil",
        "qtld": "42B",
        "imovel": "Res."
      }
    },
    {
      "type": "Feature",
      "geometry": {
        "type": "Point",
        "coordinates": [
          -48.2526036,
          -18.9115879
        ]
      },
      "properties": {
        "codigo": "EL041",
        "endereco": "Av Salomão Abraão, 111, Santa Mônica, Uberlândia - MG, Brasil",
        "qtld": "20A",
        "imovel": "Com."
      }
    },
    {
      "type": "Feature",
      "geometry": {
        "type": "Point",
        "coordinates": [
          -48.2445594,
          -18.9232631
        ]
      },
      "properties": {
        "codigo": "EL042",
        "endereco": "Av doutor Laerte Vieira Gonçalves, 1049, Santa Mônica, Uberlândia - MG, Brasil",
        "qtld": "263B",
        "imovel": "Res."
      }
    },
    {
      "type": "Feature",
      "geometry": {
        "type": "Point",
        "coordinates": [
          -48.237734,
          -18.9174041
        ]
      },
      "properties": {
        "codigo": "EL045",
        "endereco": "Avenida Ortizio Borges, 2227, Santa Mônica, Uberlândia - MG, Brasil",
        "qtld": "126C",
        "imovel": "Com."
      }
    },
    {
      "type": "Feature",
      "geometry": {
        "type": "Point",
        "coordinates": [
          -48.2389933,
          -18.9173154
        ]
      },
      "properties": {
        "codigo": "EL046",
        "endereco": "Av Ortizio Borges, 2078, Santa Mônica, Uberlândia - MG, Brasil",
        "qtld": "117B",
        "imovel": "Res."
      }
    },
    {
      "type": "Feature",
      "geometry": {
        "type": "Point",
        "coordinates": [
          -48.2404018,
          -18.9166659
        ]
      },
      "properties": {
        "codigo": "EL047",
        "endereco": "Av Ortizio Borges, 1791, Santa Mônica, Uberlândia - MG, Brasil",
        "qtld": "107C",
        "imovel": "Res."
      }
    },
    {
      "type": "Feature",
      "geometry": {
        "type": "Point",
        "coordinates": [
          -48.2418955,
          -18.9165984
        ]
      },
      "properties": {
        "codigo": "EL049",
        "endereco": "Av. Ortízio Borges, 1562, Santa Mônica, Uberlândia - MG, Brasil",
        "qtld": "98B",
        "imovel": "Res."
      }
    },
    {
      "type": "Feature",
      "geometry": {
        "type": "Point",
        "coordinates": [
          -48.2428128,
          -18.916123
        ]
      },
      "properties": {
        "codigo": "EL050",
        "endereco": "Av Ortizio Borges, 1471, Santa Mônica, Uberlândia - MG, Brasil",
        "qtld": "90C",
        "imovel": "Com."
      }
    },
    {
      "type": "Feature",
      "geometry": {
        "type": "Point",
        "coordinates": [
          -48.2542246,
          -18.9191713
        ]
      },
      "properties": {
        "codigo": "EL054",
        "endereco": "Av Ana Godoy de Souza, 30, Santa Mônica, Uberlândia - MG, Brasil",
        "qtld": "354D",
        "imovel": "Com."
      }
    },
    {
      "type": "Feature",
      "geometry": {
        "type": "Point",
        "coordinates": [
          -48.251471,
          -18.9198747
        ]
      },
      "properties": {
        "codigo": "EL056",
        "endereco": "Av. Ana Godoy De Sousa, 382, Santa Mônica, Uberlândia - MG, Brasil",
        "qtld": "334A",
        "imovel": "Com."
      }
    },
    {
      "type": "Feature",
      "geometry": {
        "type": "Point",
        "coordinates": [
          -48.2498535,
          -18.9198772
        ]
      },
      "properties": {
        "codigo": "EL057",
        "endereco": "Av Ana Godoy de Souza, 571, Santa Mônica, Uberlândia - MG, Brasil",
        "qtld": "320D",
        "imovel": "Res."
      }
    },
    {
      "type": "Feature",
      "geometry": {
        "type": "Point",
        "coordinates": [
          -48.2391152,
          -18.9249843
        ]
      },
      "properties": {
        "codigo": "EL059",
        "endereco": "Av. Dr. Laerte Vieira Gonçalves, 1624, Santa Mônica, Uberlândia - MG, Brasil",
        "qtld": "224C",
        "imovel": "Com."
      }
    },
    {
      "type": "Feature",
      "geometry": {
        "type": "Point",
        "coordinates": [
          -48.2419034,
          -18.9241413
        ]
      },
      "properties": {
        "codigo": "EL060",
        "endereco": "Av. Dr. Laerte Vieira Gonçalves, 1304, Santa Mônica, Uberlândia - MG, Brasil",
        "qtld": "245C",
        "imovel": "Com."
      }
    },
    {
      "type": "Feature",
      "geometry": {
        "type": "Point",
        "coordinates": [
          -48.2540885,
          -18.9198654
        ]
      },
      "properties": {
        "codigo": "EL061",
        "endereco": "Av Lázara Alves Ferreira, 89, Santa Mônica, Uberlândia - MG, Brasil",
        "qtld": "354B",
        "imovel": "Out."
      }
    },
    {
      "type": "Feature",
      "geometry": {
        "type": "Point",
        "coordinates": [
          -48.2551568,
          -18.9131731
        ]
      },
      "properties": {
        "codigo": "EL062",
        "endereco": "Av. Ortizio Borges, 142, Santa Mônica, Uberlândia - MG, Brasil",
        "qtld": "10B",
        "imovel": "Com."
      }
    },
    {
      "type": "Feature",
      "geometry": {
        "type": "Point",
        "coordinates": [
          -48.2526092,
          -18.9214112
        ]
      },
      "properties": {
        "codigo": "EL063",
        "endereco": "Avenida Av. Dr. Laerte Vieira Gonçalves, 124, Santa Mônica, Uberlândia - MG, Brasil",
        "qtld": "339B",
        "imovel": "Res."
      }
    },
    {
      "type": "Feature",
      "geometry": {
        "type": "Point",
        "coordinates": [
          -48.2360957,
          -18.9200794
        ]
      },
      "properties": {
        "codigo": "EL066",
        "endereco": "Av. Belarmino Cota Pacheco, 2462, Santa Mônica, Uberlândia - MG, Brasil",
        "qtld": "141D",
        "imovel": "Out."
      }
    },
    {
      "type": "Feature",
      "geometry": {
        "type": "Point",
        "coordinates": [
          -48.2517458,
          -18.9219753
        ]
      },
      "properties": {
        "codigo": "EL068",
        "endereco": "Av. Dr. Laerte Vieira Gonçalves, 190, Santa Mônica, Uberlândia - MG, Brasil",
        "qtld": "333C",
        "imovel": "Res."
      }
    },
    {
      "type": "Feature",
      "geometry": {
        "type": "Point",
        "coordinates": [
          -48.2331719,
          -18.9207797
        ]
      },
      "properties": {
        "codigo": "EL069",
        "endereco": "Av. Belarmino Cota Pacheco, 2778, Santa Mônica, Uberlândia - MG, Brasil",
        "qtld": "161D",
        "imovel": "Res."
      }
    },
    {
      "type": "Feature",
      "geometry": {
        "type": "Point",
        "coordinates": [
          -48.2373138,
          -18.9194392
        ]
      },
      "properties": {
        "codigo": "EL070",
        "endereco": "Avenida Belarmino Cotta Pacheco, 2323, Santa Mônica, Uberlândia - MG, Brasil",
        "qtld": "131A",
        "imovel": "Com."
      }
    },
    {
      "type": "Feature",
      "geometry": {
        "type": "Point",
        "coordinates": [
          -48.2459089,
          -18.9136596
        ]
      },
      "properties": {
        "codigo": "EL072",
        "endereco": "Av Salomão Abraão, 916, Santa Mônica, Uberlândia - MG, Brasil",
        "qtld": "67D",
        "imovel": "Res."
      }
    },
    {
      "type": "Feature",
      "geometry": {
        "type": "Point",
        "coordinates": [
          -48.2400158,
          -18.9186033
        ]
      },
      "properties": {
        "codigo": "EL073",
        "endereco": "Av. Belarmino Cotta Pacheco, 1991, Santa Mônica, Uberlândia - MG, Brasil",
        "qtld": "112A",
        "imovel": "Com."
      }
    },
    {
      "type": "Feature",
      "geometry": {
        "type": "Point",
        "coordinates": [
          -48.2445018,
          -18.9178404
        ]
      },
      "properties": {
        "codigo": "EL074",
        "endereco": "Av Belarmino Cotta Pacheco, 1550, Santa Mônica, Uberlândia - MG, Brasil",
        "qtld": "87D",
        "imovel": "Res."
      }
    },
    {
      "type": "Feature",
      "geometry": {
        "type": "Point",
        "coordinates": [
          -48.2538358,
          -18.9116386
        ]
      },
      "properties": {
        "codigo": "EL075",
        "endereco": "Av Salomão Abraão, 60, Santa Mônica, Uberlândia - MG, Brasil",
        "qtld": "12E",
        "imovel": "Com."
      }
    },
    {
      "type": "Feature",
      "geometry": {
        "type": "Point",
        "coordinates": [
          -48.2469909,
          -18.9224992
        ]
      },
      "properties": {
        "codigo": "EL077",
        "endereco": "Avenida Dr Laerte Vieira Gonçalves, 753, Santa Mônica, Uberlândia - MG, Brasil",
        "qtld": "284B",
        "imovel": "Com."
      }
    },
    {
      "type": "Feature",
      "geometry": {
        "type": "Point",
        "coordinates": [
          -48.2525864,
          -18.9156489
        ]
      },
      "properties": {
        "codigo": "EL079",
        "endereco": "Av Belarmino Cotta Pacheco, 646, Santa Mônica, Uberlândia - MG, Brasil",
        "qtld": "31D",
        "imovel": "Com."
      }
    },
    {
      "type": "Feature",
      "geometry": {
        "type": "Point",
        "coordinates": [
          -48.250948,
          -18.8964907
        ]
      },
      "properties": {
        "codigo": "EL081",
        "endereco": "Rua Guatemala, 724, Tibery, Uberlândia - MG, Brasil",
        "qtld": "43A",
        "imovel": "Res."
      }
    },
    {
      "type": "Feature",
      "geometry": {
        "type": "Point",
        "coordinates": [
          -48.244011,
          -18.9142931
        ]
      },
      "properties": {
        "codigo": "EL082",
        "endereco": "Av Salomão Abraão, 1128, Santa Mônica, Uberlândia - MG, Brasil",
        "qtld": "81A",
        "imovel": "Res."
      }
    },
    {
      "type": "Feature",
      "geometry": {
        "type": "Point",
        "coordinates": [
          -48.2504917,
          -18.8956099
        ]
      },
      "properties": {
        "codigo": "EL083",
        "endereco": "Av Espanha, 277, Tibery, Uberlândia - MG, Brasil",
        "qtld": "41B",
        "imovel": "Out."
      }
    },
    {
      "type": "Feature",
      "geometry": {
        "type": "Point",
        "coordinates": [
          -48.2475087,
          -18.914898
        ]
      },
      "properties": {
        "codigo": "EL086",
        "endereco": "Av Ortizio Borges, 1061, Santa Mônica, Uberlândia - MG, Brasil",
        "qtld": "58B",
        "imovel": "Res."
      }
    },
    {
      "type": "Feature",
      "geometry": {
        "type": "Point",
        "coordinates": [
          -48.24615,
          -18.9189674
        ]
      },
      "properties": {
        "codigo": "EL088",
        "endereco": "Avenida Segismundo Pereira, 1375, Santa Mônica, Uberlândia - MG, Brasil",
        "qtld": "77B",
        "imovel": "Com."
      }
    },
    {
      "type": "Feature",
      "geometry": {
        "type": "Point",
        "coordinates": [
          -48.2473845,
          -18.9130536
        ]
      },
      "properties": {
        "codigo": "EL090",
        "endereco": "Av Salomão Abraão, 695, Santa Mônica, Uberlândia - MG, Brasil",
        "qtld": "57A",
        "imovel": "Res."
      }
    },
    {
      "type": "Feature",
      "geometry": {
        "type": "Point",
        "coordinates": [
          -48.2447795,
          -18.9118712
        ]
      },
      "properties": {
        "codigo": "EL091",
        "endereco": "Av Ubiratan Honório de Castro, 300, Santa Mônica, Uberlândia - MG, Brasil",
        "qtld": "73B",
        "imovel": "Res."
      }
    },
    {
      "type": "Feature",
      "geometry": {
        "type": "Point",
        "coordinates": [
          -48.2116608,
          -18.9042566
        ]
      },
      "properties": {
        "codigo": "EL093",
        "endereco": "Av Anselmo Alves dos Santos, 11640, Santa Mônica, Uberlândia - MG, Brasil",
        "qtld": "92A",
        "imovel": "Com."
      }
    },
    {
      "type": "Feature",
      "geometry": {
        "type": "Point",
        "coordinates": [
          -48.2337064,
          -18.9157543
        ]
      },
      "properties": {
        "codigo": "EL099",
        "endereco": "Rua Licidio Paes, 69, Santa Mônica, Uberlândia - MG, Brasil",
        "qtld": "147B",
        "imovel": "Res."
      }
    },
    {
      "type": "Feature",
      "geometry": {
        "type": "Point",
        "coordinates": [
          -48.2359466,
          -18.9313653
        ]
      },
      "properties": {
        "codigo": "EL102",
        "endereco": "Avenida Dr. Jaime Ribeiro da Luz, 1324, Santa Mônica, Uberlândia - MG, Brasil",
        "qtld": "179D",
        "imovel": "Res."
      }
    },
    {
      "type": "Feature",
      "geometry": {
        "type": "Point",
        "coordinates": [
          -48.2386128,
          -18.9308367
        ]
      },
      "properties": {
        "codigo": "EL104",
        "endereco": "Avenida João Naves de Ávila, 5555, Santa Mônica, Uberlândia - MG, Brasil",
        "qtld": "207B",
        "imovel": "Com."
      }
    },
    {
      "type": "Feature",
      "geometry": {
        "type": "Point",
        "coordinates": [
          -48.234583,
          -18.9298745
        ]
      },
      "properties": {
        "codigo": "EL105",
        "endereco": "Avenida Francisco Ribeiro, 1658, Santa Mônica, Uberlândia - MG, Brasil",
        "qtld": "177B",
        "imovel": "Res."
      }
    },
    {
      "type": "Feature",
      "geometry": {
        "type": "Point",
        "coordinates": [
          -48.2489144,
          -18.920526
        ]
      },
      "properties": {
        "codigo": "EL107",
        "endereco": "Av Ana Godoy de Souza, 634, Santa Mônica, Uberlândia - MG, Brasil",
        "qtld": "305A",
        "imovel": "Res."
      }
    },
    {
      "type": "Feature",
      "geometry": {
        "type": "Point",
        "coordinates": [
          -48.2472773,
          -18.9205607
        ]
      },
      "properties": {
        "codigo": "EL108",
        "endereco": "Avenida Ana Godoy de Souza, 829, Santa Mônica, Uberlândia - MG, Brasil",
        "qtld": "293D",
        "imovel": "Res."
      }
    },
    {
      "type": "Feature",
      "geometry": {
        "type": "Point",
        "coordinates": [
          -48.24576,
          -18.9213423
        ]
      },
      "properties": {
        "codigo": "EL109",
        "endereco": "Avenida Ana Godoy de Souza, 994, Santa Mônica, Uberlândia - MG, Brasil",
        "qtld": "281A",
        "imovel": "Com."
      }
    },
    {
      "type": "Feature",
      "geometry": {
        "type": "Point",
        "coordinates": [
          -48.2375063,
          -18.9291071
        ]
      },
      "properties": {
        "codigo": "EL110",
        "endereco": "Avenida Francisco Ribeiro, 1356, Santa Mônica, Uberlândia - MG, Brasil",
        "qtld": "205B",
        "imovel": "Com."
      }
    },
    {
      "type": "Feature",
      "geometry": {
        "type": "Point",
        "coordinates": [
          -48.2412648,
          -18.9284645
        ]
      },
      "properties": {
        "codigo": "EL113",
        "endereco": "Rua Antônio Marciano de Ávila, 1560, Santa Mônica, Uberlândia - MG, Brasil",
        "qtld": "236C",
        "imovel": "Res."
      }
    },
    {
      "type": "Feature",
      "geometry": {
        "type": "Point",
        "coordinates": [
          -48.2426756,
          -18.9274441
        ]
      },
      "properties": {
        "codigo": "EL114",
        "endereco": "Av. Francisco Ribeiro, 803, Santa Mônica, Uberlândia - MG, Brasil",
        "qtld": "246B",
        "imovel": "Res."
      }
    },
    {
      "type": "Feature",
      "geometry": {
        "type": "Point",
        "coordinates": [
          -48.2339071,
          -18.9244517
        ]
      },
      "properties": {
        "codigo": "EL115",
        "endereco": "Av. Ana Godoy De Sousa, 2184, Santa Mônica, Uberlândia - MG, Brasil",
        "qtld": "183A",
        "imovel": "Res."
      }
    },
    {
      "type": "Feature",
      "geometry": {
        "type": "Point",
        "coordinates": [
          -48.2392293,
          -18.9227206
        ]
      },
      "properties": {
        "codigo": "EL117",
        "endereco": "Av Ana Godoy de Souza, 1709, Santa Mônica, Uberlândia - MG, Brasil",
        "qtld": "231D",
        "imovel": "Com."
      }
    },
    {
      "type": "Feature",
      "geometry": {
        "type": "Point",
        "coordinates": [
          -48.2377835,
          -18.9229737
        ]
      },
      "properties": {
        "codigo": "EL118",
        "endereco": "Av Ana Godoy de Souza, 1855, Santa Mônica, Uberlândia - MG, Brasil",
        "qtld": "221D",
        "imovel": "Com."
      }
    },
    {
      "type": "Feature",
      "geometry": {
        "type": "Point",
        "coordinates": [
          -48.2350961,
          -18.9240383
        ]
      },
      "properties": {
        "codigo": "EL119",
        "endereco": "Av. Ana Godoy De Sousa, 2130, Santa Mônica, Uberlândia - MG, Brasil",
        "qtld": "199A",
        "imovel": "Com."
      }
    },
    {
      "type": "Feature",
      "geometry": {
        "type": "Point",
        "coordinates": [
          -48.2365928,
          -18.9237754
        ]
      },
      "properties": {
        "codigo": "EL120",
        "endereco": "Av. Ana Godoy De Sousa, 1968, Santa Mônica, Uberlândia - MG, Brasil",
        "qtld": "211A",
        "imovel": "Com."
      }
    },
    {
      "type": "Feature",
      "geometry": {
        "type": "Point",
        "coordinates": [
          -48.2430267,
          -18.9221062
        ]
      },
      "properties": {
        "codigo": "EL122",
        "endereco": "Rua José Lélis frança, 988, Santa Mônica, Uberlândia - MG, Brasil",
        "qtld": "260B",
        "imovel": "Res."
      }
    },
    {
      "type": "Feature",
      "geometry": {
        "type": "Point",
        "coordinates": [
          -48.2444885,
          -18.9212921
        ]
      },
      "properties": {
        "codigo": "EL123",
        "endereco": "Av Ana Godoy de Souza, 1115, Santa Mônica, Uberlândia - MG, Brasil",
        "qtld": "271D",
        "imovel": "Res."
      }
    },
    {
      "type": "Feature",
      "geometry": {
        "type": "Point",
        "coordinates": [
          -48.2436325,
          -18.9277268
        ]
      },
      "properties": {
        "codigo": "EL124",
        "endereco": "Rua Antônio Rezende Chaves, 1581, Santa Mônica, Uberlândia - MG, Brasil",
        "qtld": "247B",
        "imovel": "Res."
      }
    },
    {
      "type": "Feature",
      "geometry": {
        "type": "Point",
        "coordinates": [
          -48.2488009,
          -18.9182487
        ]
      },
      "properties": {
        "codigo": "EL125",
        "endereco": "Avenida Segismundo Pereira, 1041, Santa Mônica, Uberlândia - MG, Brasil",
        "qtld": "60B",
        "imovel": "Com."
      }
    },
    {
      "type": "Feature",
      "geometry": {
        "type": "Point",
        "coordinates": [
          -48.2493342,
          -18.9261026
        ]
      },
      "properties": {
        "codigo": "EL132",
        "endereco": "R. José Miguel Saramago, 1590, Santa Mônica, Uberlândia - MG, Brasil",
        "qtld": "298D",
        "imovel": "Out."
      }
    },
    {
      "type": "Feature",
      "geometry": {
        "type": "Point",
        "coordinates": [
          -48.2479922,
          -18.9260136
        ]
      },
      "properties": {
        "codigo": "EL133",
        "endereco": "Av. Francisco Ribeiro, 225, Santa Mônica, Uberlândia - MG, Brasil",
        "qtld": "286B",
        "imovel": "Res."
      }
    },
    {
      "type": "Feature",
      "geometry": {
        "type": "Point",
        "coordinates": [
          -48.2470223,
          -18.9267848
        ]
      },
      "properties": {
        "codigo": "EL134",
        "endereco": "Rua Antonio Salviano de Rezende, 1623, Santa Mônica, Uberlândia - MG, Brasil",
        "qtld": "277A",
        "imovel": "Res."
      }
    },
    {
      "type": "Feature",
      "geometry": {
        "type": "Point",
        "coordinates": [
          -48.2451169,
          -18.9268052
        ]
      },
      "properties": {
        "codigo": "EL135",
        "endereco": "Avenida Francisco Ribeiro, 535, Santa Mônica, Uberlândia - MG, Brasil",
        "qtld": "265B",
        "imovel": "Com."
      }
    },
    {
      "type": "Feature",
      "geometry": {
        "type": "Point",
        "coordinates": [
          -48.2251923,
          -18.9307728
        ]
      },
      "properties": {
        "codigo": "EL136",
        "endereco": "Rua Cláudio Bernardes, 632, Segismundo Pereira, Uberlândia - MG, Brasil",
        "qtld": "133D",
        "imovel": "Res."
      }
    },
    {
      "type": "Feature",
      "geometry": {
        "type": "Point",
        "coordinates": [
          -48.2249903,
          -18.9313767
        ]
      },
      "properties": {
        "codigo": "EL137",
        "endereco": "Rua Cláudio Bernardes, 717, Segismundo Pereira, Uberlândia - MG, Brasil",
        "qtld": "134A",
        "imovel": "Res."
      }
    },
    {
      "type": "Feature",
      "geometry": {
        "type": "Point",
        "coordinates": [
          -48.2255857,
          -18.9323461
        ]
      },
      "properties": {
        "codigo": "EL138",
        "endereco": "Rua Cláudio Bernardes, 824, Segismundo Pereira, Uberlândia - MG, Brasil",
        "qtld": "149A",
        "imovel": "Res."
      }
    },
    {
      "type": "Feature",
      "geometry": {
        "type": "Point",
        "coordinates": [
          -48.2256399,
          -18.9332416
        ]
      },
      "properties": {
        "codigo": "EL139",
        "endereco": "Rua Cláudio Bernardes, 913, Segismundo Pereira, Uberlândia - MG, Brasil",
        "qtld": "148D",
        "imovel": "Res."
      }
    },
    {
      "type": "Feature",
      "geometry": {
        "type": "Point",
        "coordinates": [
          -48.2260821,
          -18.9340626
        ]
      },
      "properties": {
        "codigo": "EL140",
        "endereco": "Rua Claudio Bernardes, 1016, Segismundo Pereira, Uberlândia - MG, Brasil",
        "qtld": "177D",
        "imovel": "Res."
      }
    },
    {
      "type": "Feature",
      "geometry": {
        "type": "Point",
        "coordinates": [
          -48.2261856,
          -18.9350962
        ]
      },
      "properties": {
        "codigo": "EL141",
        "endereco": "Rua Claudio Bernardes, 1125, Segismundo Pereira, Uberlândia - MG, Brasil",
        "qtld": "178A",
        "imovel": "Res."
      }
    },
    {
      "type": "Feature",
      "geometry": {
        "type": "Point",
        "coordinates": [
          -48.2243684,
          -18.9316935
        ]
      },
      "properties": {
        "codigo": "EL143",
        "endereco": "Rua Clarimundo Marques Pires, 733, Segismundo Pereira, Uberlândia - MG, Brasil",
        "qtld": "135B",
        "imovel": "Res."
      }
    },
    {
      "type": "Feature",
      "geometry": {
        "type": "Point",
        "coordinates": [
          -48.2249205,
          -18.9325441
        ]
      },
      "properties": {
        "codigo": "EL144",
        "endereco": "Rua Clarismundo Marque Pires, 820, Segismundo Pereira, Uberlândia - MG, Brasil",
        "qtld": "148B",
        "imovel": "Res."
      }
    },
    {
      "type": "Feature",
      "geometry": {
        "type": "Point",
        "coordinates": [
          -48.2254933,
          -18.9343517
        ]
      },
      "properties": {
        "codigo": "EL145",
        "endereco": "Rua Clarimundo Marques Pires, 1046, Segismundo Pereira, Uberlândia - MG, Brasil",
        "qtld": "178C",
        "imovel": "Res."
      }
    },
    {
      "type": "Feature",
      "geometry": {
        "type": "Point",
        "coordinates": [
          -48.2255184,
          -18.9354565
        ]
      },
      "properties": {
        "codigo": "EL146",
        "endereco": "Rua Clarimundo Marques Pires, 1167, Segismundo Pereira, Uberlândia - MG, Brasil",
        "qtld": "179B",
        "imovel": "Res."
      }
    },
    {
      "type": "Feature",
      "geometry": {
        "type": "Point",
        "coordinates": [
          -48.241504,
          -18.9250334
        ]
      },
      "properties": {
        "codigo": "EL148",
        "endereco": "Rua Edson Gonçalves, 568, Santa Mônica, Uberlândia - MG, Brasil",
        "qtld": "181C",
        "imovel": "Res."
      }
    },
    {
      "type": "Feature",
      "geometry": {
        "type": "Point",
        "coordinates": [
          -48.223509,
          -18.935927
        ]
      },
      "properties": {
        "codigo": "EL149",
        "endereco": "Rua Edson Gonçalves, 667, Segismundo Pereira, Uberlândia - MG, Brasil",
        "qtld": "182B",
        "imovel": "Res."
      }
    },
    {
      "type": "Feature",
      "geometry": {
        "type": "Point",
        "coordinates": [
          -48.2228202,
          -18.9336076
        ]
      },
      "properties": {
        "codigo": "EL150",
        "endereco": "Rua Edson Gonçalves, 411, Segismundo Pereira, Uberlândia - MG, Brasil",
        "qtld": "144D",
        "imovel": "Res."
      }
    },
    {
      "type": "Feature",
      "geometry": {
        "type": "Point",
        "coordinates": [
          -48.2232526,
          -18.9345267
        ]
      },
      "properties": {
        "codigo": "EL151",
        "endereco": "Rua Edson Gonçalves, 480, Segismundo Pereira, Uberlândia - MG, Brasil",
        "qtld": "145A",
        "imovel": "Res."
      }
    },
    {
      "type": "Feature",
      "geometry": {
        "type": "Point",
        "coordinates": [
          -48.2227058,
          -18.9356898
        ]
      },
      "properties": {
        "codigo": "EL152",
        "endereco": "Rua Gerson Braga, 455, Segismundo Pereira, Uberlândia - MG, Brasil",
        "qtld": "183A",
        "imovel": "Res."
      }
    },
    {
      "type": "Feature",
      "geometry": {
        "type": "Point",
        "coordinates": [
          -48.2227277,
          -18.9349776
        ]
      },
      "properties": {
        "codigo": "EL153",
        "endereco": "Rua Gerson Braga, 378, Segismundo Pereira, Uberlândia - MG, Brasil",
        "qtld": "182D",
        "imovel": "Res."
      }
    },
    {
      "type": "Feature",
      "geometry": {
        "type": "Point",
        "coordinates": [
          -48.2226972,
          -18.9322753
        ]
      },
      "properties": {
        "codigo": "EL154",
        "endereco": "Rua Edson Gonçalves, 264, Segismundo Pereira, Uberlândia - MG, Brasil",
        "qtld": "137D",
        "imovel": "Res."
      }
    },
    {
      "type": "Feature",
      "geometry": {
        "type": "Point",
        "coordinates": [
          -48.222182,
          -18.9317552
        ]
      },
      "properties": {
        "codigo": "EL155",
        "endereco": "Rua Edson Gonçalves, 193, Segismundo Pereira, Uberlândia - MG, Brasil",
        "qtld": "138A",
        "imovel": "Res."
      }
    },
    {
      "type": "Feature",
      "geometry": {
        "type": "Point",
        "coordinates": [
          -48.2225334,
          -18.9341871
        ]
      },
      "properties": {
        "codigo": "EL156",
        "endereco": "Rua Gerson Braga, 286, Segismundo Pereira, Uberlândia - MG, Brasil",
        "qtld": "144B",
        "imovel": "Res."
      }
    },
    {
      "type": "Feature",
      "geometry": {
        "type": "Point",
        "coordinates": [
          -48.2219992,
          -18.9334816
        ]
      },
      "properties": {
        "codigo": "EL157",
        "endereco": "Rua Gerson Braga, 185, Segismundo Pereira, Uberlândia - MG, Brasil",
        "qtld": "143C",
        "imovel": "Res."
      }
    },
    {
      "type": "Feature",
      "geometry": {
        "type": "Point",
        "coordinates": [
          -48.2220755,
          -18.9324149
        ]
      },
      "properties": {
        "codigo": "EL158",
        "endereco": "Rua Gerson Braga, 94, Segismundo Pereira, Uberlândia - MG, Brasil",
        "qtld": "138D",
        "imovel": "Res."
      }
    },
    {
      "type": "Feature",
      "geometry": {
        "type": "Point",
        "coordinates": [
          -48.2217799,
          -18.9326517
        ]
      },
      "properties": {
        "codigo": "EL159",
        "endereco": "Rua Gerson Braga, 115, Segismundo Pereira, Uberlândia - MG, Brasil",
        "qtld": "139B",
        "imovel": "Res."
      }
    },
    {
      "type": "Feature",
      "geometry": {
        "type": "Point",
        "coordinates": [
          -48.2360425,
          -18.9166193
        ]
      },
      "properties": {
        "codigo": "EL160",
        "endereco": "Rua jornalista João de Oliveira, 87, Santa Mônica, Uberlândia - MG, Brasil",
        "qtld": "135D",
        "imovel": "Res."
      }
    },
    {
      "type": "Feature",
      "geometry": {
        "type": "Point",
        "coordinates": [
          -48.236595,
          -18.9170124
        ]
      },
      "properties": {
        "codigo": "EL161",
        "endereco": "Rua jornalista João de Oliveira, 146, Santa Mônica, Uberlândia - MG, Brasil",
        "qtld": "130A",
        "imovel": "Res."
      }
    },
    {
      "type": "Feature",
      "geometry": {
        "type": "Point",
        "coordinates": [
          -48.2367925,
          -18.9183136
        ]
      },
      "properties": {
        "codigo": "EL162",
        "endereco": "Rua Jornalista João de Oliveira, 280, UFU Santa Mônica, Uberlândia - MG, Brasil",
        "qtld": "131D",
        "imovel": "Com."
      }
    },
    {
      "type": "Feature",
      "geometry": {
        "type": "Point",
        "coordinates": [
          -48.2375063,
          -18.9179693
        ]
      },
      "properties": {
        "codigo": "EL164",
        "endereco": "Rua Manoel Serralha, 280, Santa Mônica, Uberlândia - MG, Brasil",
        "qtld": "125C",
        "imovel": "Res."
      }
    },
    {
      "type": "Feature",
      "geometry": {
        "type": "Point",
        "coordinates": [
          -48.2381833,
          -18.9201093
        ]
      },
      "properties": {
        "codigo": "EL165",
        "endereco": "Rua Manoel Serralha, 522, Santa Mônica, Uberlândia - MG, Brasil",
        "qtld": "124B",
        "imovel": "Res."
      }
    },
    {
      "type": "Feature",
      "geometry": {
        "type": "Point",
        "coordinates": [
          -48.2373584,
          -18.9198982
        ]
      },
      "properties": {
        "codigo": "EL166",
        "endereco": "Rua Jornalista João de Oliveira, 480, Santa Mônica, Uberlândia - MG, Brasil",
        "qtld": "132A",
        "imovel": "Res."
      }
    },
    {
      "type": "Feature",
      "geometry": {
        "type": "Point",
        "coordinates": [
          -48.2372342,
          -18.920621
        ]
      },
      "properties": {
        "codigo": "EL167",
        "endereco": "Rua Jornalista João de Oliveira, 547, Santa Mônica, Uberlândia - MG, Brasil",
        "qtld": "133D",
        "imovel": "Res."
      }
    },
    {
      "type": "Feature",
      "geometry": {
        "type": "Point",
        "coordinates": [
          -48.2567501,
          -18.9140625
        ]
      },
      "properties": {
        "codigo": "EL169",
        "endereco": "Rua Izaura Augusta Pereira, 425, Santa Mônica, Uberlândia - MG, Brasil",
        "qtld": "5C",
        "imovel": "Res."
      }
    },
    {
      "type": "Feature",
      "geometry": {
        "type": "Point",
        "coordinates": [
          -48.2571884,
          -18.9155211
        ]
      },
      "properties": {
        "codigo": "EL170",
        "endereco": "Rua Izaura Augusta Pereira, 255, Santa Mônica, Uberlândia - MG, Brasil",
        "qtld": "4B",
        "imovel": "Res."
      }
    },
    {
      "type": "Feature",
      "geometry": {
        "type": "Point",
        "coordinates": [
          -48.256989,
          -18.9148685
        ]
      },
      "properties": {
        "codigo": "EL176",
        "endereco": "Rua Izaura Augusta Pereira, 325, Santa Mônica, Uberlândia - MG, Brasil",
        "qtld": "4B",
        "imovel": "Res."
      }
    },
    {
      "type": "Feature",
      "geometry": {
        "type": "Point",
        "coordinates": [
          -48.2549193,
          -18.9126752
        ]
      },
      "properties": {
        "codigo": "EL179",
        "endereco": "Rua Cecílio Jorge, 543, Santa Mônica, Uberlândia - MG, Brasil",
        "qtld": "11A",
        "imovel": "Res."
      }
    },
    {
      "type": "Feature",
      "geometry": {
        "type": "Point",
        "coordinates": [
          -48.2552352,
          -18.9133591
        ]
      },
      "properties": {
        "codigo": "EL180",
        "endereco": "Rua Cecílio Jorge, 423, Santa Mônica, Uberlândia - MG, Brasil",
        "qtld": "10C",
        "imovel": "Com."
      }
    },
    {
      "type": "Feature",
      "geometry": {
        "type": "Point",
        "coordinates": [
          -48.2563646,
          -18.9135141
        ]
      },
      "properties": {
        "codigo": "EL181",
        "endereco": "Rua Izaura Augusta Pereira, 498, Santa Mônica, Uberlândia - MG, Brasil",
        "qtld": "7B",
        "imovel": "Res."
      }
    },
    {
      "type": "Feature",
      "geometry": {
        "type": "Point",
        "coordinates": [
          -48.2578338,
          -18.9129842
        ]
      },
      "properties": {
        "codigo": "EL182",
        "endereco": "Avenida João Naves de Ávila, 1617, Santa Mônica, Uberlândia - MG, Brasil",
        "qtld": "2B",
        "imovel": "Out."
      }
    },
    {
      "type": "Feature",
      "geometry": {
        "type": "Point",
        "coordinates": [
          -48.2470849,
          -18.9209031
        ]
      },
      "properties": {
        "codigo": "EL183",
        "endereco": "Av Ubiratan Honório de Souza, 842, Santa Mônica, Uberlândia - MG, Brasil",
        "qtld": "2A",
        "imovel": "Out."
      }
    },
    {
      "type": "Feature",
      "geometry": {
        "type": "Point",
        "coordinates": [
          -48.2313434,
          -18.9216744
        ]
      },
      "properties": {
        "codigo": "EL195",
        "endereco": "Rua Arlindo Gomes Rodrigues, 826, Segismundo Pereira, Uberlândia - MG, Brasil",
        "qtld": "50D",
        "imovel": "Res."
      }
    },
    {
      "type": "Feature",
      "geometry": {
        "type": "Point",
        "coordinates": [
          -48.2311239,
          -18.9224049
        ]
      },
      "properties": {
        "codigo": "EL196",
        "endereco": "Rua Arlindo Gomes Rodrigues, 895, Segismundo Pereira, Uberlândia - MG, Brasil",
        "qtld": "51A",
        "imovel": "Res."
      }
    },
    {
      "type": "Feature",
      "geometry": {
        "type": "Point",
        "coordinates": [
          -48.2325673,
          -18.9260862
        ]
      },
      "properties": {
        "codigo": "EL198",
        "endereco": "R Arlindo Gomes Rodrigues, 1318, Segismundo Pereira, Uberlândia - MG, Brasil",
        "qtld": "81D",
        "imovel": "Res."
      }
    },
    {
      "type": "Feature",
      "geometry": {
        "type": "Point",
        "coordinates": [
          -48.2306264,
          -18.9216799
        ]
      },
      "properties": {
        "codigo": "EL199",
        "endereco": "Rua Joao Limírio dos Anjos, 922, Segismundo Pereira, Uberlândia - MG, Brasil",
        "qtld": "51C",
        "imovel": "Res."
      }
    },
    {
      "type": "Feature",
      "geometry": {
        "type": "Point",
        "coordinates": [
          -48.2304689,
          -18.9225906
        ]
      },
      "properties": {
        "codigo": "EL200",
        "endereco": "Rua João Limírio dos Anjos, 1013, Segismundo Pereira, Uberlândia - MG, Brasil",
        "qtld": "52B",
        "imovel": "Res."
      }
    },
    {
      "type": "Feature",
      "geometry": {
        "type": "Point",
        "coordinates": [
          -48.2312674,
          -18.9252025
        ]
      },
      "properties": {
        "codigo": "EL201",
        "endereco": "R João limirio dos Anjos, 1325, Segismundo Pereira, Uberlândia - MG, Brasil",
        "qtld": "83B",
        "imovel": "Com."
      }
    },
    {
      "type": "Feature",
      "geometry": {
        "type": "Point",
        "coordinates": [
          -48.2319765,
          -18.9262626
        ]
      },
      "properties": {
        "codigo": "EL202",
        "endereco": "R João limirio dos Anjos, 1446, Segismundo Pereira, Uberlândia - MG, Brasil",
        "qtld": "82C",
        "imovel": "Res."
      }
    },
    {
      "type": "Feature",
      "geometry": {
        "type": "Point",
        "coordinates": [
          -48.2310362,
          -18.923459
        ]
      },
      "properties": {
        "codigo": "EL203",
        "endereco": "R João limirio dos Anjos, 1034, Segismundo Pereira, Uberlândia - MG, Brasil",
        "qtld": "79B",
        "imovel": "Res."
      }
    },
    {
      "type": "Feature",
      "geometry": {
        "type": "Point",
        "coordinates": [
          -48.2310553,
          -18.9244808
        ]
      },
      "properties": {
        "codigo": "EL204",
        "endereco": "R João limirio dos Anjos, 1235, Segismundo Pereira, Uberlândia - MG, Brasil",
        "qtld": "78C",
        "imovel": "Com."
      }
    },
    {
      "type": "Feature",
      "geometry": {
        "type": "Point",
        "coordinates": [
          -48.225747,
          -18.9228174
        ]
      },
      "properties": {
        "codigo": "EL205",
        "endereco": "Rua Franscisco José Custódio, 470, Segismundo Pereira, Uberlândia - MG, Brasil",
        "qtld": "58D",
        "imovel": "Res."
      }
    },
    {
      "type": "Feature",
      "geometry": {
        "type": "Point",
        "coordinates": [
          -48.2257945,
          -18.9236379
        ]
      },
      "properties": {
        "codigo": "EL206",
        "endereco": "Rua Francisco José Custódio, 561, Segismundo Pereira, Uberlândia - MG, Brasil",
        "qtld": "59A",
        "imovel": "Res."
      }
    },
    {
      "type": "Feature",
      "geometry": {
        "type": "Point",
        "coordinates": [
          -48.225674,
          -18.9249544
        ]
      },
      "properties": {
        "codigo": "EL207",
        "endereco": "Ophir Lopes de Cândido, 29, Segismundo Pereira, Uberlândia - MG, Brasil",
        "qtld": "70C",
        "imovel": "Res."
      }
    },
    {
      "type": "Feature",
      "geometry": {
        "type": "Point",
        "coordinates": [
          -48.2253781,
          -18.926056
        ]
      },
      "properties": {
        "codigo": "EL211",
        "endereco": "R Joaquim Silva Carvalho, 137, Segismundo Pereira, Uberlândia - MG, Brasil",
        "qtld": "69D",
        "imovel": "Res."
      }
    },
    {
      "type": "Feature",
      "geometry": {
        "type": "Point",
        "coordinates": [
          -48.2252262,
          -18.9274003
        ]
      },
      "properties": {
        "codigo": "EL212",
        "endereco": "R Elias Francisco do Nascimento, 269, Segismundo Pereira, Uberlândia - MG, Brasil",
        "qtld": "93B",
        "imovel": "Res."
      }
    },
    {
      "type": "Feature",
      "geometry": {
        "type": "Point",
        "coordinates": [
          -48.2250481,
          -18.9228959
        ]
      },
      "properties": {
        "codigo": "EL213",
        "endereco": "Av Belarmino Cota Pacheco, 3670, Segismundo Pereira, Uberlândia - MG, Brasil",
        "qtld": "59B",
        "imovel": "Com."
      }
    },
    {
      "type": "Feature",
      "geometry": {
        "type": "Point",
        "coordinates": [
          -48.2258317,
          -18.9267652
        ]
      },
      "properties": {
        "codigo": "EL215",
        "endereco": "R Joaquim Silva Carvalho, 220, Segismundo Pereira, Uberlândia - MG, Brasil",
        "qtld": "92D",
        "imovel": "Res."
      }
    },
    {
      "type": "Feature",
      "geometry": {
        "type": "Point",
        "coordinates": [
          -48.2490115,
          -18.9136476
        ]
      },
      "properties": {
        "codigo": "EL221",
        "endereco": "Rua Hidelbrando Oliva, 385, Santa Mônica, Uberlândia - MG, Brasil",
        "qtld": "47C",
        "imovel": "Res."
      }
    },
    {
      "type": "Feature",
      "geometry": {
        "type": "Point",
        "coordinates": [
          -48.2436477,
          -18.9249746
        ]
      },
      "properties": {
        "codigo": "EL228",
        "endereco": "Rua José Lélis França, 301, Santa Mônica, Uberlândia - MG, Brasil",
        "qtld": "102C",
        "imovel": "Res."
      }
    },
    {
      "type": "Feature",
      "geometry": {
        "type": "Point",
        "coordinates": [
          -48.2508488,
          -18.8957226
        ]
      },
      "properties": {
        "codigo": "EL229",
        "endereco": "Av Espanha, 250, Tibery, Uberlândia - MG, Brasil",
        "qtld": "42C",
        "imovel": "Com."
      }
    },
    {
      "type": "Feature",
      "geometry": {
        "type": "Point",
        "coordinates": [
          -48.2413364,
          -18.9170937
        ]
      },
      "properties": {
        "codigo": "EL230",
        "endereco": "Rua José Lélis França, 391, Santa Mônica, Uberlândia - MG, Brasil",
        "qtld": "103B",
        "imovel": "Res."
      }
    },
    {
      "type": "Feature",
      "geometry": {
        "type": "Point",
        "coordinates": [
          -48.2412332,
          -18.9181141
        ]
      },
      "properties": {
        "codigo": "EL231",
        "endereco": "Rua Antônio Rezende chaves, 486, Santa Mônica, Uberlândia - MG, Brasil",
        "qtld": "103D",
        "imovel": "Res."
      }
    },
    {
      "type": "Feature",
      "geometry": {
        "type": "Point",
        "coordinates": [
          -48.239936,
          -18.9156159
        ]
      },
      "properties": {
        "codigo": "EL232",
        "endereco": "Avenida Salomão Abrahão, 1540, Santa Mônica, Uberlândia - MG, Brasil",
        "qtld": "107A",
        "imovel": "Out."
      }
    },
    {
      "type": "Feature",
      "geometry": {
        "type": "Point",
        "coordinates": [
          -48.2406163,
          -18.9172459
        ]
      },
      "properties": {
        "codigo": "EL233",
        "endereco": "Rua Antônio Rezende chaves, 397, Santa Mônica, Uberlândia - MG, Brasil",
        "qtld": "106A",
        "imovel": "Res."
      }
    },
    {
      "type": "Feature",
      "geometry": {
        "type": "Point",
        "coordinates": [
          -48.2246627,
          -18.9197891
        ]
      },
      "properties": {
        "codigo": "EL248",
        "endereco": "Rua Francisco José Custódio, 90, Segismundo Pereira, Uberlândia - MG, Brasil",
        "qtld": "35D",
        "imovel": "Res."
      }
    },
    {
      "type": "Feature",
      "geometry": {
        "type": "Point",
        "coordinates": [
          -48.2248779,
          -18.9206897
        ]
      },
      "properties": {
        "codigo": "EL249",
        "endereco": "Rua Francisco José Custódio, 223, Segismundo Pereira, Uberlândia - MG, Brasil",
        "qtld": "36A",
        "imovel": "Res."
      }
    },
    {
      "type": "Feature",
      "geometry": {
        "type": "Point",
        "coordinates": [
          -48.2250511,
          -18.9215575
        ]
      },
      "properties": {
        "codigo": "EL251",
        "endereco": "Rua Francisco José Custódio, 319, Segismundo Pereira, Uberlândia - MG, Brasil",
        "qtld": "40D",
        "imovel": "Res."
      }
    },
    {
      "type": "Feature",
      "geometry": {
        "type": "Point",
        "coordinates": [
          -48.2255718,
          -18.9219722
        ]
      },
      "properties": {
        "codigo": "EL252",
        "endereco": "Rua Francisco José Custódio, 380, Segismundo Pereira, Uberlândia - MG, Brasil",
        "qtld": "41A",
        "imovel": "Res."
      }
    },
    {
      "type": "Feature",
      "geometry": {
        "type": "Point",
        "coordinates": [
          -48.2437045,
          -18.9166937
        ]
      },
      "properties": {
        "codigo": "EL254",
        "endereco": "Rua Jorge Martins Pinto, 468, Santa Mônica, Uberlândia - MG, Brasil",
        "qtld": "86D",
        "imovel": "Res."
      }
    },
    {
      "type": "Feature",
      "geometry": {
        "type": "Point",
        "coordinates": [
          -48.2433559,
          -18.916374
        ]
      },
      "properties": {
        "codigo": "EL255",
        "endereco": "Rua Jorge Martins Pinto, 421, Santa Mônica, Uberlândia - MG, Brasil",
        "qtld": "89A",
        "imovel": "Com."
      }
    },
    {
      "type": "Feature",
      "geometry": {
        "type": "Point",
        "coordinates": [
          -48.2439556,
          -18.9188841
        ]
      },
      "properties": {
        "codigo": "EL256",
        "endereco": "Rua Jorge Martins Pinto, 715, Santa Mônica, Uberlândia - MG, Brasil",
        "qtld": "88D",
        "imovel": "Res."
      }
    },
    {
      "type": "Feature",
      "geometry": {
        "type": "Point",
        "coordinates": [
          -48.2442372,
          -18.9184205
        ]
      },
      "properties": {
        "codigo": "EL258",
        "endereco": "Rua Jorge Martins Pinto, 678, Santa Mônica, Uberlândia - MG, Brasil",
        "qtld": "88B",
        "imovel": "Res."
      }
    },
    {
      "type": "Feature",
      "geometry": {
        "type": "Point",
        "coordinates": [
          -48.2447641,
          -18.9201346
        ]
      },
      "properties": {
        "codigo": "EL261",
        "endereco": "Rua Jorge Martins Pinto, 870, Santa Mônica, Uberlândia - MG, Brasil",
        "qtld": "272D",
        "imovel": "Res."
      }
    },
    {
      "type": "Feature",
      "geometry": {
        "type": "Point",
        "coordinates": [
          -48.2492103,
          -18.9156064
        ]
      },
      "properties": {
        "codigo": "EL264",
        "endereco": "Rua Atilio Valentini, 608, Santa Mônica, Uberlândia - MG, Brasil",
        "qtld": "48D",
        "imovel": "Res."
      }
    },
    {
      "type": "Feature",
      "geometry": {
        "type": "Point",
        "coordinates": [
          -48.2489071,
          -18.9155577
        ]
      },
      "properties": {
        "codigo": "EL265",
        "endereco": "Rua Atilio Valentini, 597, Santa Mônica, Uberlândia - MG, Brasil",
        "qtld": "52A",
        "imovel": "Res."
      }
    },
    {
      "type": "Feature",
      "geometry": {
        "type": "Point",
        "coordinates": [
          -48.2434803,
          -18.8864827
        ]
      },
      "properties": {
        "codigo": "EL272",
        "endereco": "Rua Jornalista José Batista Coury, 335, Alto Umuarama, Uberlândia - MG, Brasil",
        "qtld": "102B",
        "imovel": "Res."
      }
    },
    {
      "type": "Feature",
      "geometry": {
        "type": "Point",
        "coordinates": [
          -48.2439411,
          -18.8857884
        ]
      },
      "properties": {
        "codigo": "EL274",
        "endereco": "Rua Anísio Antônio de Carvalho, 199, Alto Umuarama, Uberlândia - MG, Brasil",
        "qtld": "105A",
        "imovel": "Res."
      }
    },
    {
      "type": "Feature",
      "geometry": {
        "type": "Point",
        "coordinates": [
          -48.2448741,
          -18.8855549
        ]
      },
      "properties": {
        "codigo": "EL275",
        "endereco": "Rua Anísio Antônio de Carvalho, 100, Alto Umuarama, Uberlândia - MG, Brasil",
        "qtld": "102D",
        "imovel": "Res."
      }
    },
    {
      "type": "Feature",
      "geometry": {
        "type": "Point",
        "coordinates": [
          -48.2435312,
          -18.8855748
        ]
      },
      "properties": {
        "codigo": "EL276",
        "endereco": "Rua Antônio Junqueira de Resende, 70, Alto Umuarama, Uberlândia - MG, Brasil",
        "qtld": "105D",
        "imovel": "Res."
      }
    },
    {
      "type": "Feature",
      "geometry": {
        "type": "Point",
        "coordinates": [
          -48.2426468,
          -18.8858524
        ]
      },
      "properties": {
        "codigo": "EL277",
        "endereco": "Rua Antônio Junqueira Rezende, 160, Alto Umuarama, Uberlândia - MG, Brasil",
        "qtld": "104B",
        "imovel": "Res."
      }
    },
    {
      "type": "Feature",
      "geometry": {
        "type": "Point",
        "coordinates": [
          -48.2414496,
          -18.8870449
        ]
      },
      "properties": {
        "codigo": "EL278",
        "endereco": "Rua Jornalista José Batista Coury, 565, Santa Mônica, Uberlândia - MG, Brasil",
        "qtld": "103C",
        "imovel": "Res."
      }
    },
    {
      "type": "Feature",
      "geometry": {
        "type": "Point",
        "coordinates": [
          -48.2426041,
          -18.8862059
        ]
      },
      "properties": {
        "codigo": "EL279",
        "endereco": "Rua Anísio Antonio de Carvalho, 329, Alto Umuarama, Uberlândia - MG, Brasil",
        "qtld": "104D",
        "imovel": "Res."
      }
    },
    {
      "type": "Feature",
      "geometry": {
        "type": "Point",
        "coordinates": [
          -48.2410256,
          -18.8860484
        ]
      },
      "properties": {
        "codigo": "EL280",
        "endereco": "Rua Antônio Junqueira Resende, 331, Alto Umuarama, Uberlândia - MG, Brasil",
        "qtld": "107C",
        "imovel": "Res."
      }
    },
    {
      "type": "Feature",
      "geometry": {
        "type": "Point",
        "coordinates": [
          -48.24132,
          -18.88661
        ]
      },
      "properties": {
        "codigo": "EL281",
        "endereco": "Rua Anisio Antonio de Carvalho, 479, Alto Umuarama, Uberlândia - MG, Brasil",
        "qtld": "104D",
        "imovel": "Res."
      }
    },
    {
      "type": "Feature",
      "geometry": {
        "type": "Point",
        "coordinates": [
          -48.233426,
          -18.917193
        ]
      },
      "properties": {
        "codigo": "EL282",
        "endereco": "Rua Armando Tucci, 255, Santa Mônica, Uberlândia - MG, Brasil",
        "qtld": "153D",
        "imovel": "Res."
      }
    },
    {
      "type": "Feature",
      "geometry": {
        "type": "Point",
        "coordinates": [
          -48.2337966,
          -18.9176097
        ]
      },
      "properties": {
        "codigo": "EL283",
        "endereco": "Rua Armando Tucci, 316, Santa Mônica, Uberlândia - MG, Brasil",
        "qtld": "148A",
        "imovel": "Res."
      }
    },
    {
      "type": "Feature",
      "geometry": {
        "type": "Point",
        "coordinates": [
          -48.2340859,
          -18.9188754
        ]
      },
      "properties": {
        "codigo": "EL287",
        "endereco": "Rua Armando Tucci, 462, Santa Mônica, Uberlândia - MG, Brasil",
        "qtld": "149D",
        "imovel": "Res."
      }
    },
    {
      "type": "Feature",
      "geometry": {
        "type": "Point",
        "coordinates": [
          -48.2452776,
          -18.9019281
        ]
      },
      "properties": {
        "codigo": "EL292",
        "endereco": "Avenida Europa, 1240, Tibery, Uberlândia - MG, Brasil",
        "qtld": "68C",
        "imovel": "Res."
      }
    },
    {
      "type": "Feature",
      "geometry": {
        "type": "Point",
        "coordinates": [
          -48.2449407,
          -18.9012795
        ]
      },
      "properties": {
        "codigo": "EL293",
        "endereco": "Avenida Europa, 1313, Tibery, Uberlândia - MG, Brasil",
        "qtld": "66B",
        "imovel": "Com."
      }
    },
    {
      "type": "Feature",
      "geometry": {
        "type": "Point",
        "coordinates": [
          -48.2437029,
          -18.9008809
        ]
      },
      "properties": {
        "codigo": "EL296",
        "endereco": "Avenida Europa, 1446, Tibery, Uberlândia - MG, Brasil",
        "qtld": "26B",
        "imovel": "Com."
      }
    },
    {
      "type": "Feature",
      "geometry": {
        "type": "Point",
        "coordinates": [
          -48.2433335,
          -18.9001799
        ]
      },
      "properties": {
        "codigo": "EL297",
        "endereco": "Avenida Europa, 1495, Tibery, Uberlândia - MG, Brasil",
        "qtld": "27C",
        "imovel": "Res."
      }
    },
    {
      "type": "Feature",
      "geometry": {
        "type": "Point",
        "coordinates": [
          -48.2446492,
          -18.9001764
        ]
      },
      "properties": {
        "codigo": "EL299",
        "endereco": "Avenida Inglaterra, 721, Tibery, Uberlândia - MG, Brasil",
        "qtld": "30A",
        "imovel": "Res."
      }
    },
    {
      "type": "Feature",
      "geometry": {
        "type": "Point",
        "coordinates": [
          -48.24273,
          -18.9002694
        ]
      },
      "properties": {
        "codigo": "EL302",
        "endereco": "Avenida França, 350, Tibery, Uberlândia - MG, Brasil",
        "qtld": "26C",
        "imovel": "Com."
      }
    },
    {
      "type": "Feature",
      "geometry": {
        "type": "Point",
        "coordinates": [
          -48.2432061,
          -18.8996095
        ]
      },
      "properties": {
        "codigo": "EL303",
        "endereco": "Avenida França, 190, Tibery, Uberlândia - MG, Brasil",
        "qtld": "27B",
        "imovel": "Com."
      }
    },
    {
      "type": "Feature",
      "geometry": {
        "type": "Point",
        "coordinates": [
          -48.242887,
          -18.9239904
        ]
      },
      "properties": {
        "codigo": "EL304",
        "endereco": "Rua Antônio Resende Chaves, 1160, Santa Mônica, Uberlândia - MG, Brasil",
        "qtld": "254 D",
        "imovel": "Res."
      }
    },
    {
      "type": "Feature",
      "geometry": {
        "type": "Point",
        "coordinates": [
          -48.2429535,
          -18.9250678
        ]
      },
      "properties": {
        "codigo": "EL305",
        "endereco": "Rua Antônio Rezende Chaves, 1263, Santa Mônica, Uberlândia - MG, Brasil",
        "qtld": "249A",
        "imovel": "Res."
      }
    },
    {
      "type": "Feature",
      "geometry": {
        "type": "Point",
        "coordinates": [
          -48.2435574,
          -18.9240355
        ]
      },
      "properties": {
        "codigo": "EL306",
        "endereco": "Rua José eles frança, 1206, Santa Mônica, Uberlândia - MG, Brasil",
        "qtld": "259C",
        "imovel": "Res."
      }
    },
    {
      "type": "Feature",
      "geometry": {
        "type": "Point",
        "coordinates": [
          -48.2428392,
          -18.9226425
        ]
      },
      "properties": {
        "codigo": "EL308",
        "endereco": "Rua José Lelis França, 1031, Santa Mônica, Uberlândia - MG, Brasil",
        "qtld": "253C",
        "imovel": "Out."
      }
    },
    {
      "type": "Feature",
      "geometry": {
        "type": "Point",
        "coordinates": [
          -48.2423895,
          -18.9235457
        ]
      },
      "properties": {
        "codigo": "EL309",
        "endereco": "Rua Antônio Rezende Chaves, 1079, Santa Mônica, Uberlândia - MG, Brasil",
        "qtld": "250D",
        "imovel": "Res."
      }
    },
    {
      "type": "Feature",
      "geometry": {
        "type": "Point",
        "coordinates": [
          -48.2434466,
          -18.9269115
        ]
      },
      "properties": {
        "codigo": "EL310",
        "endereco": "Rua Antônio Rezende Chaves, 1489, Santa Mônica, Uberlândia - MG, Brasil",
        "qtld": "248D",
        "imovel": "Res."
      }
    },
    {
      "type": "Feature",
      "geometry": {
        "type": "Point",
        "coordinates": [
          -48.2443078,
          -18.9260008
        ]
      },
      "properties": {
        "codigo": "EL311",
        "endereco": "Rua José Lelis França, 1438, Santa Mônica, Uberlândia - MG, Brasil",
        "qtld": "258B",
        "imovel": "Res."
      }
    },
    {
      "type": "Feature",
      "geometry": {
        "type": "Point",
        "coordinates": [
          -48.2185293,
          -18.9056523
        ]
      },
      "properties": {
        "codigo": "EL314",
        "endereco": "Av. Anselmo Alves dos Santos, 4925, Grand Ville, Uberlândia - MG, Brasil",
        "qtld": "9B",
        "imovel": "Com."
      }
    },
    {
      "type": "Feature",
      "geometry": {
        "type": "Point",
        "coordinates": [
          -48.2509955,
          -18.8960741
        ]
      },
      "properties": {
        "codigo": "EL315",
        "endereco": "Rua Guatemala, 747, Tibery, Uberlândia - MG, Brasil",
        "qtld": "42D",
        "imovel": "Res."
      }
    },
    {
      "type": "Feature",
      "geometry": {
        "type": "Point",
        "coordinates": [
          -48.2540654,
          -18.9050383
        ]
      },
      "properties": {
        "codigo": "EL317",
        "endereco": "Rua Londres, 315, Tibery, Uberlândia - MG, Brasil",
        "qtld": "164C",
        "imovel": "Res."
      }
    },
    {
      "type": "Feature",
      "geometry": {
        "type": "Point",
        "coordinates": [
          -48.253352,
          -18.9049657
        ]
      },
      "properties": {
        "codigo": "EL318",
        "endereco": "Rua Londres, 396, Tibery, Uberlândia - MG, Brasil",
        "qtld": "166B",
        "imovel": "Res."
      }
    },
    {
      "type": "Feature",
      "geometry": {
        "type": "Point",
        "coordinates": [
          -48.2529195,
          -18.9045636
        ]
      },
      "properties": {
        "codigo": "EL323",
        "endereco": "Rua Londres, 440, Tibery, Uberlândia - MG, Brasil",
        "qtld": "165C",
        "imovel": "Res."
      }
    },
    {
      "type": "Feature",
      "geometry": {
        "type": "Point",
        "coordinates": [
          -48.2525466,
          -18.903884
        ]
      },
      "properties": {
        "codigo": "EL324",
        "endereco": "Rua Londres, 525, Tibery, Uberlândia - MG, Brasil",
        "qtld": "163B",
        "imovel": "Res."
      }
    },
    {
      "type": "Feature",
      "geometry": {
        "type": "Point",
        "coordinates": [
          -48.2517033,
          -18.9031913
        ]
      },
      "properties": {
        "codigo": "EL325",
        "endereco": "Rua Londres, 695, Tibery, Uberlândia - MG, Brasil",
        "qtld": "118C",
        "imovel": "Res."
      }
    },
    {
      "type": "Feature",
      "geometry": {
        "type": "Point",
        "coordinates": [
          -48.2517022,
          -18.9041093
        ]
      },
      "properties": {
        "codigo": "EL326",
        "endereco": "Rua Bélgica, 628, Tibery, Uberlândia - MG, Brasil",
        "qtld": "165D",
        "imovel": "Res."
      }
    },
    {
      "type": "Feature",
      "geometry": {
        "type": "Point",
        "coordinates": [
          -48.2327339,
          -18.9290418
        ]
      },
      "properties": {
        "codigo": "EL332",
        "endereco": "Rua João limirio dos anjos, 1748, Segismundo Pereira, Uberlândia - MG, Brasil",
        "qtld": "121C",
        "imovel": "Res."
      }
    },
    {
      "type": "Feature",
      "geometry": {
        "type": "Point",
        "coordinates": [
          -48.2324371,
          -18.9294072
        ]
      },
      "properties": {
        "codigo": "EL333",
        "endereco": "Rua João limirio dos anjos, 1799, Segismundo Pereira, Uberlândia - MG, Brasil",
        "qtld": "122B",
        "imovel": "Res."
      }
    },
    {
      "type": "Feature",
      "geometry": {
        "type": "Point",
        "coordinates": [
          -48.2319446,
          -18.9289746
        ]
      },
      "properties": {
        "codigo": "EL334",
        "endereco": "Rua Lurdes de Carvalho, 1674, Segismundo Pereira, Uberlândia - MG, Brasil",
        "qtld": "122D",
        "imovel": "Res."
      }
    },
    {
      "type": "Feature",
      "geometry": {
        "type": "Point",
        "coordinates": [
          -48.231742,
          -18.9296087
        ]
      },
      "properties": {
        "codigo": "EL335",
        "endereco": "Rua Lurdes de carvalho, 1727, Segismundo Pereira, Uberlândia - MG, Brasil",
        "qtld": "123A",
        "imovel": "Res."
      }
    },
    {
      "type": "Feature",
      "geometry": {
        "type": "Point",
        "coordinates": [
          -48.2331055,
          -18.930449
        ]
      },
      "properties": {
        "codigo": "EL336",
        "endereco": "Rua João limirio dos anjos, 1926, Segismundo Pereira, Uberlândia - MG, Brasil",
        "qtld": "162B",
        "imovel": "Res."
      }
    },
    {
      "type": "Feature",
      "geometry": {
        "type": "Point",
        "coordinates": [
          -48.2326667,
          -18.9312122
        ]
      },
      "properties": {
        "codigo": "EL337",
        "endereco": "Rua João limirio dos anjos, 2065, Segismundo Pereira, Uberlândia - MG, Brasil",
        "qtld": "161C",
        "imovel": "Out."
      }
    },
    {
      "type": "Feature",
      "geometry": {
        "type": "Point",
        "coordinates": [
          -48.232356,
          -18.9313306
        ]
      },
      "properties": {
        "codigo": "EL338",
        "endereco": "Rua Lourdes de Carvalho, 1977, Segismundo Pereira, Uberlândia - MG, Brasil",
        "qtld": "160D",
        "imovel": "Res."
      }
    },
    {
      "type": "Feature",
      "geometry": {
        "type": "Point",
        "coordinates": [
          -48.2318164,
          -18.9308969
        ]
      },
      "properties": {
        "codigo": "EL339",
        "endereco": "Rua Antônio Zeferino de Paula, 2034, Segismundo Pereira, Uberlândia - MG, Brasil",
        "qtld": "160B",
        "imovel": "Res."
      }
    },
    {
      "type": "Feature",
      "geometry": {
        "type": "Point",
        "coordinates": [
          -48.2288105,
          -18.9154913
        ]
      },
      "properties": {
        "codigo": "EL341",
        "endereco": "Rua João Limirio dos Anjos, 216, Segismundo Pereira, Uberlândia - MG, Brasil",
        "qtld": "166A",
        "imovel": "Res."
      }
    },
    {
      "type": "Feature",
      "geometry": {
        "type": "Point",
        "coordinates": [
          -48.2329815,
          -18.9324
        ]
      },
      "properties": {
        "codigo": "EL343",
        "endereco": "Lourdes de Carvalho, 2110, Segismundo Pereira, Uberlândia - MG, Brasil",
        "qtld": "166C",
        "imovel": "Res."
      }
    },
    {
      "type": "Feature",
      "geometry": {
        "type": "Point",
        "coordinates": [
          -48.2161033,
          -18.9110524
        ]
      },
      "properties": {
        "codigo": "EL344",
        "endereco": "Av. Manuel Lucio, 520, Grand Ville, Uberlândia - MG, Brasil",
        "qtld": "3A",
        "imovel": "Out."
      }
    },
    {
      "type": "Feature",
      "geometry": {
        "type": "Point",
        "coordinates": [
          -48.214236,
          -18.9083229
        ]
      },
      "properties": {
        "codigo": "EL345",
        "endereco": "Rua Albatroz, 111, Grand Ville, Uberlândia - MG, Brasil",
        "qtld": "6D",
        "imovel": "Out."
      }
    },
    {
      "type": "Feature",
      "geometry": {
        "type": "Point",
        "coordinates": [
          -48.2424801,
          -18.9115261
        ]
      },
      "properties": {
        "codigo": "EL347",
        "endereco": "Av. Anselmo Alves dos Santos, 591, Grand Ville, Uberlândia - MG, Brasil",
        "qtld": "1C",
        "imovel": "Com."
      }
    },
    {
      "type": "Feature",
      "geometry": {
        "type": "Point",
        "coordinates": [
          -48.2179253,
          -18.9096612
        ]
      },
      "properties": {
        "codigo": "EL349",
        "endereco": "Av. Manoel Lucio, 235, Grand Ville, Uberlândia - MG, Brasil",
        "qtld": "1D",
        "imovel": "Com."
      }
    },
    {
      "type": "Feature",
      "geometry": {
        "type": "Point",
        "coordinates": [
          -48.2433766,
          -18.9280151
        ]
      },
      "properties": {
        "codigo": "EL350",
        "endereco": "Rua José Carrijo, 1650, Santa Mônica, Uberlândia - MG, Brasil",
        "qtld": "247D",
        "imovel": "Res."
      }
    },
    {
      "type": "Feature",
      "geometry": {
        "type": "Point",
        "coordinates": [
          -48.2389099,
          -18.9135488
        ]
      },
      "properties": {
        "codigo": "EL351",
        "endereco": "Rua José Carrijo, 1, Santa Mônica, Uberlândia - MG, Brasil",
        "qtld": "236A",
        "imovel": "Out."
      }
    },
    {
      "type": "Feature",
      "geometry": {
        "type": "Point",
        "coordinates": [
          -48.2436986,
          -18.9290647
        ]
      },
      "properties": {
        "codigo": "EL352",
        "endereco": "Avenida João Naves de Ávila, 5003, Santa Mônica, Uberlândia - MG, Brasil",
        "qtld": "247A",
        "imovel": "Com."
      }
    },
    {
      "type": "Feature",
      "geometry": {
        "type": "Point",
        "coordinates": [
          -48.2427973,
          -18.9261514
        ]
      },
      "properties": {
        "codigo": "EL353",
        "endereco": "Rua José Carrijo, 1412, Santa Mônica, Uberlândia - MG, Brasil",
        "qtld": "248B",
        "imovel": "Res."
      }
    },
    {
      "type": "Feature",
      "geometry": {
        "type": "Point",
        "coordinates": [
          -48.1791627,
          -18.9177528
        ]
      },
      "properties": {
        "codigo": "EL358",
        "endereco": "Av Enodes de Oliveira, 1547, Morumbi, Uberlândia - MG, Brasil",
        "qtld": "QT 221 Lado C",
        "imovel": "Out."
      }
    },
    {
      "type": "Feature",
      "geometry": {
        "type": "Point",
        "coordinates": [
          -48.2581763,
          -18.918473
        ]
      },
      "properties": {
        "codigo": "EL366",
        "endereco": "Av João Naves de Avila, 2121, UFU Santa Mônica, Uberlândia - MG, Brasil",
        "qtld": "QT 1 Lado B",
        "imovel": "Out."
      }
    },
    {
      "type": "Feature",
      "geometry": {
        "type": "Point",
        "coordinates": [
          -48.2581763,
          -18.918473
        ]
      },
      "properties": {
        "codigo": "EL367",
        "endereco": "Av João Naves de Avila, 2121, UFU Santa Mônica, Uberlândia - MG, Brasil",
        "qtld": "QT1 Lado B",
        "imovel": "Out."
      }
    },
    {
      "type": "Feature",
      "geometry": {
        "type": "Point",
        "coordinates": [
          -48.2581763,
          -18.918473
        ]
      },
      "properties": {
        "codigo": "EL368",
        "endereco": "Av João Naves de Avila, 2121, UFU Santa Mônica, Uberlândia - MG, Brasil",
        "qtld": "QT1 Lado B",
        "imovel": "Out."
      }
    },
    {
      "type": "Feature",
      "geometry": {
        "type": "Point",
        "coordinates": [
          -48.2581763,
          -18.918473
        ]
      },
      "properties": {
        "codigo": "EL369",
        "endereco": "Av João Naves de Avila, 2121, UFU Santa Mônica, Uberlândia - MG, Brasil",
        "qtld": "QT1 Lado B",
        "imovel": "Out."
      }
    },
    {
      "type": "Feature",
      "geometry": {
        "type": "Point",
        "coordinates": [
          -48.2581763,
          -18.918473
        ]
      },
      "properties": {
        "codigo": "EL371",
        "endereco": "Av João Naves de Avila, 2121, UFU Santa Mônica, Uberlândia - MG, Brasil",
        "qtld": "QT1 Lado B",
        "imovel": "Out."
      }
    },
    {
      "type": "Feature",
      "geometry": {
        "type": "Point",
        "coordinates": [
          -48.2581763,
          -18.918473
        ]
      },
      "properties": {
        "codigo": "EL372",
        "endereco": "Av João Naves de Avila, 2121, UFU Santa Mônica, Uberlândia - MG, Brasil",
        "qtld": "QT1 Lado B",
        "imovel": "Out."
      }
    },
    {
      "type": "Feature",
      "geometry": {
        "type": "Point",
        "coordinates": [
          -48.2581763,
          -18.918473
        ]
      },
      "properties": {
        "codigo": "EL373",
        "endereco": "Av João Naves de Avila, 2121, UFU Santa Mônica, Uberlândia - MG, Brasil",
        "qtld": "QT1 Lado B",
        "imovel": "Out."
      }
    },
    {
      "type": "Feature",
      "geometry": {
        "type": "Point",
        "coordinates": [
          -48.2581763,
          -18.918473
        ]
      },
      "properties": {
        "codigo": "EL374",
        "endereco": "Av João Naves de Avila, 2121, UFU Santa Mônica, Uberlândia - MG, Brasil",
        "qtld": "QT1 Lado B",
        "imovel": "Out."
      }
    },
    {
      "type": "Feature",
      "geometry": {
        "type": "Point",
        "coordinates": [
          -48.2581763,
          -18.918473
        ]
      },
      "properties": {
        "codigo": "EL375",
        "endereco": "Av João Naves de Avila, 2121, UFU Santa Mônica, Uberlândia - MG, Brasil",
        "qtld": "QT1 Lado B",
        "imovel": "Out."
      }
    },
    {
      "type": "Feature",
      "geometry": {
        "type": "Point",
        "coordinates": [
          -48.2581763,
          -18.918473
        ]
      },
      "properties": {
        "codigo": "EL377",
        "endereco": "Av João Naves de Ávila, 2121, UFU Santa Mônica, Uberlândia - MG, Brasil",
        "qtld": "QT1 Lado B",
        "imovel": "Out."
      }
    },
    {
      "type": "Feature",
      "geometry": {
        "type": "Point",
        "coordinates": [
          -48.2581554,
          -18.8859658
        ]
      },
      "properties": {
        "codigo": "EL378",
        "endereco": "Av Mato Grosso, 3289, UFU Umuarama, Uberlândia - MG, Brasil",
        "qtld": "QT10 Lado A",
        "imovel": "Out."
      }
    },
    {
      "type": "Feature",
      "geometry": {
        "type": "Point",
        "coordinates": [
          -48.2699989,
          -18.8787794
        ]
      },
      "properties": {
        "codigo": "EL379",
        "endereco": "Rua Ceará, 1, UFU Umuarama, Uberlândia - MG, Brasil",
        "qtld": "6-A",
        "imovel": "Out."
      }
    },
    {
      "type": "Feature",
      "geometry": {
        "type": "Point",
        "coordinates": [
          -48.2699989,
          -18.8787794
        ]
      },
      "properties": {
        "codigo": "EL380",
        "endereco": "Rua Ceará, 1, UFU Umuarama, Uberlândia - MG, Brasil",
        "qtld": "6-A",
        "imovel": "Out."
      }
    },
    {
      "type": "Feature",
      "geometry": {
        "type": "Point",
        "coordinates": [
          -48.2699989,
          -18.8787794
        ]
      },
      "properties": {
        "codigo": "EL381",
        "endereco": "Rua Ceará, 1, UFU Umuarama, Uberlândia - MG, Brasil",
        "qtld": "7-B",
        "imovel": "Out."
      }
    },
    {
      "type": "Feature",
      "geometry": {
        "type": "Point",
        "coordinates": [
          -48.2574931,
          -18.8856766
        ]
      },
      "properties": {
        "codigo": "EL383",
        "endereco": "Av Amazonas, 9999, UFU Umuarama, Uberlândia - MG, Brasil",
        "qtld": "QT2 Lado A",
        "imovel": "Out."
      }
    },
    {
      "type": "Feature",
      "geometry": {
        "type": "Point",
        "coordinates": [
          -48.2577207,
          -18.8846154
        ]
      },
      "properties": {
        "codigo": "EL384",
        "endereco": "Rua Acre, 1319, UFU Umuarama, Uberlândia - MG, Brasil",
        "qtld": "63-A",
        "imovel": "Out."
      }
    },
    {
      "type": "Feature",
      "geometry": {
        "type": "Point",
        "coordinates": [
          -48.2577207,
          -18.8846154
        ]
      },
      "properties": {
        "codigo": "EL385",
        "endereco": "Rua Acre, 1319, UFU Umuarama, Uberlândia - MG, Brasil",
        "qtld": "63-A",
        "imovel": "Out."
      }
    },
    {
      "type": "Feature",
      "geometry": {
        "type": "Point",
        "coordinates": [
          -48.2576218,
          -18.8856703
        ]
      },
      "properties": {
        "codigo": "EL386",
        "endereco": "Avenida mato grosso, 3370, UFU Umuarama, Uberlândia - MG, Brasil",
        "qtld": "71-D",
        "imovel": "Out."
      }
    },
    {
      "type": "Feature",
      "geometry": {
        "type": "Point",
        "coordinates": [
          -48.2577835,
          -18.8826954
        ]
      },
      "properties": {
        "codigo": "EL389",
        "endereco": "Av. Amazonas, 2055, UFU Umuarama, Uberlândia - MG, Brasil",
        "qtld": "8-D",
        "imovel": "Out."
      }
    },
    {
      "type": "Feature",
      "geometry": {
        "type": "Point",
        "coordinates": [
          -48.2569922,
          -18.8815348
        ]
      },
      "properties": {
        "codigo": "EL390",
        "endereco": "Av. Amazonas, 2240, UFU Umuarama, Uberlândia - MG, Brasil",
        "qtld": "9-A",
        "imovel": "Out."
      }
    },
    {
      "type": "Feature",
      "geometry": {
        "type": "Point",
        "coordinates": [
          -48.2569922,
          -18.8815348
        ]
      },
      "properties": {
        "codigo": "EL391",
        "endereco": "Av. Amazonas, 2240, UFU Umuarama, Uberlândia - MG, Brasil",
        "qtld": "9-A",
        "imovel": "Out."
      }
    },
    {
      "type": "Feature",
      "geometry": {
        "type": "Point",
        "coordinates": [
          -48.2695208,
          -18.8980204
        ]
      },
      "properties": {
        "codigo": "EL393",
        "endereco": "Av. Amazonas, 1, UFU Umuarama, Uberlândia - MG, Brasil",
        "qtld": "2-N",
        "imovel": "Out."
      }
    },
    {
      "type": "Feature",
      "geometry": {
        "type": "Point",
        "coordinates": [
          -48.2577134,
          -18.8787491
        ]
      },
      "properties": {
        "codigo": "EL394",
        "endereco": "Av. Pará, 1, UFU Umuarama, Uberlândia - MG, Brasil",
        "qtld": "2-L",
        "imovel": "Out."
      }
    },
    {
      "type": "Feature",
      "geometry": {
        "type": "Point",
        "coordinates": [
          -48.2577134,
          -18.8787491
        ]
      },
      "properties": {
        "codigo": "EL395",
        "endereco": "Av. Pará, 1, UFU Umuarama, Uberlândia - MG, Brasil",
        "qtld": "2-L",
        "imovel": "Out."
      }
    },
    {
      "type": "Feature",
      "geometry": {
        "type": "Point",
        "coordinates": [
          -48.2577134,
          -18.8787491
        ]
      },
      "properties": {
        "codigo": "EL396",
        "endereco": "Av. Pará, 1, UFU Umuarama, Uberlândia - MG, Brasil",
        "qtld": "2-L",
        "imovel": "Out."
      }
    },
    {
      "type": "Feature",
      "geometry": {
        "type": "Point",
        "coordinates": [
          -48.2608551,
          -18.8823352
        ]
      },
      "properties": {
        "codigo": "EL397",
        "endereco": "Rua Iguaçu, 1998, UFU Umuarama, Uberlândia - MG, Brasil",
        "qtld": "2-C",
        "imovel": "Out."
      }
    },
    {
      "type": "Feature",
      "geometry": {
        "type": "Point",
        "coordinates": [
          -48.260616,
          -18.8837692
        ]
      },
      "properties": {
        "codigo": "EL398",
        "endereco": "Portaria 5, 1, UFU Umuarama, Uberlândia - MG, Brasil",
        "qtld": "2-A",
        "imovel": "Out."
      }
    },
    {
      "type": "Feature",
      "geometry": {
        "type": "Point",
        "coordinates": [
          -48.2429862,
          -18.9080843
        ]
      },
      "properties": {
        "codigo": "EL402",
        "endereco": "Rua Haia, 1, Parque do Sabiá, Uberlândia - MG, Brasil",
        "qtld": "1-A",
        "imovel": "Out."
      }
    },
    {
      "type": "Feature",
      "geometry": {
        "type": "Point",
        "coordinates": [
          -48.2429862,
          -18.9080843
        ]
      },
      "properties": {
        "codigo": "EL403",
        "endereco": "Rua Haia, 1, Parque do Sabiá, Uberlândia - MG, Brasil",
        "qtld": "1-A",
        "imovel": "Out."
      }
    },
    {
      "type": "Feature",
      "geometry": {
        "type": "Point",
        "coordinates": [
          -48.2429862,
          -18.9080843
        ]
      },
      "properties": {
        "codigo": "EL404",
        "endereco": "Rua Haia, 1, Parque do Sabiá, Uberlândia - MG, Brasil",
        "qtld": "1-A",
        "imovel": "Out."
      }
    },
    {
      "type": "Feature",
      "geometry": {
        "type": "Point",
        "coordinates": [
          -48.2429862,
          -18.9080843
        ]
      },
      "properties": {
        "codigo": "EL405",
        "endereco": "Rua Haia, 1, Parque do Sabiá, Uberlândia - MG, Brasil",
        "qtld": "1-A",
        "imovel": "Out."
      }
    },
    {
      "type": "Feature",
      "geometry": {
        "type": "Point",
        "coordinates": [
          -48.2429862,
          -18.9080843
        ]
      },
      "properties": {
        "codigo": "EL407",
        "endereco": "Rua Haia, 1, Parque do Sabiá, Uberlândia - MG, Brasil",
        "qtld": "1-A",
        "imovel": "Out."
      }
    },
    {
      "type": "Feature",
      "geometry": {
        "type": "Point",
        "coordinates": [
          -48.2429862,
          -18.9080843
        ]
      },
      "properties": {
        "codigo": "EL408",
        "endereco": "Rua Haia, 1, Parque do Sabiá, Uberlândia - MG, Brasil",
        "qtld": "1-A",
        "imovel": "Out."
      }
    },
    {
      "type": "Feature",
      "geometry": {
        "type": "Point",
        "coordinates": [
          -48.2429862,
          -18.9080843
        ]
      },
      "properties": {
        "codigo": "EL409",
        "endereco": "Rua Haia, 1, Parque do Sabiá, Uberlândia - MG, Brasil",
        "qtld": "1-A",
        "imovel": "Out."
      }
    },
    {
      "type": "Feature",
      "geometry": {
        "type": "Point",
        "coordinates": [
          -48.23473,
          -18.9150412
        ]
      },
      "properties": {
        "codigo": "EL412",
        "endereco": "Av. José Roberto Migliorini, 1, Parque do Sabiá, Uberlândia - MG, Brasil",
        "qtld": "1-B",
        "imovel": "Out."
      }
    },
    {
      "type": "Feature",
      "geometry": {
        "type": "Point",
        "coordinates": [
          -48.2429862,
          -18.9080843
        ]
      },
      "properties": {
        "codigo": "EL417",
        "endereco": "Rua Haia, 1, Parque do Sabiá, Uberlândia - MG, Brasil",
        "qtld": "QT1 Lado B",
        "imovel": "Out."
      }
    },
    {
      "type": "Feature",
      "geometry": {
        "type": "Point",
        "coordinates": [
          -48.2410583,
          -18.9083063
        ]
      },
      "properties": {
        "codigo": "EL421",
        "endereco": "Av Benjamin Magalhães, 1, Parque do Sabiá, Uberlândia - MG, Brasil",
        "qtld": "1-A",
        "imovel": "Out."
      }
    },
    {
      "type": "Feature",
      "geometry": {
        "type": "Point",
        "coordinates": [
          -48.2347214,
          -18.9150224
        ]
      },
      "properties": {
        "codigo": "EL428",
        "endereco": "Rua José Roberto Migliorini, 3, Parque do Sabiá, Uberlândia - MG, Brasil",
        "qtld": "2-B",
        "imovel": "Out."
      }
    },
    {
      "type": "Feature",
      "geometry": {
        "type": "Point",
        "coordinates": [
          -48.2755516,
          -18.8725855
        ]
      },
      "properties": {
        "codigo": "EN 306",
        "endereco": "AVENIDA: BÁRBARA ELEODORA, 620, Nossa Senhora das Graças, Uberlândia - MG, Brasil",
        "qtld": "66B 620",
        "imovel": "Res."
      }
    },
    {
      "type": "Feature",
      "geometry": {
        "type": "Point",
        "coordinates": [
          -48.2790321,
          -18.8756281
        ]
      },
      "properties": {
        "codigo": "EN 308",
        "endereco": "AVENIDA : ANDRE REBOUÇAS, 1, Nossa Senhora das Graças, Uberlândia - MG, Brasil",
        "qtld": "64D C1",
        "imovel": "Com."
      }
    },
    {
      "type": "Feature",
      "geometry": {
        "type": "Point",
        "coordinates": [
          -48.2776356,
          -18.8727597
        ]
      },
      "properties": {
        "codigo": "EN 309",
        "endereco": "AVENIDA ANDRE REBOUCAS, 317, Nossa Senhora das Graças, Uberlândia - MG, Brasil",
        "qtld": "80D 317",
        "imovel": "Res."
      }
    },
    {
      "type": "Feature",
      "geometry": {
        "type": "Point",
        "coordinates": [
          -48.2771781,
          -18.8724231
        ]
      },
      "properties": {
        "codigo": "EN 310",
        "endereco": "AVENIDA:ANDRE REBOUÇAS, 363, Nossa Senhora das Graças, Uberlândia - MG, Brasil",
        "qtld": "81A",
        "imovel": "Res."
      }
    },
    {
      "type": "Feature",
      "geometry": {
        "type": "Point",
        "coordinates": [
          -48.2768156,
          -18.8723854
        ]
      },
      "properties": {
        "codigo": "EN 313",
        "endereco": "RUA : ACRE 634, 634, Nossa Senhora das Graças, Uberlândia - MG, Brasil",
        "qtld": "64A 634",
        "imovel": "Res."
      }
    },
    {
      "type": "Feature",
      "geometry": {
        "type": "Point",
        "coordinates": [
          -48.2649647,
          -18.8652263
        ]
      },
      "properties": {
        "codigo": "EN001",
        "endereco": "Rua da produção, 1735, MInas Gerais, Uberlândia - MG, Brasil",
        "qtld": "106c",
        "imovel": "Res."
      }
    },
    {
      "type": "Feature",
      "geometry": {
        "type": "Point",
        "coordinates": [
          -48.2647192,
          -18.8648286
        ]
      },
      "properties": {
        "codigo": "EN003",
        "endereco": "Rua da Produção, 1789, MInas Gerais, Uberlândia - MG, Brasil",
        "qtld": "103b",
        "imovel": "Res."
      }
    },
    {
      "type": "Feature",
      "geometry": {
        "type": "Point",
        "coordinates": [
          -48.2643847,
          -18.8649741
        ]
      },
      "properties": {
        "codigo": "EN004",
        "endereco": "Rua da Produção, 1798, MInas Gerais, Uberlândia - MG, Brasil",
        "qtld": "90b",
        "imovel": "Res."
      }
    },
    {
      "type": "Feature",
      "geometry": {
        "type": "Point",
        "coordinates": [
          -48.2639833,
          -18.8642372
        ]
      },
      "properties": {
        "codigo": "EN006",
        "endereco": "Rua da Produção, 1880, MInas Gerais, Uberlândia - MG, Brasil",
        "qtld": "89c",
        "imovel": "Res."
      }
    },
    {
      "type": "Feature",
      "geometry": {
        "type": "Point",
        "coordinates": [
          -48.2629498,
          -18.864368
        ]
      },
      "properties": {
        "codigo": "EN007",
        "endereco": "Rua da safra, 1923, MInas Gerais, Uberlândia - MG, Brasil",
        "qtld": "89a",
        "imovel": "Res."
      }
    },
    {
      "type": "Feature",
      "geometry": {
        "type": "Point",
        "coordinates": [
          -48.2636358,
          -18.8649995
        ]
      },
      "properties": {
        "codigo": "EN008",
        "endereco": "Rua da Safra, 1841, MInas Gerais, Uberlândia - MG, Brasil",
        "qtld": "90d",
        "imovel": "Res."
      }
    },
    {
      "type": "Feature",
      "geometry": {
        "type": "Point",
        "coordinates": [
          -48.2641803,
          -18.8658981
        ]
      },
      "properties": {
        "codigo": "EN009",
        "endereco": "Rua da Safra, 1709, MInas Gerais, Uberlândia - MG, Brasil",
        "qtld": "91a",
        "imovel": "Res."
      }
    },
    {
      "type": "Feature",
      "geometry": {
        "type": "Point",
        "coordinates": [
          -48.2628851,
          -18.864647
        ]
      },
      "properties": {
        "codigo": "EN010",
        "endereco": "Rua da safra, 1916, MInas Gerais, Uberlândia - MG, Brasil",
        "qtld": "85d 1916",
        "imovel": "Res."
      }
    },
    {
      "type": "Feature",
      "geometry": {
        "type": "Point",
        "coordinates": [
          -48.2632543,
          -18.8652617
        ]
      },
      "properties": {
        "codigo": "EN011",
        "endereco": "Rua da Safra, 1832, MInas Gerais, Uberlândia - MG, Brasil",
        "qtld": "84a",
        "imovel": "Res."
      }
    },
    {
      "type": "Feature",
      "geometry": {
        "type": "Point",
        "coordinates": [
          -48.2715439,
          -18.8848188
        ]
      },
      "properties": {
        "codigo": "EN013",
        "endereco": "Rua Alagoas, 2072, Marta Helena, Uberlândia - MG, Brasil",
        "qtld": "45b",
        "imovel": "Res."
      }
    },
    {
      "type": "Feature",
      "geometry": {
        "type": "Point",
        "coordinates": [
          -48.2705203,
          -18.8853692
        ]
      },
      "properties": {
        "codigo": "EN014",
        "endereco": "Rua Alagoas, 1956, Marta Helena, Uberlândia - MG, Brasil",
        "qtld": "48c",
        "imovel": "Res."
      }
    },
    {
      "type": "Feature",
      "geometry": {
        "type": "Point",
        "coordinates": [
          -48.2696278,
          -18.8859522
        ]
      },
      "properties": {
        "codigo": "EN015",
        "endereco": "Rua Alagoas, 1872, Marta Helena, Uberlândia - MG, Brasil",
        "qtld": "49b",
        "imovel": "Res."
      }
    },
    {
      "type": "Feature",
      "geometry": {
        "type": "Point",
        "coordinates": [
          -48.2718428,
          -18.8850178
        ]
      },
      "properties": {
        "codigo": "EN016",
        "endereco": "Rua Alagoas, 2081, Marta Helena, Uberlândia - MG, Brasil",
        "qtld": "44c",
        "imovel": "Com."
      }
    },
    {
      "type": "Feature",
      "geometry": {
        "type": "Point",
        "coordinates": [
          -48.2701812,
          -18.8860815
        ]
      },
      "properties": {
        "codigo": "EN017",
        "endereco": "Rua Alagoas, 1895, Marta Helena, Uberlândia - MG, Brasil",
        "qtld": "42b",
        "imovel": "Com."
      }
    },
    {
      "type": "Feature",
      "geometry": {
        "type": "Point",
        "coordinates": [
          -48.269559,
          -18.8864214
        ]
      },
      "properties": {
        "codigo": "EN018",
        "endereco": "Rua Alagoas, 1853, Marta Helena, Uberlândia - MG, Brasil",
        "qtld": "39c",
        "imovel": "Res."
      }
    },
    {
      "type": "Feature",
      "geometry": {
        "type": "Point",
        "coordinates": [
          -48.2718602,
          -18.8859706
        ]
      },
      "properties": {
        "codigo": "EN020",
        "endereco": "Rua Claudemiro José de Souza, 2001, Marta Helena, Uberlândia - MG, Brasil",
        "qtld": "43d",
        "imovel": "Res."
      }
    },
    {
      "type": "Feature",
      "geometry": {
        "type": "Point",
        "coordinates": [
          -48.271611,
          -18.8858061
        ]
      },
      "properties": {
        "codigo": "EN021",
        "endereco": "Rua Claudemiro José de Souza, 2090, Marta Helena, Uberlândia - MG, Brasil",
        "qtld": "44a",
        "imovel": "Res."
      }
    },
    {
      "type": "Feature",
      "geometry": {
        "type": "Point",
        "coordinates": [
          -48.2704992,
          -18.8866185
        ]
      },
      "properties": {
        "codigo": "EN022",
        "endereco": "Rua Claudemiro José de, 1783, Marta Helena, Uberlândia - MG, Brasil",
        "qtld": "40d",
        "imovel": "Res."
      }
    },
    {
      "type": "Feature",
      "geometry": {
        "type": "Point",
        "coordinates": [
          -48.2700101,
          -18.8868137
        ]
      },
      "properties": {
        "codigo": "EN023",
        "endereco": "Rua Claudemiro José de Souza, 1690, Marta Helena, Uberlândia - MG, Brasil",
        "qtld": "39a",
        "imovel": "Res."
      }
    },
    {
      "type": "Feature",
      "geometry": {
        "type": "Point",
        "coordinates": [
          -48.2804152,
          -18.8694137
        ]
      },
      "properties": {
        "codigo": "EN025",
        "endereco": "Avenida Clara Camarão, 143, Nossa Senhora das Graças, Uberlândia - MG, Brasil",
        "qtld": "112d",
        "imovel": "Res."
      }
    },
    {
      "type": "Feature",
      "geometry": {
        "type": "Point",
        "coordinates": [
          -48.2800425,
          -18.8693939
        ]
      },
      "properties": {
        "codigo": "EN026",
        "endereco": "Avenida Clara Camarão, 166, Nossa Senhora das Graças, Uberlândia - MG, Brasil",
        "qtld": "105a",
        "imovel": "Res."
      }
    },
    {
      "type": "Feature",
      "geometry": {
        "type": "Point",
        "coordinates": [
          -48.2782218,
          -18.8714287
        ]
      },
      "properties": {
        "codigo": "EN034",
        "endereco": "Rua Acre, 402, Nossa Senhora das Graças, Uberlândia - MG, Brasil",
        "qtld": "82b",
        "imovel": "Res."
      }
    },
    {
      "type": "Feature",
      "geometry": {
        "type": "Point",
        "coordinates": [
          -48.2788181,
          -18.8707133
        ]
      },
      "properties": {
        "codigo": "EN036",
        "endereco": "Rua Acre, 317, Nossa Senhora das Graças, Uberlândia - MG, Brasil",
        "qtld": "106a",
        "imovel": "Com."
      }
    },
    {
      "type": "Feature",
      "geometry": {
        "type": "Point",
        "coordinates": [
          -48.2738967,
          -18.8696564
        ]
      },
      "properties": {
        "codigo": "EN049",
        "endereco": "Avenida Bárbara Eleodora, 975, Nossa Senhora das Graças, Uberlândia - MG, Brasil",
        "qtld": "55a",
        "imovel": "Res."
      }
    },
    {
      "type": "Feature",
      "geometry": {
        "type": "Point",
        "coordinates": [
          -48.2770112,
          -18.8708253
        ]
      },
      "properties": {
        "codigo": "EN055",
        "endereco": "Av Bento Gonçalves, 702, Nossa Senhora das Graças, Uberlândia - MG, Brasil",
        "qtld": "85c",
        "imovel": "Res."
      }
    },
    {
      "type": "Feature",
      "geometry": {
        "type": "Point",
        "coordinates": [
          -48.2767599,
          -18.8703126
        ]
      },
      "properties": {
        "codigo": "EN056",
        "endereco": "Av Bento Gonçalves, 783, Nossa Senhora das Graças, Uberlândia - MG, Brasil",
        "qtld": "86b",
        "imovel": "Res."
      }
    },
    {
      "type": "Feature",
      "geometry": {
        "type": "Point",
        "coordinates": [
          -48.2766285,
          -18.8696417
        ]
      },
      "properties": {
        "codigo": "EN058",
        "endereco": "Avenida Bento Gonçalves, 831, Nossa Senhora das Graças, Uberlândia - MG, Brasil",
        "qtld": "87c",
        "imovel": "Res."
      }
    },
    {
      "type": "Feature",
      "geometry": {
        "type": "Point",
        "coordinates": [
          -48.2762999,
          -18.8692479
        ]
      },
      "properties": {
        "codigo": "EN059",
        "endereco": "Avenida Bento Gonçalves, 895, Nossa Senhora das Graças, Uberlândia - MG, Brasil",
        "qtld": "90b",
        "imovel": "Res."
      }
    },
    {
      "type": "Feature",
      "geometry": {
        "type": "Point",
        "coordinates": [
          -48.2757158,
          -18.869019
        ]
      },
      "properties": {
        "codigo": "EN060",
        "endereco": "Avenida Bento Gonçalves, 946, Nossa Senhora das Graças, Uberlândia - MG, Brasil",
        "qtld": "89c",
        "imovel": "Res."
      }
    },
    {
      "type": "Feature",
      "geometry": {
        "type": "Point",
        "coordinates": [
          -48.2768672,
          -18.8682526
        ]
      },
      "properties": {
        "codigo": "EN061",
        "endereco": "Avenida Guia Lopes, 467, Nossa Senhora das Graças, Uberlândia - MG, Brasil",
        "qtld": "99a 467",
        "imovel": "Res."
      }
    },
    {
      "type": "Feature",
      "geometry": {
        "type": "Point",
        "coordinates": [
          -48.2779871,
          -18.8702123
        ]
      },
      "properties": {
        "codigo": "EN066",
        "endereco": "Avenida Guia Lopes, 220, Nossa Senhora das Graças, Uberlândia - MG, Brasil",
        "qtld": "86d",
        "imovel": "Res."
      }
    },
    {
      "type": "Feature",
      "geometry": {
        "type": "Point",
        "coordinates": [
          -48.2678431,
          -18.8763325
        ]
      },
      "properties": {
        "codigo": "EN084",
        "endereco": "Avenida Cabanadas, 362, Marta Helena, Uberlândia - MG, Brasil",
        "qtld": "111c",
        "imovel": "Res."
      }
    },
    {
      "type": "Feature",
      "geometry": {
        "type": "Point",
        "coordinates": [
          -48.2850454,
          -18.8703579
        ]
      },
      "properties": {
        "codigo": "EN092",
        "endereco": "Rua Ana Paula, 42, Nossa Senhora das Graças, Uberlândia - MG, Brasil",
        "qtld": "125b",
        "imovel": "Res."
      }
    },
    {
      "type": "Feature",
      "geometry": {
        "type": "Point",
        "coordinates": [
          -48.2749681,
          -18.8883988
        ]
      },
      "properties": {
        "codigo": "EN097",
        "endereco": "Avenida Balaiadas, 218, Nossa Senhora das Graças, Uberlândia - MG, Brasil",
        "qtld": "27c",
        "imovel": "Res."
      }
    },
    {
      "type": "Feature",
      "geometry": {
        "type": "Point",
        "coordinates": [
          -48.2887178,
          -18.8656284
        ]
      },
      "properties": {
        "codigo": "EN105",
        "endereco": "AVENIDA JOSÉ ANDRAUS GASSANI, 155, Industrial, Uberlândia - MG, Brasil",
        "qtld": "4A 155",
        "imovel": "Com."
      }
    },
    {
      "type": "Feature",
      "geometry": {
        "type": "Point",
        "coordinates": [
          -48.2609822,
          -18.8739385
        ]
      },
      "properties": {
        "codigo": "EN106",
        "endereco": "Avenida José Andraus Gassani, 253, Industrial, Uberlândia - MG, Brasil",
        "qtld": "1B",
        "imovel": "Com."
      }
    },
    {
      "type": "Feature",
      "geometry": {
        "type": "Point",
        "coordinates": [
          -48.2708645,
          -18.8671452
        ]
      },
      "properties": {
        "codigo": "EN108",
        "endereco": "AVENIDA JOSÉ ANDRAUS GASSANI, 1475, Industrial, Uberlândia - MG, Brasil",
        "qtld": "2B 1475",
        "imovel": "Com."
      }
    },
    {
      "type": "Feature",
      "geometry": {
        "type": "Point",
        "coordinates": [
          -48.2687957,
          -18.8685873
        ]
      },
      "properties": {
        "codigo": "EN110",
        "endereco": "AVENIDA JOSÉ ANDRAUS GASSANI, 1193, Industrial, Uberlândia - MG, Brasil",
        "qtld": "2B 1193",
        "imovel": "Com."
      }
    },
    {
      "type": "Feature",
      "geometry": {
        "type": "Point",
        "coordinates": [
          -48.2687957,
          -18.8685873
        ]
      },
      "properties": {
        "codigo": "EN111",
        "endereco": "AVENIDA JOSÉ ANDRAUS GASSANI, 1193, Industrial, Uberlândia - MG, Brasil",
        "qtld": "2B1193",
        "imovel": "Com."
      }
    },
    {
      "type": "Feature",
      "geometry": {
        "type": "Point",
        "coordinates": [
          -48.2609149,
          -18.8737795
        ]
      },
      "properties": {
        "codigo": "EN113",
        "endereco": "AVENIDA JOSÉ ANDRAUS GASSANI, 257, Industrial, Uberlândia - MG, Brasil",
        "qtld": "2B 257",
        "imovel": "Com."
      }
    },
    {
      "type": "Feature",
      "geometry": {
        "type": "Point",
        "coordinates": [
          -48.2609149,
          -18.8737795
        ]
      },
      "properties": {
        "codigo": "EN114",
        "endereco": "AVENIDA JOSÉ ANDRAUS GASSANI, 257, Industrial, Uberlândia - MG, Brasil",
        "qtld": "2B 257",
        "imovel": "Com."
      }
    },
    {
      "type": "Feature",
      "geometry": {
        "type": "Point",
        "coordinates": [
          -48.26468,
          -18.8709238
        ]
      },
      "properties": {
        "codigo": "EN116",
        "endereco": "AVENIDA JOSÉ ANDRAUS GASSANI, 665, Industrial, Uberlândia - MG, Brasil",
        "qtld": "2B 665",
        "imovel": "Com."
      }
    },
    {
      "type": "Feature",
      "geometry": {
        "type": "Point",
        "coordinates": [
          -48.26468,
          -18.8709238
        ]
      },
      "properties": {
        "codigo": "EN117",
        "endereco": "AVENIDA JOSÉ ANDRAUS GASSANI, 665, Industrial, Uberlândia - MG, Brasil",
        "qtld": "2B 665",
        "imovel": "Com."
      }
    },
    {
      "type": "Feature",
      "geometry": {
        "type": "Point",
        "coordinates": [
          -48.275441,
          -18.8728536
        ]
      },
      "properties": {
        "codigo": "EN118",
        "endereco": "Rua flor de lis, 104, Nossa Senhora das Graças, Uberlândia - MG, Brasil",
        "qtld": "118a",
        "imovel": "Res."
      }
    },
    {
      "type": "Feature",
      "geometry": {
        "type": "Point",
        "coordinates": [
          -48.3020137,
          -18.8466311
        ]
      },
      "properties": {
        "codigo": "EN123",
        "endereco": "RUA CÉSAR MUGNAT0, 5117, Industrial, Uberlândia - MG, Brasil",
        "qtld": "34B 5117",
        "imovel": "Com."
      }
    },
    {
      "type": "Feature",
      "geometry": {
        "type": "Point",
        "coordinates": [
          -48.3032198,
          -18.9066785
        ]
      },
      "properties": {
        "codigo": "EN124",
        "endereco": "AVENIDA ANTÔNIO TOMAZ FERREIRA DE REZENDE, 5280, Industrial, Uberlândia - MG, Brasil",
        "qtld": "38A 5280",
        "imovel": "Com."
      }
    },
    {
      "type": "Feature",
      "geometry": {
        "type": "Point",
        "coordinates": [
          -48.3032198,
          -18.9066785
        ]
      },
      "properties": {
        "codigo": "EN125",
        "endereco": "AVENIDA ANTÔNIO TOMAZ FERREIRA DE RESENDE, 5100, Industrial, Uberlândia - MG, Brasil",
        "qtld": "38A 5100",
        "imovel": "Com."
      }
    },
    {
      "type": "Feature",
      "geometry": {
        "type": "Point",
        "coordinates": [
          -48.3032198,
          -18.9066785
        ]
      },
      "properties": {
        "codigo": "EN126",
        "endereco": "AVENIDA ANTÔNIO TOMAZ FERREIRA DE RESENDE, 5100, Industrial, Uberlândia - MG, Brasil",
        "qtld": "38A 5100",
        "imovel": "Com."
      }
    },
    {
      "type": "Feature",
      "geometry": {
        "type": "Point",
        "coordinates": [
          -48.3005081,
          -18.8496668
        ]
      },
      "properties": {
        "codigo": "EN127",
        "endereco": "RUA JOAQUIM PEDRO GONÇALVES, 200, Industrial, Uberlândia - MG, Brasil",
        "qtld": "34C 200",
        "imovel": "Com."
      }
    },
    {
      "type": "Feature",
      "geometry": {
        "type": "Point",
        "coordinates": [
          -48.3005081,
          -18.8496668
        ]
      },
      "properties": {
        "codigo": "EN128",
        "endereco": "RUA JOAQUIM PEDRO GONÇALVES, 200, Industrial, Uberlândia - MG, Brasil",
        "qtld": "34C 200",
        "imovel": "Com."
      }
    },
    {
      "type": "Feature",
      "geometry": {
        "type": "Point",
        "coordinates": [
          -48.3005081,
          -18.8496668
        ]
      },
      "properties": {
        "codigo": "EN130",
        "endereco": "RUA JOAQUIM PEDRO, 200, Industrial, Uberlândia - MG, Brasil",
        "qtld": "34C",
        "imovel": "Com."
      }
    },
    {
      "type": "Feature",
      "geometry": {
        "type": "Point",
        "coordinates": [
          -48.2678753,
          -18.8759078
        ]
      },
      "properties": {
        "codigo": "EN133",
        "endereco": "Avenida Cabanadas, 397, Marta Helena, Uberlândia - MG, Brasil",
        "qtld": "113c",
        "imovel": "Com."
      }
    },
    {
      "type": "Feature",
      "geometry": {
        "type": "Point",
        "coordinates": [
          -48.2669053,
          -18.8775348
        ]
      },
      "properties": {
        "codigo": "EN154",
        "endereco": "Rua Iguaçu, 405, Marta Helena, Uberlândia - MG, Brasil",
        "qtld": "108c",
        "imovel": "Res."
      }
    },
    {
      "type": "Feature",
      "geometry": {
        "type": "Point",
        "coordinates": [
          -48.2701089,
          -18.8648249
        ]
      },
      "properties": {
        "codigo": "EN156",
        "endereco": "Rua ancre, 281, Marta Helena, Uberlândia - MG, Brasil",
        "qtld": "91d",
        "imovel": "Res."
      }
    },
    {
      "type": "Feature",
      "geometry": {
        "type": "Point",
        "coordinates": [
          -48.2692007,
          -18.8772445
        ]
      },
      "properties": {
        "codigo": "EN159",
        "endereco": "Rua Acre, 129, Marta Helena, Uberlândia - MG, Brasil",
        "qtld": "87d",
        "imovel": "Res."
      }
    },
    {
      "type": "Feature",
      "geometry": {
        "type": "Point",
        "coordinates": [
          -48.2676419,
          -18.878507
        ]
      },
      "properties": {
        "codigo": "EN160",
        "endereco": "Rua acre, 234, Marta Helena, Uberlândia - MG, Brasil",
        "qtld": "90a",
        "imovel": "Res."
      }
    },
    {
      "type": "Feature",
      "geometry": {
        "type": "Point",
        "coordinates": [
          -48.2622746,
          -18.8647779
        ]
      },
      "properties": {
        "codigo": "EN172",
        "endereco": "Rua da fartura, 1879, MInas Gerais, Uberlândia - MG, Brasil",
        "qtld": "85b",
        "imovel": "Res."
      }
    },
    {
      "type": "Feature",
      "geometry": {
        "type": "Point",
        "coordinates": [
          -48.2619635,
          -18.864318
        ]
      },
      "properties": {
        "codigo": "EN173",
        "endereco": "Rua da fartura, 1941, MInas Gerais, Uberlândia - MG, Brasil",
        "qtld": "86c",
        "imovel": "Res."
      }
    },
    {
      "type": "Feature",
      "geometry": {
        "type": "Point",
        "coordinates": [
          -48.2614217,
          -18.8653654
        ]
      },
      "properties": {
        "codigo": "EN176",
        "endereco": "Rua Manoel Bandeira, 791, MInas Gerais, Uberlândia - MG, Brasil",
        "qtld": "67d",
        "imovel": "Res."
      }
    },
    {
      "type": "Feature",
      "geometry": {
        "type": "Point",
        "coordinates": [
          -48.26078,
          -18.8658413
        ]
      },
      "properties": {
        "codigo": "EN178",
        "endereco": "Rua Manoel Bandeira, 699, MInas Gerais, Uberlândia - MG, Brasil",
        "qtld": "60a",
        "imovel": "Res."
      }
    },
    {
      "type": "Feature",
      "geometry": {
        "type": "Point",
        "coordinates": [
          -48.2606973,
          -18.8649068
        ]
      },
      "properties": {
        "codigo": "EN179",
        "endereco": "Rua do Paiol, 1604, MInas Gerais, Uberlândia - MG, Brasil",
        "qtld": "61a",
        "imovel": "Res."
      }
    },
    {
      "type": "Feature",
      "geometry": {
        "type": "Point",
        "coordinates": [
          -48.2618197,
          -18.8637609
        ]
      },
      "properties": {
        "codigo": "EN180",
        "endereco": "Rua Manoel Bacman, 916, MInas Gerais, Uberlândia - MG, Brasil",
        "qtld": "64d",
        "imovel": "Res."
      }
    },
    {
      "type": "Feature",
      "geometry": {
        "type": "Point",
        "coordinates": [
          -48.2611918,
          -18.8641391
        ]
      },
      "properties": {
        "codigo": "EN181",
        "endereco": "Rua Manoel backman, 834, MInas Gerais, Uberlândia - MG, Brasil",
        "qtld": "65b",
        "imovel": "Res."
      }
    },
    {
      "type": "Feature",
      "geometry": {
        "type": "Point",
        "coordinates": [
          -48.2601368,
          -18.8649885
        ]
      },
      "properties": {
        "codigo": "EN182",
        "endereco": "Manoel backman, 700, MInas Gerais, Uberlândia - MG, Brasil",
        "qtld": "62c",
        "imovel": "Res."
      }
    },
    {
      "type": "Feature",
      "geometry": {
        "type": "Point",
        "coordinates": [
          -48.2757951,
          -18.8691264
        ]
      },
      "properties": {
        "codigo": "EN184",
        "endereco": "Avenida Bento Gonçalves, 934, Nossa Senhora das Graças, Uberlândia - MG, Brasil",
        "qtld": "89c",
        "imovel": "Res."
      }
    },
    {
      "type": "Feature",
      "geometry": {
        "type": "Point",
        "coordinates": [
          -48.2764214,
          -18.8696087
        ]
      },
      "properties": {
        "codigo": "EN185",
        "endereco": "Rua Bento Gonçalves, 851, Nossa Senhora das Graças, Uberlândia - MG, Brasil",
        "qtld": "87c",
        "imovel": "Res."
      }
    },
    {
      "type": "Feature",
      "geometry": {
        "type": "Point",
        "coordinates": [
          -48.2752232,
          -18.8755219
        ]
      },
      "properties": {
        "codigo": "EN186",
        "endereco": "Rua Confederação do Equador, 540, Nossa Senhora das Graças, Uberlândia - MG, Brasil",
        "qtld": "40c",
        "imovel": "Res."
      }
    },
    {
      "type": "Feature",
      "geometry": {
        "type": "Point",
        "coordinates": [
          -48.2751584,
          -18.8750116
        ]
      },
      "properties": {
        "codigo": "EN187",
        "endereco": "Rua Confederação do Equador, 591, Nossa Senhora das Graças, Uberlândia - MG, Brasil",
        "qtld": "43c",
        "imovel": "Com."
      }
    },
    {
      "type": "Feature",
      "geometry": {
        "type": "Point",
        "coordinates": [
          -48.2728931,
          -18.8772028
        ]
      },
      "properties": {
        "codigo": "EN195",
        "endereco": "Av farroupilias, 527, Nossa Senhora das Graças, Uberlândia - MG, Brasil",
        "qtld": "30a",
        "imovel": "Com."
      }
    },
    {
      "type": "Feature",
      "geometry": {
        "type": "Point",
        "coordinates": [
          -48.2683524,
          -18.8829911
        ]
      },
      "properties": {
        "codigo": "EN216",
        "endereco": "Av Antônio Tomaz de Resende, 185, Marta Helena, Uberlândia - MG, Brasil",
        "qtld": "58b",
        "imovel": "Com."
      }
    },
    {
      "type": "Feature",
      "geometry": {
        "type": "Point",
        "coordinates": [
          -48.2977348,
          -18.9088524
        ]
      },
      "properties": {
        "codigo": "EN217",
        "endereco": "Avenida Antônio Tomás de Resende, 115, Marta Helena, Uberlândia - MG, Brasil",
        "qtld": "55c",
        "imovel": "Com."
      }
    },
    {
      "type": "Feature",
      "geometry": {
        "type": "Point",
        "coordinates": [
          -48.2617728,
          -18.8681453
        ]
      },
      "properties": {
        "codigo": "EN218",
        "endereco": "Rua ceres, 1658, MInas Gerais, Uberlândia - MG, Brasil",
        "qtld": "47c",
        "imovel": "Res."
      }
    },
    {
      "type": "Feature",
      "geometry": {
        "type": "Point",
        "coordinates": [
          -48.2611156,
          -18.8672212
        ]
      },
      "properties": {
        "codigo": "EN220",
        "endereco": "Rua ceres, 1796, MInas Gerais, Uberlândia - MG, Brasil",
        "qtld": "45c",
        "imovel": "Res."
      }
    },
    {
      "type": "Feature",
      "geometry": {
        "type": "Point",
        "coordinates": [
          -48.2601259,
          -18.867376
        ]
      },
      "properties": {
        "codigo": "EN221",
        "endereco": "Rua da tulia, 3125, MInas Gerais, Uberlândia - MG, Brasil",
        "qtld": "45a",
        "imovel": "Com."
      }
    },
    {
      "type": "Feature",
      "geometry": {
        "type": "Point",
        "coordinates": [
          -48.2622729,
          -18.8683492
        ]
      },
      "properties": {
        "codigo": "EN224",
        "endereco": "Rua ceres, 1595, MInas Gerais, Uberlândia - MG, Brasil",
        "qtld": "57c",
        "imovel": "Res."
      }
    },
    {
      "type": "Feature",
      "geometry": {
        "type": "Point",
        "coordinates": [
          -48.2593559,
          -18.8645995
        ]
      },
      "properties": {
        "codigo": "EN225",
        "endereco": "Rua ceres, 600, MInas Gerais, Uberlândia - MG, Brasil",
        "qtld": "58b",
        "imovel": "Com."
      }
    },
    {
      "type": "Feature",
      "geometry": {
        "type": "Point",
        "coordinates": [
          -48.2612121,
          -18.8670556
        ]
      },
      "properties": {
        "codigo": "EN226",
        "endereco": "Rua ceres, 1793, MInas Gerais, Uberlândia - MG, Brasil",
        "qtld": "59c",
        "imovel": "Com."
      }
    },
    {
      "type": "Feature",
      "geometry": {
        "type": "Point",
        "coordinates": [
          -48.2612664,
          -18.8692711
        ]
      },
      "properties": {
        "codigo": "EN228",
        "endereco": "Rua da Tulia, 2894, MInas Gerais, Uberlândia - MG, Brasil",
        "qtld": "39d",
        "imovel": "Res."
      }
    },
    {
      "type": "Feature",
      "geometry": {
        "type": "Point",
        "coordinates": [
          -48.2672664,
          -18.8819781
        ]
      },
      "properties": {
        "codigo": "EN230",
        "endereco": "Avenida Quilombo dos Palmares, 1445, Marta Helena, Uberlândia - MG, Brasil",
        "qtld": "65c",
        "imovel": "Res."
      }
    },
    {
      "type": "Feature",
      "geometry": {
        "type": "Point",
        "coordinates": [
          -48.2648039,
          -18.8708267
        ]
      },
      "properties": {
        "codigo": "EN232",
        "endereco": "Avenida José Andraus Gassani, 760, MInas Gerais, Uberlândia - MG, Brasil",
        "qtld": "52c",
        "imovel": "Com."
      }
    },
    {
      "type": "Feature",
      "geometry": {
        "type": "Point",
        "coordinates": [
          -48.2607027,
          -18.8652824
        ]
      },
      "properties": {
        "codigo": "EN233",
        "endereco": "Rua do Paiol, 820, MInas Gerais, Uberlândia - MG, Brasil",
        "qtld": "74d",
        "imovel": "Com."
      }
    },
    {
      "type": "Feature",
      "geometry": {
        "type": "Point",
        "coordinates": [
          -48.2640822,
          -18.8708978
        ]
      },
      "properties": {
        "codigo": "EN236",
        "endereco": "Rua Ceres, 1301, MInas Gerais, Uberlândia - MG, Brasil",
        "qtld": "52b",
        "imovel": "Com."
      }
    },
    {
      "type": "Feature",
      "geometry": {
        "type": "Point",
        "coordinates": [
          -48.2646459,
          -18.869905
        ]
      },
      "properties": {
        "codigo": "EN237",
        "endereco": "Rua do Paiol, 91, MInas Gerais, Uberlândia - MG, Brasil",
        "qtld": "53a",
        "imovel": "Com."
      }
    },
    {
      "type": "Feature",
      "geometry": {
        "type": "Point",
        "coordinates": [
          -48.2656173,
          -18.8693603
        ]
      },
      "properties": {
        "codigo": "EN239",
        "endereco": "Rua da fartura, 1275, MInas Gerais, Uberlândia - MG, Brasil",
        "qtld": "77c",
        "imovel": "Res."
      }
    },
    {
      "type": "Feature",
      "geometry": {
        "type": "Point",
        "coordinates": [
          -48.2591792,
          -18.8740769
        ]
      },
      "properties": {
        "codigo": "EN240",
        "endereco": "Rua gumercindo silva, 67, MInas Gerais, Uberlândia - MG, Brasil",
        "qtld": "75d",
        "imovel": "Com."
      }
    },
    {
      "type": "Feature",
      "geometry": {
        "type": "Point",
        "coordinates": [
          -48.2663001,
          -18.8697208
        ]
      },
      "properties": {
        "codigo": "EN242",
        "endereco": "Avenida José Andraus Gassani, 990, MInas Gerais, Uberlândia - MG, Brasil",
        "qtld": "76c",
        "imovel": "Com."
      }
    },
    {
      "type": "Feature",
      "geometry": {
        "type": "Point",
        "coordinates": [
          -48.2860147,
          -18.8682278
        ]
      },
      "properties": {
        "codigo": "EN243",
        "endereco": "Rua leste, 15, Nossa Senhora das Graças, Uberlândia - MG, Brasil",
        "qtld": "120a",
        "imovel": "Res."
      }
    },
    {
      "type": "Feature",
      "geometry": {
        "type": "Point",
        "coordinates": [
          -48.2859651,
          -18.8678698
        ]
      },
      "properties": {
        "codigo": "EN244",
        "endereco": "Rua Alvacaz, 71, Nossa Senhora das Graças, Uberlândia - MG, Brasil",
        "qtld": "119a",
        "imovel": "Res."
      }
    },
    {
      "type": "Feature",
      "geometry": {
        "type": "Point",
        "coordinates": [
          -48.2863662,
          -18.8678355
        ]
      },
      "properties": {
        "codigo": "EN245",
        "endereco": "Rua alvacaz, 74, Nossa Senhora das Graças, Uberlândia - MG, Brasil",
        "qtld": "120d",
        "imovel": "Res."
      }
    },
    {
      "type": "Feature",
      "geometry": {
        "type": "Point",
        "coordinates": [
          -48.2860845,
          -18.8679575
        ]
      },
      "properties": {
        "codigo": "EN246",
        "endereco": "Rua Alvacaz, 94, Nossa Senhora das Graças, Uberlândia - MG, Brasil",
        "qtld": "120d",
        "imovel": "Res."
      }
    },
    {
      "type": "Feature",
      "geometry": {
        "type": "Point",
        "coordinates": [
          -48.275441,
          -18.8728536
        ]
      },
      "properties": {
        "codigo": "EN248",
        "endereco": "Rua flor de lis, 45, Nossa Senhora das Graças, Uberlândia - MG, Brasil",
        "qtld": "117d",
        "imovel": "Res."
      }
    },
    {
      "type": "Feature",
      "geometry": {
        "type": "Point",
        "coordinates": [
          -48.2851077,
          -18.8665846
        ]
      },
      "properties": {
        "codigo": "EN249",
        "endereco": "Rua Cristina, 78, Nossa Senhora das Graças, Uberlândia - MG, Brasil",
        "qtld": "119b",
        "imovel": "Res."
      }
    },
    {
      "type": "Feature",
      "geometry": {
        "type": "Point",
        "coordinates": [
          -48.2846171,
          -18.8663449
        ]
      },
      "properties": {
        "codigo": "EN250",
        "endereco": "Rua central, 60, Nossa Senhora das Graças, Uberlândia - MG, Brasil",
        "qtld": "119c",
        "imovel": "Res."
      }
    },
    {
      "type": "Feature",
      "geometry": {
        "type": "Point",
        "coordinates": [
          -48.2852208,
          -18.8659503
        ]
      },
      "properties": {
        "codigo": "EN251",
        "endereco": "Rua central, 32, Nossa Senhora das Graças, Uberlândia - MG, Brasil",
        "qtld": "118b",
        "imovel": "Res."
      }
    },
    {
      "type": "Feature",
      "geometry": {
        "type": "Point",
        "coordinates": [
          -48.2854881,
          -18.8666396
        ]
      },
      "properties": {
        "codigo": "EN252",
        "endereco": "Rua Cristina, 83, Nossa Senhora das Graças, Uberlândia - MG, Brasil",
        "qtld": "118c",
        "imovel": "Res."
      }
    },
    {
      "type": "Feature",
      "geometry": {
        "type": "Point",
        "coordinates": [
          -48.2857736,
          -18.8655046
        ]
      },
      "properties": {
        "codigo": "EN253",
        "endereco": "Rua central, 4, Nossa Senhora das Graças, Uberlândia - MG, Brasil",
        "qtld": "117c",
        "imovel": "Res."
      }
    },
    {
      "type": "Feature",
      "geometry": {
        "type": "Point",
        "coordinates": [
          -48.2854893,
          -18.8662201
        ]
      },
      "properties": {
        "codigo": "EN254",
        "endereco": "Rua flor de liz, 104, Nossa Senhora das Graças, Uberlândia - MG, Brasil",
        "qtld": "118a",
        "imovel": "Res."
      }
    },
    {
      "type": "Feature",
      "geometry": {
        "type": "Point",
        "coordinates": [
          -48.2708703,
          -18.8805138
        ]
      },
      "properties": {
        "codigo": "EN257",
        "endereco": "Av cabanadas, 60, Nossa Senhora das Graças, Uberlândia - MG, Brasil",
        "qtld": "8b",
        "imovel": "Com."
      }
    },
    {
      "type": "Feature",
      "geometry": {
        "type": "Point",
        "coordinates": [
          -48.2703905,
          -18.8789613
        ]
      },
      "properties": {
        "codigo": "EN258",
        "endereco": "Av doutor rofles cecilio, 153, Nossa Senhora das Graças, Uberlândia - MG, Brasil",
        "qtld": "10c",
        "imovel": "Com."
      }
    },
    {
      "type": "Feature",
      "geometry": {
        "type": "Point",
        "coordinates": [
          -48.2709897,
          -18.8788244
        ]
      },
      "properties": {
        "codigo": "EN259",
        "endereco": "Avenida Garcia Lorca, 184, Nossa Senhora das Graças, Uberlândia - MG, Brasil",
        "qtld": "10a",
        "imovel": "Res."
      }
    },
    {
      "type": "Feature",
      "geometry": {
        "type": "Point",
        "coordinates": [
          -48.2712357,
          -18.8789883
        ]
      },
      "properties": {
        "codigo": "EN261",
        "endereco": "Rua Garcia lorca, 1540, Nossa Senhora das Graças, Uberlândia - MG, Brasil",
        "qtld": "2d",
        "imovel": "Res."
      }
    },
    {
      "type": "Feature",
      "geometry": {
        "type": "Point",
        "coordinates": [
          -48.2712357,
          -18.8789883
        ]
      },
      "properties": {
        "codigo": "EN262",
        "endereco": "Avenida Garcia Lorca, 1520, Nossa Senhora das Graças, Uberlândia - MG, Brasil",
        "qtld": "3a",
        "imovel": "Res."
      }
    },
    {
      "type": "Feature",
      "geometry": {
        "type": "Point",
        "coordinates": [
          -48.2716093,
          -18.8791662
        ]
      },
      "properties": {
        "codigo": "EN263",
        "endereco": "Av Garcia Lorca, 105, Nossa Senhora das Graças, Uberlândia - MG, Brasil",
        "qtld": "6a",
        "imovel": "Res."
      }
    },
    {
      "type": "Feature",
      "geometry": {
        "type": "Point",
        "coordinates": [
          -48.2710614,
          -18.8803959
        ]
      },
      "properties": {
        "codigo": "EN264",
        "endereco": "Avenida cabanadas, 965, Nossa Senhora das Graças, Uberlândia - MG, Brasil",
        "qtld": "2b 965",
        "imovel": "Com."
      }
    },
    {
      "type": "Feature",
      "geometry": {
        "type": "Point",
        "coordinates": [
          -48.3711101,
          -18.7319223
        ]
      },
      "properties": {
        "codigo": "EN266",
        "endereco": "José Camin, 510, Distrito Cruzeiro dos Peixotos, Uberlândia - MG, Brasil",
        "qtld": "7D",
        "imovel": "Res."
      }
    },
    {
      "type": "Feature",
      "geometry": {
        "type": "Point",
        "coordinates": [
          -48.3712768,
          -18.732414
        ]
      },
      "properties": {
        "codigo": "EN267",
        "endereco": "Rua José Camim, 560, Distrito Cruzeiro dos Peixotos, Uberlândia - MG, Brasil",
        "qtld": "04D",
        "imovel": "Res."
      }
    },
    {
      "type": "Feature",
      "geometry": {
        "type": "Point",
        "coordinates": [
          -48.3717831,
          -18.7327832
        ]
      },
      "properties": {
        "codigo": "EN268",
        "endereco": "Joaquim Antônio de Freitas, 191, Distrito Cruzeiro dos Peixotos, Uberlândia - MG, Brasil",
        "qtld": "4A",
        "imovel": "Res."
      }
    },
    {
      "type": "Feature",
      "geometry": {
        "type": "Point",
        "coordinates": [
          -48.3724555,
          -18.7313392
        ]
      },
      "properties": {
        "codigo": "EN271",
        "endereco": "Rua Auxiliar, 11, Distrito Cruzeiro dos Peixotos, Uberlândia - MG, Brasil",
        "qtld": "3C",
        "imovel": "Res."
      }
    },
    {
      "type": "Feature",
      "geometry": {
        "type": "Point",
        "coordinates": [
          -48.3726251,
          -18.7317916
        ]
      },
      "properties": {
        "codigo": "EN272",
        "endereco": "Rua Eclipse, 55, Distrito Cruzeiro dos Peixotos, Uberlândia - MG, Brasil",
        "qtld": "2B",
        "imovel": "Res."
      }
    },
    {
      "type": "Feature",
      "geometry": {
        "type": "Point",
        "coordinates": [
          -48.3701184,
          -18.7326985
        ]
      },
      "properties": {
        "codigo": "EN273",
        "endereco": "Av Sol Nascente, 540, Distrito Cruzeiro dos Peixotos, Uberlândia - MG, Brasil",
        "qtld": "05D 540",
        "imovel": "Res."
      }
    },
    {
      "type": "Feature",
      "geometry": {
        "type": "Point",
        "coordinates": [
          -48.3709984,
          -18.7299184
        ]
      },
      "properties": {
        "codigo": "EN274",
        "endereco": "Rua Boa Viagem, 50, Distrito Cruzeiro dos Peixotos, Uberlândia - MG, Brasil",
        "qtld": "16B",
        "imovel": "Res."
      }
    },
    {
      "type": "Feature",
      "geometry": {
        "type": "Point",
        "coordinates": [
          -48.3705784,
          -18.7291452
        ]
      },
      "properties": {
        "codigo": "EN275",
        "endereco": "Av Boa viagem, 58, Distrito Cruzeiro dos Peixotos, Uberlândia - MG, Brasil",
        "qtld": "2B",
        "imovel": "Com."
      }
    },
    {
      "type": "Feature",
      "geometry": {
        "type": "Point",
        "coordinates": [
          -48.3712683,
          -18.730045
        ]
      },
      "properties": {
        "codigo": "EN276",
        "endereco": "Rua do lavrador, 1, Distrito Cruzeiro dos Peixotos, Uberlândia - MG, Brasil",
        "qtld": "12C",
        "imovel": "Out."
      }
    },
    {
      "type": "Feature",
      "geometry": {
        "type": "Point",
        "coordinates": [
          -48.3712862,
          -18.7300946
        ]
      },
      "properties": {
        "codigo": "EN277",
        "endereco": "Rua do Lavrador, 11, Distrito Cruzeiro dos Peixotos, Uberlândia - MG, Brasil",
        "qtld": "16A",
        "imovel": "Com."
      }
    },
    {
      "type": "Feature",
      "geometry": {
        "type": "Point",
        "coordinates": [
          -48.3696869,
          -18.7305089
        ]
      },
      "properties": {
        "codigo": "EN278",
        "endereco": "Do Lavrador, 193, Distrito Cruzeiro dos Peixotos, Uberlândia - MG, Brasil",
        "qtld": "15A",
        "imovel": "Res."
      }
    },
    {
      "type": "Feature",
      "geometry": {
        "type": "Point",
        "coordinates": [
          -48.3704544,
          -18.7308582
        ]
      },
      "properties": {
        "codigo": "EN279",
        "endereco": "Rua José Camin, 379, Distrito Cruzeiro dos Peixotos, Uberlândia - MG, Brasil",
        "qtld": "13B",
        "imovel": "Res."
      }
    },
    {
      "type": "Feature",
      "geometry": {
        "type": "Point",
        "coordinates": [
          -48.3696538,
          -18.7295994
        ]
      },
      "properties": {
        "codigo": "EN281",
        "endereco": "Avenida João Cláudio Peixoto, 114, Distrito Cruzeiro dos Peixotos, Uberlândia - MG, Brasil",
        "qtld": "15C",
        "imovel": "Out."
      }
    },
    {
      "type": "Feature",
      "geometry": {
        "type": "Point",
        "coordinates": [
          -48.3701962,
          -18.7301164
        ]
      },
      "properties": {
        "codigo": "EN282",
        "endereco": "José Camin, 285, Distrito Cruzeiro dos Peixotos, Uberlândia - MG, Brasil",
        "qtld": "15A",
        "imovel": "Res."
      }
    },
    {
      "type": "Feature",
      "geometry": {
        "type": "Point",
        "coordinates": [
          -48.3704565,
          -18.7290217
        ]
      },
      "properties": {
        "codigo": "EN284",
        "endereco": "Av João Cláudio Peixoto, 15, Distrito Cruzeiro dos Peixotos, Uberlândia - MG, Brasil",
        "qtld": "17A",
        "imovel": "Res."
      }
    },
    {
      "type": "Feature",
      "geometry": {
        "type": "Point",
        "coordinates": [
          -48.3680117,
          -18.727613
        ]
      },
      "properties": {
        "codigo": "EN285",
        "endereco": "Rua da Educação, 77, Distrito Cruzeiro dos Peixotos, Uberlândia - MG, Brasil",
        "qtld": "21C",
        "imovel": "Res."
      }
    },
    {
      "type": "Feature",
      "geometry": {
        "type": "Point",
        "coordinates": [
          -48.3672401,
          -18.7282065
        ]
      },
      "properties": {
        "codigo": "EN286",
        "endereco": "Praça Santo Antônio, 55, Distrito Cruzeiro dos Peixotos, Uberlândia - MG, Brasil",
        "qtld": "19D",
        "imovel": "Res."
      }
    },
    {
      "type": "Feature",
      "geometry": {
        "type": "Point",
        "coordinates": [
          -48.3683908,
          -18.727907
        ]
      },
      "properties": {
        "codigo": "EN287",
        "endereco": "Av Sol Nascente, 110, Distrito Cruzeiro dos Peixotos, Uberlândia - MG, Brasil",
        "qtld": "20D",
        "imovel": "Res."
      }
    },
    {
      "type": "Feature",
      "geometry": {
        "type": "Point",
        "coordinates": [
          -48.3681849,
          -18.7281976
        ]
      },
      "properties": {
        "codigo": "EN288",
        "endereco": "Av Sol Nascente, 115, Distrito Cruzeiro dos Peixotos, Uberlândia - MG, Brasil",
        "qtld": "19B",
        "imovel": "Res."
      }
    },
    {
      "type": "Feature",
      "geometry": {
        "type": "Point",
        "coordinates": [
          -48.3671447,
          -18.7281204
        ]
      },
      "properties": {
        "codigo": "EN289",
        "endereco": "Rua Francisco de Assis, 43, Distrito Cruzeiro dos Peixotos, Uberlândia - MG, Brasil",
        "qtld": "25C",
        "imovel": "Res."
      }
    },
    {
      "type": "Feature",
      "geometry": {
        "type": "Point",
        "coordinates": [
          -48.3681019,
          -18.7285768
        ]
      },
      "properties": {
        "codigo": "EN291",
        "endereco": "Rua Belizario Dias, 241, Distrito Cruzeiro dos Peixotos, Uberlândia - MG, Brasil",
        "qtld": "18C",
        "imovel": "Res."
      }
    },
    {
      "type": "Feature",
      "geometry": {
        "type": "Point",
        "coordinates": [
          -48.3686392,
          -18.7288788
        ]
      },
      "properties": {
        "codigo": "EN292",
        "endereco": "Av Sol Nascente, 198, Distrito Cruzeiro dos Peixotos, Uberlândia - MG, Brasil",
        "qtld": "18D",
        "imovel": "Res."
      }
    },
    {
      "type": "Feature",
      "geometry": {
        "type": "Point",
        "coordinates": [
          -48.369239,
          -18.7277747
        ]
      },
      "properties": {
        "codigo": "EN294",
        "endereco": "Avenida José Camin, 59, Distrito Cruzeiro dos Peixotos, Uberlândia - MG, Brasil",
        "qtld": "20B",
        "imovel": "Res."
      }
    },
    {
      "type": "Feature",
      "geometry": {
        "type": "Point",
        "coordinates": [
          -48.3694181,
          -18.7276751
        ]
      },
      "properties": {
        "codigo": "EN295",
        "endereco": "Avenida José Camin, 60, Distrito Cruzeiro dos Peixotos, Uberlândia - MG, Brasil",
        "qtld": "17A",
        "imovel": "Res."
      }
    },
    {
      "type": "Feature",
      "geometry": {
        "type": "Point",
        "coordinates": [
          -48.3688549,
          -18.7271936
        ]
      },
      "properties": {
        "codigo": "EN296",
        "endereco": "Rua Da Educação, 146, Distrito Cruzeiro dos Peixotos, Uberlândia - MG, Brasil",
        "qtld": "22C",
        "imovel": "Out."
      }
    },
    {
      "type": "Feature",
      "geometry": {
        "type": "Point",
        "coordinates": [
          -48.3691093,
          -18.7273213
        ]
      },
      "properties": {
        "codigo": "EN297",
        "endereco": "Rua da Educação, 151, Distrito Cruzeiro dos Peixotos, Uberlândia - MG, Brasil",
        "qtld": "20C",
        "imovel": "Res."
      }
    },
    {
      "type": "Feature",
      "geometry": {
        "type": "Point",
        "coordinates": [
          -48.3669882,
          -18.7279767
        ]
      },
      "properties": {
        "codigo": "EN298",
        "endereco": "Praça Santo Antônio, 1, Distrito Cruzeiro dos Peixotos, Uberlândia - MG, Brasil",
        "qtld": "24A",
        "imovel": "Out."
      }
    },
    {
      "type": "Feature",
      "geometry": {
        "type": "Point",
        "coordinates": [
          -48.368038,
          -18.727339
        ]
      },
      "properties": {
        "codigo": "EN300",
        "endereco": "Avenida Sol Nascente, 46, Distrito Cruzeiro dos Peixotos, Uberlândia - MG, Brasil",
        "qtld": "23B",
        "imovel": "Res."
      }
    },
    {
      "type": "Feature",
      "geometry": {
        "type": "Point",
        "coordinates": [
          -48.26522,
          -18.8736843
        ]
      },
      "properties": {
        "codigo": "EN302",
        "endereco": "RUA : MARIA QUITÉRIA, 65, Marta Helena, Uberlândia - MG, Brasil",
        "qtld": "157B",
        "imovel": "Com."
      }
    },
    {
      "type": "Feature",
      "geometry": {
        "type": "Point",
        "coordinates": [
          -48.2714892,
          -18.879133
        ]
      },
      "properties": {
        "codigo": "EN339",
        "endereco": "AVENIDA: GARCIA LORCA, 115, Nossa Senhora das Graças, Uberlândia - MG, Brasil",
        "qtld": "6A",
        "imovel": "Res."
      }
    },
    {
      "type": "Feature",
      "geometry": {
        "type": "Point",
        "coordinates": [
          -48.2957568,
          -18.8790246
        ]
      },
      "properties": {
        "codigo": "EN343",
        "endereco": "Rua 14 de Julho, 1232, Pacaembu, Uberlândia - MG, Brasil",
        "qtld": "67D",
        "imovel": "Res."
      }
    },
    {
      "type": "Feature",
      "geometry": {
        "type": "Point",
        "coordinates": [
          -48.2961302,
          -18.8790567
        ]
      },
      "properties": {
        "codigo": "EN344",
        "endereco": "Rua 14 de Julho, 1311, Pacaembu, Uberlândia - MG, Brasil",
        "qtld": "68 A",
        "imovel": "Res."
      }
    },
    {
      "type": "Feature",
      "geometry": {
        "type": "Point",
        "coordinates": [
          -48.3275943,
          -18.9073164
        ]
      },
      "properties": {
        "codigo": "EN346",
        "endereco": "Rua 1° de janeiro, 150, Pacaembu, Uberlândia - MG, Brasil",
        "qtld": "89 B",
        "imovel": "Out."
      }
    },
    {
      "type": "Feature",
      "geometry": {
        "type": "Point",
        "coordinates": [
          -48.2950055,
          -18.8794878
        ]
      },
      "properties": {
        "codigo": "EN352",
        "endereco": "14 de Julho, 1148, Pacaembu, Uberlândia - MG, Brasil",
        "qtld": "67 D",
        "imovel": "Res."
      }
    },
    {
      "type": "Feature",
      "geometry": {
        "type": "Point",
        "coordinates": [
          -48.342851,
          -18.976101
        ]
      },
      "properties": {
        "codigo": "EO001",
        "endereco": "Rua José R. Duarte, 190, Monte Hebron, Uberlândia - MG, Brasil",
        "qtld": "40C",
        "imovel": "Res."
      }
    },
    {
      "type": "Feature",
      "geometry": {
        "type": "Point",
        "coordinates": [
          -48.3426706,
          -18.9765222
        ]
      },
      "properties": {
        "codigo": "EO004",
        "endereco": "Rua José Lahor Hortência, 161, Monte Hebron, Uberlândia - MG, Brasil",
        "qtld": "40A 161/1",
        "imovel": "Res."
      }
    },
    {
      "type": "Feature",
      "geometry": {
        "type": "Point",
        "coordinates": [
          -48.3440899,
          -18.9767741
        ]
      },
      "properties": {
        "codigo": "EO005",
        "endereco": "Rua Gleides de Fátima Alves Silva, 40, Monte Hebron, Uberlândia - MG, Brasil",
        "qtld": "39C",
        "imovel": "Res."
      }
    },
    {
      "type": "Feature",
      "geometry": {
        "type": "Point",
        "coordinates": [
          -48.3430762,
          -18.9761123
        ]
      },
      "properties": {
        "codigo": "EO006",
        "endereco": "Rua José R. Duarte, 151, Monte Hebron, Uberlândia - MG, Brasil",
        "qtld": "39A",
        "imovel": "Res."
      }
    },
    {
      "type": "Feature",
      "geometry": {
        "type": "Point",
        "coordinates": [
          -48.3426974,
          -18.9770172
        ]
      },
      "properties": {
        "codigo": "EO011",
        "endereco": "Rua José Lahor Hortência, 110, Monte Hebron, Uberlândia - MG, Brasil",
        "qtld": "41C 110",
        "imovel": "Res."
      }
    },
    {
      "type": "Feature",
      "geometry": {
        "type": "Point",
        "coordinates": [
          -48.3454754,
          -18.9748719
        ]
      },
      "properties": {
        "codigo": "EO015",
        "endereco": "Rua Divino Correa da Assunção, 261, Monte Hebron, Uberlândia - MG, Brasil",
        "qtld": "36D 261",
        "imovel": "Res."
      }
    },
    {
      "type": "Feature",
      "geometry": {
        "type": "Point",
        "coordinates": [
          -48.3454684,
          -18.9734532
        ]
      },
      "properties": {
        "codigo": "EO017",
        "endereco": "Rua Alzira Amância de Lucena, 356, Monte Hebron, Uberlândia - MG, Brasil",
        "qtld": "32A",
        "imovel": "Res."
      }
    },
    {
      "type": "Feature",
      "geometry": {
        "type": "Point",
        "coordinates": [
          -48.3451469,
          -18.9735655
        ]
      },
      "properties": {
        "codigo": "EO018",
        "endereco": "Rua Jovino César Gadia Sampaio, 375, Monte Hebron, Uberlândia - MG, Brasil",
        "qtld": "32C",
        "imovel": "Res."
      }
    },
    {
      "type": "Feature",
      "geometry": {
        "type": "Point",
        "coordinates": [
          -48.3455014,
          -18.9742111
        ]
      },
      "properties": {
        "codigo": "EO019",
        "endereco": "Rua Jovino César Gadia Sampaio, 306, Monte Hebron, Uberlândia - MG, Brasil",
        "qtld": "33B 306",
        "imovel": "Res."
      }
    },
    {
      "type": "Feature",
      "geometry": {
        "type": "Point",
        "coordinates": [
          -48.3458681,
          -18.9734539
        ]
      },
      "properties": {
        "codigo": "EO021",
        "endereco": "Rua Alzira Amância de Lucena, 305, Monte Hebron, Uberlândia - MG, Brasil",
        "qtld": "29D",
        "imovel": "Res."
      }
    },
    {
      "type": "Feature",
      "geometry": {
        "type": "Point",
        "coordinates": [
          -48.3461581,
          -18.9724873
        ]
      },
      "properties": {
        "codigo": "EO024",
        "endereco": "Rua Aurélio Antônio de Lime, 400, Monte Hebron, Uberlândia - MG, Brasil",
        "qtld": "27A 400",
        "imovel": "Res."
      }
    },
    {
      "type": "Feature",
      "geometry": {
        "type": "Point",
        "coordinates": [
          -48.3542468,
          -18.9765507
        ]
      },
      "properties": {
        "codigo": "EO025",
        "endereco": "Avenida Benedita Fagundes da Costa, 661, Monte Hebron, Uberlândia - MG, Brasil",
        "qtld": "59B 661",
        "imovel": "Res."
      }
    },
    {
      "type": "Feature",
      "geometry": {
        "type": "Point",
        "coordinates": [
          -48.3541862,
          -18.9755672
        ]
      },
      "properties": {
        "codigo": "EO028",
        "endereco": "Avenida Benedita Fagundes da Costa, 531, Monte Hebron, Uberlândia - MG, Brasil",
        "qtld": "59B 531",
        "imovel": "Res."
      }
    },
    {
      "type": "Feature",
      "geometry": {
        "type": "Point",
        "coordinates": [
          -48.3527769,
          -18.9750926
        ]
      },
      "properties": {
        "codigo": "EO030",
        "endereco": "Rua Irene Maria de Oliveira, 170, Monte Hebron, Uberlândia - MG, Brasil",
        "qtld": "64C",
        "imovel": "Res."
      }
    },
    {
      "type": "Feature",
      "geometry": {
        "type": "Point",
        "coordinates": [
          -48.3531396,
          -18.9768027
        ]
      },
      "properties": {
        "codigo": "EO032",
        "endereco": "Rua Frey Prudente Lúcio Nery, 74, Monte Hebron, Uberlândia - MG, Brasil",
        "qtld": "58D 74",
        "imovel": "Res."
      }
    },
    {
      "type": "Feature",
      "geometry": {
        "type": "Point",
        "coordinates": [
          -48.3528849,
          -18.977216
        ]
      },
      "properties": {
        "codigo": "EO033",
        "endereco": "Rua Guimara Alves Oliveira, 161, Monte Hebron, Uberlândia - MG, Brasil",
        "qtld": "58B 161",
        "imovel": "Res."
      }
    },
    {
      "type": "Feature",
      "geometry": {
        "type": "Point",
        "coordinates": [
          -48.3510413,
          -18.9754716
        ]
      },
      "properties": {
        "codigo": "EO034",
        "endereco": "Rua Antonio Marcos Galvão, 180, Monte Hebron, Uberlândia - MG, Brasil",
        "qtld": "60C 180",
        "imovel": "Res."
      }
    },
    {
      "type": "Feature",
      "geometry": {
        "type": "Point",
        "coordinates": [
          -48.3519055,
          -18.9759709
        ]
      },
      "properties": {
        "codigo": "EO035",
        "endereco": "Rua Antônio Marcos Galvão, 215, Monte Hebron, Uberlândia - MG, Brasil",
        "qtld": "63B",
        "imovel": "Res."
      }
    },
    {
      "type": "Feature",
      "geometry": {
        "type": "Point",
        "coordinates": [
          -48.3522892,
          -18.9756262
        ]
      },
      "properties": {
        "codigo": "EO036",
        "endereco": "Rua Joaquim Salles Monteiro, 180, Monte Hebron, Uberlândia - MG, Brasil",
        "qtld": "63D",
        "imovel": "Res."
      }
    },
    {
      "type": "Feature",
      "geometry": {
        "type": "Point",
        "coordinates": [
          -48.3355366,
          -18.9589287
        ]
      },
      "properties": {
        "codigo": "EO037",
        "endereco": "Av Aldo Borges leão, 73, Residenciaal Lago Azul, Uberlândia - MG, Brasil",
        "qtld": "20C",
        "imovel": "Com."
      }
    },
    {
      "type": "Feature",
      "geometry": {
        "type": "Point",
        "coordinates": [
          -48.3614248,
          -18.9702432
        ]
      },
      "properties": {
        "codigo": "EO038",
        "endereco": "Avenida Aldo Borges Leão, 3131, Residenciaal Lago Azul, Uberlândia - MG, Brasil",
        "qtld": "20C 3131",
        "imovel": "Com."
      }
    },
    {
      "type": "Feature",
      "geometry": {
        "type": "Point",
        "coordinates": [
          -48.3610083,
          -18.9724401
        ]
      },
      "properties": {
        "codigo": "EO039",
        "endereco": "Rua Adjar França, 230, Residenciaal Lago Azul, Uberlândia - MG, Brasil",
        "qtld": "21D 230",
        "imovel": "Out."
      }
    },
    {
      "type": "Feature",
      "geometry": {
        "type": "Point",
        "coordinates": [
          -48.3607758,
          -18.9733243
        ]
      },
      "properties": {
        "codigo": "EO040",
        "endereco": "R. Aurilda Alves de Oliveira, 533, Residenciaal Lago Azul, Uberlândia - MG, Brasil",
        "qtld": "24D",
        "imovel": "Out."
      }
    },
    {
      "type": "Feature",
      "geometry": {
        "type": "Point",
        "coordinates": [
          -48.361857,
          -18.971713
        ]
      },
      "properties": {
        "codigo": "EO041",
        "endereco": "Rua Adjar França, 119, Residenciaal Lago Azul, Uberlândia - MG, Brasil",
        "qtld": "22A 119",
        "imovel": "Res."
      }
    },
    {
      "type": "Feature",
      "geometry": {
        "type": "Point",
        "coordinates": [
          -48.3614927,
          -18.9719053
        ]
      },
      "properties": {
        "codigo": "EO042",
        "endereco": "Rua Adjar França, 159, Residenciaal Lago Azul, Uberlândia - MG, Brasil",
        "qtld": "22A 159",
        "imovel": "Res."
      }
    },
    {
      "type": "Feature",
      "geometry": {
        "type": "Point",
        "coordinates": [
          -48.3598247,
          -18.973748
        ]
      },
      "properties": {
        "codigo": "EO046",
        "endereco": "Rua Adjar França, 411, Residenciaal Lago Azul, Uberlândia - MG, Brasil",
        "qtld": "23D",
        "imovel": "Res."
      }
    },
    {
      "type": "Feature",
      "geometry": {
        "type": "Point",
        "coordinates": [
          -48.3441017,
          -18.9517913
        ]
      },
      "properties": {
        "codigo": "EO049",
        "endereco": "Rua das Sempre Vivas, 190, Panorama, Uberlândia - MG, Brasil",
        "qtld": "44C",
        "imovel": "Res."
      }
    },
    {
      "type": "Feature",
      "geometry": {
        "type": "Point",
        "coordinates": [
          -48.3454938,
          -18.9516483
        ]
      },
      "properties": {
        "codigo": "EO051",
        "endereco": "Rua Calistemon 270, 270, Panorama, Uberlândia - MG, Brasil",
        "qtld": "44B 270",
        "imovel": "Res."
      }
    },
    {
      "type": "Feature",
      "geometry": {
        "type": "Point",
        "coordinates": [
          -48.3447501,
          -18.9519621
        ]
      },
      "properties": {
        "codigo": "EO052",
        "endereco": "Rua das Estefânias, 115, Panorama, Uberlândia - MG, Brasil",
        "qtld": "44D 115",
        "imovel": "Res."
      }
    },
    {
      "type": "Feature",
      "geometry": {
        "type": "Point",
        "coordinates": [
          -48.3443612,
          -18.9511375
        ]
      },
      "properties": {
        "codigo": "EO053",
        "endereco": "Rua Calistemon 363, 363, Panorama, Uberlândia - MG, Brasil",
        "qtld": "45B 363",
        "imovel": "Out."
      }
    },
    {
      "type": "Feature",
      "geometry": {
        "type": "Point",
        "coordinates": [
          -48.3444884,
          -18.9524543
        ]
      },
      "properties": {
        "codigo": "EO054",
        "endereco": "Rua das Prímulas, 41, Panorama, Uberlândia - MG, Brasil",
        "qtld": "37A 41",
        "imovel": "Res."
      }
    },
    {
      "type": "Feature",
      "geometry": {
        "type": "Point",
        "coordinates": [
          -48.344389,
          -18.954672
        ]
      },
      "properties": {
        "codigo": "EO055",
        "endereco": "Rua das Prímulas, 271, Panorama, Uberlândia - MG, Brasil",
        "qtld": "37A 271",
        "imovel": "Res."
      }
    },
    {
      "type": "Feature",
      "geometry": {
        "type": "Point",
        "coordinates": [
          -48.3440049,
          -18.9529506
        ]
      },
      "properties": {
        "codigo": "EO056",
        "endereco": "Rua das Sempre-Vivas, 330, Panorama, Uberlândia - MG, Brasil",
        "qtld": "37C 330",
        "imovel": "Res."
      }
    },
    {
      "type": "Feature",
      "geometry": {
        "type": "Point",
        "coordinates": [
          -48.3450844,
          -18.9527438
        ]
      },
      "properties": {
        "codigo": "EO058",
        "endereco": "Rua dos Rosedás, 65, Panorama, Uberlândia - MG, Brasil",
        "qtld": "38A",
        "imovel": "Res."
      }
    },
    {
      "type": "Feature",
      "geometry": {
        "type": "Point",
        "coordinates": [
          -48.344833,
          -18.9542735
        ]
      },
      "properties": {
        "codigo": "EO059",
        "endereco": "Rua das Grevileas, 30, Panorama, Uberlândia - MG, Brasil",
        "qtld": "38D",
        "imovel": "Res."
      }
    },
    {
      "type": "Feature",
      "geometry": {
        "type": "Point",
        "coordinates": [
          -48.3465402,
          -18.9529647
        ]
      },
      "properties": {
        "codigo": "EO060",
        "endereco": "Rua Das Caliandras, 160, Panorama, Uberlândia - MG, Brasil",
        "qtld": "41C 160",
        "imovel": "Res."
      }
    },
    {
      "type": "Feature",
      "geometry": {
        "type": "Point",
        "coordinates": [
          -48.3471929,
          -18.9526962
        ]
      },
      "properties": {
        "codigo": "EO061",
        "endereco": "Rua Das Caliandras, 95, Panorama, Uberlândia - MG, Brasil",
        "qtld": "42B 95",
        "imovel": "Res."
      }
    },
    {
      "type": "Feature",
      "geometry": {
        "type": "Point",
        "coordinates": [
          -48.34476,
          -18.9534255
        ]
      },
      "properties": {
        "codigo": "EO062",
        "endereco": "Rua das Primulas, 140, Panorama, Uberlândia - MG, Brasil",
        "qtld": "39D",
        "imovel": "Res."
      }
    },
    {
      "type": "Feature",
      "geometry": {
        "type": "Point",
        "coordinates": [
          -48.3452815,
          -18.9539924
        ]
      },
      "properties": {
        "codigo": "EO064",
        "endereco": "Rua dos Resedas, 210, Panorama, Uberlândia - MG, Brasil",
        "qtld": "39D",
        "imovel": "Res."
      }
    },
    {
      "type": "Feature",
      "geometry": {
        "type": "Point",
        "coordinates": [
          -48.3466972,
          -18.9521538
        ]
      },
      "properties": {
        "codigo": "EO065",
        "endereco": "Rua Das Dalias, 151, Panorama, Uberlândia - MG, Brasil",
        "qtld": "43B 151",
        "imovel": "Res."
      }
    },
    {
      "type": "Feature",
      "geometry": {
        "type": "Point",
        "coordinates": [
          -48.3476551,
          -18.9519509
        ]
      },
      "properties": {
        "codigo": "EO066",
        "endereco": "Rua do Calistemon, 50, Panorama, Uberlândia - MG, Brasil",
        "qtld": "43D 50",
        "imovel": "Res."
      }
    },
    {
      "type": "Feature",
      "geometry": {
        "type": "Point",
        "coordinates": [
          -48.345172,
          -18.9555463
        ]
      },
      "properties": {
        "codigo": "EO067",
        "endereco": "Rua dos Resedas, 360, Panorama, Uberlândia - MG, Brasil",
        "qtld": "32A 360",
        "imovel": "Res."
      }
    },
    {
      "type": "Feature",
      "geometry": {
        "type": "Point",
        "coordinates": [
          -48.345072,
          -18.9563591
        ]
      },
      "properties": {
        "codigo": "EO068",
        "endereco": "Rua dos resedas, 450, Panorama, Uberlândia - MG, Brasil",
        "qtld": "32A 450",
        "imovel": "Res."
      }
    },
    {
      "type": "Feature",
      "geometry": {
        "type": "Point",
        "coordinates": [
          -48.3455165,
          -18.9553854
        ]
      },
      "properties": {
        "codigo": "EO069",
        "endereco": "Avenida das Mussaendras, 555, Panorama, Uberlândia - MG, Brasil",
        "qtld": "32C",
        "imovel": "Res."
      }
    },
    {
      "type": "Feature",
      "geometry": {
        "type": "Point",
        "coordinates": [
          -48.3450623,
          -18.957187
        ]
      },
      "properties": {
        "codigo": "EO070",
        "endereco": "Avenida das Mussaendras, 777, Panorama, Uberlândia - MG, Brasil",
        "qtld": "32C 777",
        "imovel": "Com."
      }
    },
    {
      "type": "Feature",
      "geometry": {
        "type": "Point",
        "coordinates": [
          -48.344661,
          -18.9546988
        ]
      },
      "properties": {
        "codigo": "EO071",
        "endereco": "Rua das Primulas, 280, Panorama, Uberlândia - MG, Brasil",
        "qtld": "34C 280",
        "imovel": "Res."
      }
    },
    {
      "type": "Feature",
      "geometry": {
        "type": "Point",
        "coordinates": [
          -48.3445776,
          -18.9555733
        ]
      },
      "properties": {
        "codigo": "EO072",
        "endereco": "Rua das Primulas, 380, Panorama, Uberlândia - MG, Brasil",
        "qtld": "38C 380",
        "imovel": "Res."
      }
    },
    {
      "type": "Feature",
      "geometry": {
        "type": "Point",
        "coordinates": [
          -48.3446899,
          -18.9563552
        ]
      },
      "properties": {
        "codigo": "EO073",
        "endereco": "Avenida dos Lírios Amarelos, 340, Panorama, Uberlândia - MG, Brasil",
        "qtld": "34D",
        "imovel": "Res."
      }
    },
    {
      "type": "Feature",
      "geometry": {
        "type": "Point",
        "coordinates": [
          -48.3670489,
          -18.9792707
        ]
      },
      "properties": {
        "codigo": "EO085",
        "endereco": "Rua Cláudio José Bisinoto, 1473, Morada Nova, Uberlândia - MG, Brasil",
        "qtld": "4B 1473",
        "imovel": "Res."
      }
    },
    {
      "type": "Feature",
      "geometry": {
        "type": "Point",
        "coordinates": [
          -48.36685,
          -18.9794036
        ]
      },
      "properties": {
        "codigo": "EO086",
        "endereco": "R. Cláudio José Bisinoto, 1454, Morada Nova, Uberlândia - MG, Brasil",
        "qtld": "6C",
        "imovel": "Res."
      }
    },
    {
      "type": "Feature",
      "geometry": {
        "type": "Point",
        "coordinates": [
          -48.3665399,
          -18.980948
        ]
      },
      "properties": {
        "codigo": "EO087",
        "endereco": "Rua Célio José Gonçalves, 1486, Morada Nova, Uberlândia - MG, Brasil",
        "qtld": "8C 1486",
        "imovel": "Com."
      }
    },
    {
      "type": "Feature",
      "geometry": {
        "type": "Point",
        "coordinates": [
          -48.3656421,
          -18.9795927
        ]
      },
      "properties": {
        "codigo": "EO088",
        "endereco": "Rua Célio José Gonçalves, 1626, Morada Nova, Uberlândia - MG, Brasil",
        "qtld": "8D 1626",
        "imovel": "Com."
      }
    },
    {
      "type": "Feature",
      "geometry": {
        "type": "Point",
        "coordinates": [
          -48.3701776,
          -18.9847558
        ]
      },
      "properties": {
        "codigo": "EO089",
        "endereco": "Rua Cláudio José Bisinoto, 1122, Morada Nova, Uberlândia - MG, Brasil",
        "qtld": "23B 1122",
        "imovel": "Com."
      }
    },
    {
      "type": "Feature",
      "geometry": {
        "type": "Point",
        "coordinates": [
          -48.3704243,
          -18.9855505
        ]
      },
      "properties": {
        "codigo": "EO090",
        "endereco": "Rua Cláudio José Bisinoto, 1201, Morada Nova, Uberlândia - MG, Brasil",
        "qtld": "24C 1201",
        "imovel": "Res."
      }
    },
    {
      "type": "Feature",
      "geometry": {
        "type": "Point",
        "coordinates": [
          -48.3671564,
          -18.9822821
        ]
      },
      "properties": {
        "codigo": "EO091",
        "endereco": "Rua Célio José Gonçalves, 1294, Morada Nova, Uberlândia - MG, Brasil",
        "qtld": "22A 1294",
        "imovel": "Res."
      }
    },
    {
      "type": "Feature",
      "geometry": {
        "type": "Point",
        "coordinates": [
          -48.3675779,
          -18.9830939
        ]
      },
      "properties": {
        "codigo": "EO092",
        "endereco": "Rua Célio José Gonçalves, 1194, Morada Nova, Uberlândia - MG, Brasil",
        "qtld": "22A",
        "imovel": "Res."
      }
    },
    {
      "type": "Feature",
      "geometry": {
        "type": "Point",
        "coordinates": [
          -48.3694703,
          -18.9839948
        ]
      },
      "properties": {
        "codigo": "EO093",
        "endereco": "Rua Cláudio José Bisinoto, 892, Morada Nova, Uberlândia - MG, Brasil",
        "qtld": "28C 892",
        "imovel": "Res."
      }
    },
    {
      "type": "Feature",
      "geometry": {
        "type": "Point",
        "coordinates": [
          -48.369162,
          -18.983306
        ]
      },
      "properties": {
        "codigo": "EO094",
        "endereco": "Rua Cláudio José Bisinoto, 937, Morada Nova, Uberlândia - MG, Brasil",
        "qtld": "27B 937",
        "imovel": "Res."
      }
    },
    {
      "type": "Feature",
      "geometry": {
        "type": "Point",
        "coordinates": [
          -48.3684515,
          -18.9844971
        ]
      },
      "properties": {
        "codigo": "EO099",
        "endereco": "Rua Célio José Gonçalves, 992, Morada Nova, Uberlândia - MG, Brasil",
        "qtld": "29D 992",
        "imovel": "Res."
      }
    },
    {
      "type": "Feature",
      "geometry": {
        "type": "Point",
        "coordinates": [
          -48.3683707,
          -18.9852514
        ]
      },
      "properties": {
        "codigo": "EO100",
        "endereco": "Rua Célio José Gonçalves, 861, Morada Nova, Uberlândia - MG, Brasil",
        "qtld": "28A 861",
        "imovel": "Res."
      }
    },
    {
      "type": "Feature",
      "geometry": {
        "type": "Point",
        "coordinates": [
          -48.3782961,
          -19.001907
        ]
      },
      "properties": {
        "codigo": "EO101",
        "endereco": "Rua José Vosoto, 782, Morada Nova, Uberlândia - MG, Brasil",
        "qtld": "135A",
        "imovel": "Res."
      }
    },
    {
      "type": "Feature",
      "geometry": {
        "type": "Point",
        "coordinates": [
          -48.3938304,
          -18.9818264
        ]
      },
      "properties": {
        "codigo": "EO117",
        "endereco": "Rua Araguaia, 595, Morada Nova, Uberlândia - MG, Brasil",
        "qtld": "163D 595",
        "imovel": "Out."
      }
    },
    {
      "type": "Feature",
      "geometry": {
        "type": "Point",
        "coordinates": [
          -48.2702805,
          -18.9079753
        ]
      },
      "properties": {
        "codigo": "EO118",
        "endereco": "Rua do Prata, 293, Morada Nova, Uberlândia - MG, Brasil",
        "qtld": "164C 293",
        "imovel": "Out."
      }
    },
    {
      "type": "Feature",
      "geometry": {
        "type": "Point",
        "coordinates": [
          -48.3510002,
          -18.9605583
        ]
      },
      "properties": {
        "codigo": "EO120",
        "endereco": "Rua da Sibipuruna, 794, Panorama, Uberlândia - MG, Brasil",
        "qtld": "82B",
        "imovel": "Res."
      }
    },
    {
      "type": "Feature",
      "geometry": {
        "type": "Point",
        "coordinates": [
          -48.3498818,
          -18.960207
        ]
      },
      "properties": {
        "codigo": "EO121",
        "endereco": "Rua das Rosas, 839, Panorama, Uberlândia - MG, Brasil",
        "qtld": "50B 839",
        "imovel": "Res."
      }
    },
    {
      "type": "Feature",
      "geometry": {
        "type": "Point",
        "coordinates": [
          -48.3478747,
          -18.9594312
        ]
      },
      "properties": {
        "codigo": "EO123",
        "endereco": "Avenida das Paineiras, 735, Panorama, Uberlândia - MG, Brasil",
        "qtld": "49B 735",
        "imovel": "Res."
      }
    },
    {
      "type": "Feature",
      "geometry": {
        "type": "Point",
        "coordinates": [
          -48.3497198,
          -18.9614075
        ]
      },
      "properties": {
        "codigo": "EO124",
        "endereco": "Rua Ceamitas, 803, Panorama, Uberlândia - MG, Brasil",
        "qtld": "82D",
        "imovel": "Res."
      }
    },
    {
      "type": "Feature",
      "geometry": {
        "type": "Point",
        "coordinates": [
          -48.3494004,
          -18.9627375
        ]
      },
      "properties": {
        "codigo": "EO125",
        "endereco": "Rua dos Ceamitas, 800, Panorama, Uberlândia - MG, Brasil",
        "qtld": "83A 800",
        "imovel": "Out."
      }
    },
    {
      "type": "Feature",
      "geometry": {
        "type": "Point",
        "coordinates": [
          -48.3476492,
          -18.9594275
        ]
      },
      "properties": {
        "codigo": "EO126",
        "endereco": "Rua das Paineiras, 740, Panorama, Uberlândia - MG, Brasil",
        "qtld": "22B 740",
        "imovel": "Res."
      }
    },
    {
      "type": "Feature",
      "geometry": {
        "type": "Point",
        "coordinates": [
          -48.3490643,
          -18.9602785
        ]
      },
      "properties": {
        "codigo": "EO127",
        "endereco": "Rua das Rosas, 432, Panorama, Uberlândia - MG, Brasil",
        "qtld": "83B",
        "imovel": "Res."
      }
    },
    {
      "type": "Feature",
      "geometry": {
        "type": "Point",
        "coordinates": [
          -48.3475077,
          -18.9612869
        ]
      },
      "properties": {
        "codigo": "EO128",
        "endereco": "Rua das Paineiras, 540, Panorama, Uberlândia - MG, Brasil",
        "qtld": "9B 540",
        "imovel": "Res."
      }
    },
    {
      "type": "Feature",
      "geometry": {
        "type": "Point",
        "coordinates": [
          -48.3472512,
          -18.960262
        ]
      },
      "properties": {
        "codigo": "EO129",
        "endereco": "Rua das Rosas, 690, Panorama, Uberlândia - MG, Brasil",
        "qtld": "9C 690",
        "imovel": "Res."
      }
    },
    {
      "type": "Feature",
      "geometry": {
        "type": "Point",
        "coordinates": [
          -48.3475128,
          -18.959979
        ]
      },
      "properties": {
        "codigo": "EO130",
        "endereco": "Rua das Paineiras, 690, Panorama, Uberlândia - MG, Brasil",
        "qtld": "21C 690",
        "imovel": "Res."
      }
    },
    {
      "type": "Feature",
      "geometry": {
        "type": "Point",
        "coordinates": [
          -48.3214889,
          -18.9298233
        ]
      },
      "properties": {
        "codigo": "EO139",
        "endereco": "Avenida Imbauba, 1990, Chácaras Tubalina, Uberlândia - MG, Brasil",
        "qtld": "44B",
        "imovel": "Com."
      }
    },
    {
      "type": "Feature",
      "geometry": {
        "type": "Point",
        "coordinates": [
          -48.3238555,
          -18.9298684
        ]
      },
      "properties": {
        "codigo": "EO142",
        "endereco": "Avenida Imbauba, 2072, Chácaras Tubalina, Uberlândia - MG, Brasil",
        "qtld": "43C",
        "imovel": "Com."
      }
    },
    {
      "type": "Feature",
      "geometry": {
        "type": "Point",
        "coordinates": [
          -48.3480838,
          -18.9567692
        ]
      },
      "properties": {
        "codigo": "EO144",
        "endereco": "Avenida das Paineiras, 995, Panorama, Uberlândia - MG, Brasil",
        "qtld": "49B 995",
        "imovel": "Out."
      }
    },
    {
      "type": "Feature",
      "geometry": {
        "type": "Point",
        "coordinates": [
          -48.3919439,
          -18.9776027
        ]
      },
      "properties": {
        "codigo": "EO158",
        "endereco": "Rua do Gato Palheiro, 1200, Residencial Pequis, Uberlândia - MG, Brasil",
        "qtld": "76B",
        "imovel": "Res."
      }
    },
    {
      "type": "Feature",
      "geometry": {
        "type": "Point",
        "coordinates": [
          -48.3859252,
          -18.9714684
        ]
      },
      "properties": {
        "codigo": "EO182",
        "endereco": "Rua Punaré, 361, Residencial Pequis, Uberlândia - MG, Brasil",
        "qtld": "61B 361",
        "imovel": "Res."
      }
    },
    {
      "type": "Feature",
      "geometry": {
        "type": "Point",
        "coordinates": [
          -48.3099307,
          -18.9207704
        ]
      },
      "properties": {
        "codigo": "EO193",
        "endereco": "Rua Aguape, 86, Chácaras Tubalina, Uberlândia - MG, Brasil",
        "qtld": "8C",
        "imovel": "Res."
      }
    },
    {
      "type": "Feature",
      "geometry": {
        "type": "Point",
        "coordinates": [
          -48.3173386,
          -18.9096955
        ]
      },
      "properties": {
        "codigo": "EO214",
        "endereco": "Rua Eurita, 224, Dona Zulmira, Uberlândia - MG, Brasil",
        "qtld": "43C",
        "imovel": "Res."
      }
    },
    {
      "type": "Feature",
      "geometry": {
        "type": "Point",
        "coordinates": [
          -48.3175366,
          -18.9101099
        ]
      },
      "properties": {
        "codigo": "EO215",
        "endereco": "Rua Eurita, 273, Dona Zulmira, Uberlândia - MG, Brasil",
        "qtld": "42A",
        "imovel": "Res."
      }
    },
    {
      "type": "Feature",
      "geometry": {
        "type": "Point",
        "coordinates": [
          -48.3161053,
          -18.9089792
        ]
      },
      "properties": {
        "codigo": "EO219",
        "endereco": "Rua Eurita, 76, Dona Zulmira, Uberlândia - MG, Brasil",
        "qtld": "44E",
        "imovel": "Res."
      }
    },
    {
      "type": "Feature",
      "geometry": {
        "type": "Point",
        "coordinates": [
          -48.3195594,
          -18.9101624
        ]
      },
      "properties": {
        "codigo": "EO221",
        "endereco": "Avenida Aspirante Mega, 2919, Jardim Patricia, Uberlândia - MG, Brasil",
        "qtld": "60B 2919",
        "imovel": "Res."
      }
    },
    {
      "type": "Feature",
      "geometry": {
        "type": "Point",
        "coordinates": [
          -48.3183968,
          -18.9106698
        ]
      },
      "properties": {
        "codigo": "EO222",
        "endereco": "Avenida José Fonseca e Silva, 538, Jardim Patricia, Uberlândia - MG, Brasil",
        "qtld": "61C",
        "imovel": "Com."
      }
    },
    {
      "type": "Feature",
      "geometry": {
        "type": "Point",
        "coordinates": [
          -48.3244565,
          -18.9097483
        ]
      },
      "properties": {
        "codigo": "EO226",
        "endereco": "Rua Fluorita, 165, Jardim Patricia, Uberlândia - MG, Brasil",
        "qtld": "66B",
        "imovel": "Res."
      }
    },
    {
      "type": "Feature",
      "geometry": {
        "type": "Point",
        "coordinates": [
          -48.3234433,
          -18.9090796
        ]
      },
      "properties": {
        "codigo": "EO227",
        "endereco": "Rua Ignea, 40, Jardim Patricia, Uberlândia - MG, Brasil",
        "qtld": "66D",
        "imovel": "Res."
      }
    },
    {
      "type": "Feature",
      "geometry": {
        "type": "Point",
        "coordinates": [
          -48.3240379,
          -18.9096737
        ]
      },
      "properties": {
        "codigo": "EO228",
        "endereco": "Rua Ignea, 132, Jardim Patricia, Uberlândia - MG, Brasil",
        "qtld": "66D",
        "imovel": "Res."
      }
    },
    {
      "type": "Feature",
      "geometry": {
        "type": "Point",
        "coordinates": [
          -48.3253113,
          -18.9100275
        ]
      },
      "properties": {
        "codigo": "EO229",
        "endereco": "Avenida Gabriela Junqueira de Freitas, 144, Jardim Patricia, Uberlândia - MG, Brasil",
        "qtld": "67D",
        "imovel": "Com."
      }
    },
    {
      "type": "Feature",
      "geometry": {
        "type": "Point",
        "coordinates": [
          -48.3237458,
          -18.9083396
        ]
      },
      "properties": {
        "codigo": "EO231",
        "endereco": "Rua Manto, 162, Jardim Patricia, Uberlândia - MG, Brasil",
        "qtld": "64B",
        "imovel": "Res."
      }
    },
    {
      "type": "Feature",
      "geometry": {
        "type": "Point",
        "coordinates": [
          -48.3245612,
          -18.9105576
        ]
      },
      "properties": {
        "codigo": "EO232",
        "endereco": "Avenida Gabriela Junqueira de Freitas, 48, Jardim Patricia, Uberlândia - MG, Brasil",
        "qtld": "65D",
        "imovel": "Res."
      }
    },
    {
      "type": "Feature",
      "geometry": {
        "type": "Point",
        "coordinates": [
          -48.3235708,
          -18.9100991
        ]
      },
      "properties": {
        "codigo": "EO233",
        "endereco": "Avenida dos Eucaliptos, 548, Jardim Patricia, Uberlândia - MG, Brasil",
        "qtld": "65C",
        "imovel": "Com."
      }
    },
    {
      "type": "Feature",
      "geometry": {
        "type": "Point",
        "coordinates": [
          -48.3228635686813,
          -18.9093403319431
        ]
      },
      "properties": {
        "codigo": "EO235",
        "endereco": "Rua Manto, 25, Jardim Patricia, Uberlândia - MG, Brasil",
        "qtld": "65B",
        "imovel": "Out."
      }
    },
    {
      "type": "Feature",
      "geometry": {
        "type": "Point",
        "coordinates": [
          -48.3257904,
          -18.911135
        ]
      },
      "properties": {
        "codigo": "EO236",
        "endereco": "Avenida dos Eucaliptos, 800, Jardim Patricia, Uberlândia - MG, Brasil",
        "qtld": "72A",
        "imovel": "Out."
      }
    },
    {
      "type": "Feature",
      "geometry": {
        "type": "Point",
        "coordinates": [
          -48.3239138,
          -18.9077889
        ]
      },
      "properties": {
        "codigo": "EO238",
        "endereco": "Avenida Aspirante Mega, 3337, Jardim Patricia, Uberlândia - MG, Brasil",
        "qtld": "64E",
        "imovel": "Res."
      }
    },
    {
      "type": "Feature",
      "geometry": {
        "type": "Point",
        "coordinates": [
          -48.3682594,
          -18.9719065
        ]
      },
      "properties": {
        "codigo": "EO260",
        "endereco": "Av. Wilson Rodrigues da Silva, 276, Residencial Pequis, Uberlândia - MG, Brasil",
        "qtld": "21C",
        "imovel": "Com."
      }
    },
    {
      "type": "Feature",
      "geometry": {
        "type": "Point",
        "coordinates": [
          -48.3689749,
          -18.9718062
        ]
      },
      "properties": {
        "codigo": "EO261",
        "endereco": "Rua do Chibum, 26, Residencial Pequis, Uberlândia - MG, Brasil",
        "qtld": "21D",
        "imovel": "Com."
      }
    },
    {
      "type": "Feature",
      "geometry": {
        "type": "Point",
        "coordinates": [
          -48.3676591,
          -18.9724905
        ]
      },
      "properties": {
        "codigo": "EO262",
        "endereco": "Av. Wilson Rodrigues da Silva, 211, Residencial Pequis, Uberlândia - MG, Brasil",
        "qtld": "26D 211 Loja 1",
        "imovel": "Com."
      }
    },
    {
      "type": "Feature",
      "geometry": {
        "type": "Point",
        "coordinates": [
          -48.3678085,
          -18.9728893
        ]
      },
      "properties": {
        "codigo": "EO263",
        "endereco": "R. Inhambu-Xintā, 130, Residencial Pequis, Uberlândia - MG, Brasil",
        "qtld": "26B",
        "imovel": "Res."
      }
    },
    {
      "type": "Feature",
      "geometry": {
        "type": "Point",
        "coordinates": [
          -48.3666428,
          -18.9732276
        ]
      },
      "properties": {
        "codigo": "EO264",
        "endereco": "Rua do Azulao, 105, Residencial Pequis, Uberlândia - MG, Brasil",
        "qtld": "25D",
        "imovel": "Com."
      }
    },
    {
      "type": "Feature",
      "geometry": {
        "type": "Point",
        "coordinates": [
          -48.3694137,
          -18.9728979
        ]
      },
      "properties": {
        "codigo": "EO266",
        "endereco": "R. Inhambu-Xintā, 335, Residencial Pequis, Uberlândia - MG, Brasil",
        "qtld": "34C",
        "imovel": "Res."
      }
    },
    {
      "type": "Feature",
      "geometry": {
        "type": "Point",
        "coordinates": [
          -48.3673614,
          -18.9744766
        ]
      },
      "properties": {
        "codigo": "EO268",
        "endereco": "Rua do Azulão, 226, Residencial Pequis, Uberlândia - MG, Brasil",
        "qtld": "31D 226",
        "imovel": "Res."
      }
    },
    {
      "type": "Feature",
      "geometry": {
        "type": "Point",
        "coordinates": [
          -48.3668123,
          -18.9744672
        ]
      },
      "properties": {
        "codigo": "EO269",
        "endereco": "Av. Aldo Borges Leão, 400, Residencial Pequis, Uberlândia - MG, Brasil",
        "qtld": "30C 400",
        "imovel": "Com."
      }
    },
    {
      "type": "Feature",
      "geometry": {
        "type": "Point",
        "coordinates": [
          -48.3682346,
          -18.9758393
        ]
      },
      "properties": {
        "codigo": "EO270",
        "endereco": "Rua do Azulão, 465, Residencial Pequis, Uberlândia - MG, Brasil",
        "qtld": "30A 465",
        "imovel": "Res."
      }
    },
    {
      "type": "Feature",
      "geometry": {
        "type": "Point",
        "coordinates": [
          -48.3795304,
          -18.9990883
        ]
      },
      "properties": {
        "codigo": "EO271",
        "endereco": "Rua Ancila Valentine Gosuen, 744, Morada Nova, Uberlândia - MG, Brasil",
        "qtld": "142D 744",
        "imovel": "Res."
      }
    },
    {
      "type": "Feature",
      "geometry": {
        "type": "Point",
        "coordinates": [
          -48.3801639,
          -18.9985283
        ]
      },
      "properties": {
        "codigo": "EO272",
        "endereco": "Rua Florência Rosalina da Silva, 321, Morada Nova, Uberlândia - MG, Brasil",
        "qtld": "142B 321",
        "imovel": "Res."
      }
    },
    {
      "type": "Feature",
      "geometry": {
        "type": "Point",
        "coordinates": [
          -48.382374,
          -19.0000886
        ]
      },
      "properties": {
        "codigo": "EO275",
        "endereco": "Rua Ancila Valentine Gosuen, 1056, Morada Nova, Uberlândia - MG, Brasil",
        "qtld": "143A 1056",
        "imovel": "Res."
      }
    },
    {
      "type": "Feature",
      "geometry": {
        "type": "Point",
        "coordinates": [
          -48.2712029,
          -18.9782581
        ]
      },
      "properties": {
        "codigo": "EO279",
        "endereco": "Rua José Domingos de Oliveira, 865, Morada Nova, Uberlândia - MG, Brasil",
        "qtld": "107A 865",
        "imovel": "Com."
      }
    },
    {
      "type": "Feature",
      "geometry": {
        "type": "Point",
        "coordinates": [
          -48.3743752,
          -18.9903978
        ]
      },
      "properties": {
        "codigo": "EO280",
        "endereco": "Rua Ancila Valentini Gosuen, 525, Morada Nova, Uberlândia - MG, Brasil",
        "qtld": "109D 525",
        "imovel": "Res."
      }
    },
    {
      "type": "Feature",
      "geometry": {
        "type": "Point",
        "coordinates": [
          -48.3243963,
          -18.934595
        ]
      },
      "properties": {
        "codigo": "EO285",
        "endereco": "Rua Antônio Domingues, 430, Chácaras Tubalina, Uberlândia - MG, Brasil",
        "qtld": "54A 430",
        "imovel": "Out."
      }
    },
    {
      "type": "Feature",
      "geometry": {
        "type": "Point",
        "coordinates": [
          -48.3239686,
          -18.9364679
        ]
      },
      "properties": {
        "codigo": "EO286",
        "endereco": "Rua Antônio Domingues, 474, Chácaras Tubalina, Uberlândia - MG, Brasil",
        "qtld": "54A 474",
        "imovel": "Res."
      }
    },
    {
      "type": "Feature",
      "geometry": {
        "type": "Point",
        "coordinates": [
          -48.3243963,
          -18.934595
        ]
      },
      "properties": {
        "codigo": "EO287",
        "endereco": "Rua Antônio Domingues, 430, Chácaras Tubalina, Uberlândia - MG, Brasil",
        "qtld": "54A 430",
        "imovel": "Out."
      }
    },
    {
      "type": "Feature",
      "geometry": {
        "type": "Point",
        "coordinates": [
          -48.3232426,
          -18.9352428
        ]
      },
      "properties": {
        "codigo": "EO288",
        "endereco": "Rua Francisco Araújo Lima, 90, Chácaras Tubalina, Uberlândia - MG, Brasil",
        "qtld": "53C 90/1",
        "imovel": "Res."
      }
    },
    {
      "type": "Feature",
      "geometry": {
        "type": "Point",
        "coordinates": [
          -48.3144781,
          -18.9237031
        ]
      },
      "properties": {
        "codigo": "EO289",
        "endereco": "Avenida do Pinho, 735, Chácaras Tubalina, Uberlândia - MG, Brasil",
        "qtld": "1E 735",
        "imovel": "Com."
      }
    },
    {
      "type": "Feature",
      "geometry": {
        "type": "Point",
        "coordinates": [
          -48.3148869,
          -18.924424
        ]
      },
      "properties": {
        "codigo": "EO291",
        "endereco": "Rua Astrogildo Salvador Lemos, 79, Chácaras Tubalina, Uberlândia - MG, Brasil",
        "qtld": "1D 79",
        "imovel": "Res."
      }
    },
    {
      "type": "Feature",
      "geometry": {
        "type": "Point",
        "coordinates": [
          -48.3154424,
          -18.9255589
        ]
      },
      "properties": {
        "codigo": "EO293",
        "endereco": "Rua Francisco Rodrigues Serralha, 226, Chácaras Tubalina, Uberlândia - MG, Brasil",
        "qtld": "14B",
        "imovel": "Out."
      }
    },
    {
      "type": "Feature",
      "geometry": {
        "type": "Point",
        "coordinates": [
          -48.3154427,
          -18.9238276
        ]
      },
      "properties": {
        "codigo": "EO295",
        "endereco": "Avenida do Pinho, 855, Chácaras Tubalina, Uberlândia - MG, Brasil",
        "qtld": "1E 855",
        "imovel": "Res."
      }
    },
    {
      "type": "Feature",
      "geometry": {
        "type": "Point",
        "coordinates": [
          -48.3137837,
          -18.9217616
        ]
      },
      "properties": {
        "codigo": "EO296",
        "endereco": "Rua Aguapé, 559, Chácaras Tubalina, Uberlândia - MG, Brasil",
        "qtld": "13E 559",
        "imovel": "Com."
      }
    },
    {
      "type": "Feature",
      "geometry": {
        "type": "Point",
        "coordinates": [
          -48.3133049,
          -18.9220624
        ]
      },
      "properties": {
        "codigo": "EO297",
        "endereco": "Rua José Garibaldino, 52, Chácaras Tubalina, Uberlândia - MG, Brasil",
        "qtld": "7D 52",
        "imovel": "Res."
      }
    },
    {
      "type": "Feature",
      "geometry": {
        "type": "Point",
        "coordinates": [
          -48.3113223,
          -18.9599684
        ]
      },
      "properties": {
        "codigo": "EO298",
        "endereco": "Alameda Adilson Baccili, 220, Jardim Holanda, Uberlândia - MG, Brasil",
        "qtld": "32B 220",
        "imovel": "Res."
      }
    },
    {
      "type": "Feature",
      "geometry": {
        "type": "Point",
        "coordinates": [
          -48.3114353,
          -18.9583006
        ]
      },
      "properties": {
        "codigo": "EO299",
        "endereco": "Alameda Adilson Baccili, 40, Jardim Holanda, Uberlândia - MG, Brasil",
        "qtld": "32B 40",
        "imovel": "Res."
      }
    },
    {
      "type": "Feature",
      "geometry": {
        "type": "Point",
        "coordinates": [
          -48.3119148,
          -18.9588229
        ]
      },
      "properties": {
        "codigo": "EO300",
        "endereco": "Alameda Jose De Oliveira, 159, Jardim Holanda, Uberlândia - MG, Brasil",
        "qtld": "32D 159",
        "imovel": "Res."
      }
    },
    {
      "type": "Feature",
      "geometry": {
        "type": "Point",
        "coordinates": [
          -48.3109688,
          -18.9598631
        ]
      },
      "properties": {
        "codigo": "EO301",
        "endereco": "Alameda Sebastião Vasconcelos, 270, Jardim Holanda, Uberlândia - MG, Brasil",
        "qtld": "30B 270",
        "imovel": "Res."
      }
    },
    {
      "type": "Feature",
      "geometry": {
        "type": "Point",
        "coordinates": [
          -48.309276,
          -18.9597913
        ]
      },
      "properties": {
        "codigo": "EO302",
        "endereco": "Alameda Sebastião Fernandes Vasconcelos, 80, Jardim Holanda, Uberlândia - MG, Brasil",
        "qtld": "30B",
        "imovel": "Res."
      }
    },
    {
      "type": "Feature",
      "geometry": {
        "type": "Point",
        "coordinates": [
          -48.3099395,
          -18.9595077
        ]
      },
      "properties": {
        "codigo": "EO303",
        "endereco": "Alameda Sivone Teodoro da Silva 131, 131, Jardim Holanda, Uberlândia - MG, Brasil",
        "qtld": "30D131",
        "imovel": "Res."
      }
    },
    {
      "type": "Feature",
      "geometry": {
        "type": "Point",
        "coordinates": [
          -48.3100554,
          -18.9603449
        ]
      },
      "properties": {
        "codigo": "EO304",
        "endereco": "Alameda Bladilei Alves Cardoso, 260, Jardim Holanda, Uberlândia - MG, Brasil",
        "qtld": "31A",
        "imovel": "Com."
      }
    },
    {
      "type": "Feature",
      "geometry": {
        "type": "Point",
        "coordinates": [
          -48.3089291,
          -18.9603444
        ]
      },
      "properties": {
        "codigo": "EO305",
        "endereco": "Alameda Bladilei Alves Cardoso, 140, Jardim Holanda, Uberlândia - MG, Brasil",
        "qtld": "31A",
        "imovel": "Res."
      }
    },
    {
      "type": "Feature",
      "geometry": {
        "type": "Point",
        "coordinates": [
          -48.3100007,
          -18.9601167
        ]
      },
      "properties": {
        "codigo": "EO307",
        "endereco": "Alameda Sebastião Fernandes Vasconcelos, 181, Jardim Holanda, Uberlândia - MG, Brasil",
        "qtld": "31C 181",
        "imovel": "Res."
      }
    },
    {
      "type": "Feature",
      "geometry": {
        "type": "Point",
        "coordinates": [
          -48.3076801,
          -18.9601428
        ]
      },
      "properties": {
        "codigo": "EO309",
        "endereco": "Avenida Olímpio de Freitas, 2548, Jardim Holanda, Uberlândia - MG, Brasil",
        "qtld": "27A",
        "imovel": "Com."
      }
    },
    {
      "type": "Feature",
      "geometry": {
        "type": "Point",
        "coordinates": [
          -48.319096,
          -18.893821
        ]
      },
      "properties": {
        "codigo": "EO310",
        "endereco": "Avenida Izeth Domingos, 1151, Taiamam, Uberlândia - MG, Brasil",
        "qtld": "44B 1151",
        "imovel": "Res."
      }
    },
    {
      "type": "Feature",
      "geometry": {
        "type": "Point",
        "coordinates": [
          -48.3190293,
          -18.8942595
        ]
      },
      "properties": {
        "codigo": "EO311",
        "endereco": "Rua Francisca Garcia de Souza, 61, Taiamam, Uberlândia - MG, Brasil",
        "qtld": "44C 61",
        "imovel": "Res."
      }
    },
    {
      "type": "Feature",
      "geometry": {
        "type": "Point",
        "coordinates": [
          -48.3173066,
          -18.8954988
        ]
      },
      "properties": {
        "codigo": "EO313",
        "endereco": "Rua Izeth Domingos, 902, Taiamam, Uberlândia - MG, Brasil",
        "qtld": "33C 902",
        "imovel": "Res."
      }
    },
    {
      "type": "Feature",
      "geometry": {
        "type": "Point",
        "coordinates": [
          -48.3184572,
          -18.8935731
        ]
      },
      "properties": {
        "codigo": "EO314",
        "endereco": "Rua Izeth Domingos, 1120, Taiamam, Uberlândia - MG, Brasil",
        "qtld": "33C 1120",
        "imovel": "Res."
      }
    },
    {
      "type": "Feature",
      "geometry": {
        "type": "Point",
        "coordinates": [
          -48.3179023,
          -18.8941229
        ]
      },
      "properties": {
        "codigo": "EO315",
        "endereco": "Rua Izeth Domingos, 910, Taiamam, Uberlândia - MG, Brasil",
        "qtld": "33C 910",
        "imovel": "Res."
      }
    },
    {
      "type": "Feature",
      "geometry": {
        "type": "Point",
        "coordinates": [
          -48.3188625,
          -18.8957347
        ]
      },
      "properties": {
        "codigo": "EO318",
        "endereco": "Rua José Honorato Mendes, 550, Taiamam, Uberlândia - MG, Brasil",
        "qtld": "41A",
        "imovel": "Res."
      }
    },
    {
      "type": "Feature",
      "geometry": {
        "type": "Point",
        "coordinates": [
          -48.3190665,
          -18.8963513
        ]
      },
      "properties": {
        "codigo": "EO321",
        "endereco": "Rua José Honorato Mendes, 531, Taiamam, Uberlândia - MG, Brasil",
        "qtld": "50A",
        "imovel": "Res."
      }
    },
    {
      "type": "Feature",
      "geometry": {
        "type": "Point",
        "coordinates": [
          -48.2833334,
          -18.8881594
        ]
      },
      "properties": {
        "codigo": "EO322",
        "endereco": "Av do Comércio, 30, Distrito Miraporanga, Uberlândia - MG, Brasil",
        "qtld": "01A",
        "imovel": "Com."
      }
    },
    {
      "type": "Feature",
      "geometry": {
        "type": "Point",
        "coordinates": [
          -48.2998858,
          -18.9334897
        ]
      },
      "properties": {
        "codigo": "EO323",
        "endereco": "Rua Arinos Francisco, 157, Distrito Miraporanga, Uberlândia - MG, Brasil",
        "qtld": "06D",
        "imovel": "Res."
      }
    },
    {
      "type": "Feature",
      "geometry": {
        "type": "Point",
        "coordinates": [
          -48.3730037,
          -18.9990271
        ]
      },
      "properties": {
        "codigo": "EO325",
        "endereco": "Arianos Francisco da Silva, 117, Distrito Miraporanga, Uberlândia - MG, Brasil",
        "qtld": "5B",
        "imovel": "Res."
      }
    },
    {
      "type": "Feature",
      "geometry": {
        "type": "Point",
        "coordinates": [
          -48.4280093,
          -19.2542062
        ]
      },
      "properties": {
        "codigo": "EO327",
        "endereco": "Rua da abadia, 318, Distrito Miraporanga, Uberlândia - MG, Brasil",
        "qtld": "6B",
        "imovel": "Res."
      }
    },
    {
      "type": "Feature",
      "geometry": {
        "type": "Point",
        "coordinates": [
          -48.4291188,
          -19.2542933
        ]
      },
      "properties": {
        "codigo": "EO328",
        "endereco": "Av. Do comércio s/n, 245, Distrito Miraporanga, Uberlândia - MG, Brasil",
        "qtld": "6C",
        "imovel": "Out."
      }
    },
    {
      "type": "Feature",
      "geometry": {
        "type": "Point",
        "coordinates": [
          -48.427673,
          -19.253251
        ]
      },
      "properties": {
        "codigo": "EO330",
        "endereco": "Rua Arinos Francisco da Silva, 90, Distrito Miraporanga, Uberlândia - MG, Brasil",
        "qtld": "3D",
        "imovel": "Res."
      }
    },
    {
      "type": "Feature",
      "geometry": {
        "type": "Point",
        "coordinates": [
          -48.2325225,
          -18.9791037
        ]
      },
      "properties": {
        "codigo": "EO331",
        "endereco": "Rua, 13, Distrito Miraporanga, Uberlândia - MG, Brasil",
        "qtld": "3A",
        "imovel": "Res."
      }
    },
    {
      "type": "Feature",
      "geometry": {
        "type": "Point",
        "coordinates": [
          -48.4280513,
          -19.2543601
        ]
      },
      "properties": {
        "codigo": "EO332",
        "endereco": "Rua da abadia, 331, Distrito Miraporanga, Uberlândia - MG, Brasil",
        "qtld": "11C",
        "imovel": "Res."
      }
    },
    {
      "type": "Feature",
      "geometry": {
        "type": "Point",
        "coordinates": [
          -48.429196,
          -19.2544002
        ]
      },
      "properties": {
        "codigo": "EO333",
        "endereco": "Av. Do comércio, 300, Distrito Miraporanga, Uberlândia - MG, Brasil",
        "qtld": "7B",
        "imovel": "Out."
      }
    },
    {
      "type": "Feature",
      "geometry": {
        "type": "Point",
        "coordinates": [
          -48.4256028,
          -19.2537298
        ]
      },
      "properties": {
        "codigo": "EO334",
        "endereco": "Rua da Abadia, 50, Distrito Miraporanga, Uberlândia - MG, Brasil",
        "qtld": "04B",
        "imovel": "Com."
      }
    },
    {
      "type": "Feature",
      "geometry": {
        "type": "Point",
        "coordinates": [
          -48.4273301,
          -19.2521151
        ]
      },
      "properties": {
        "codigo": "EO335",
        "endereco": "Av do Comércio, 1, Distrito Miraporanga, Uberlândia - MG, Brasil",
        "qtld": "04A",
        "imovel": "Res."
      }
    },
    {
      "type": "Feature",
      "geometry": {
        "type": "Point",
        "coordinates": [
          -48.2772224,
          -18.9123279
        ]
      },
      "properties": {
        "codigo": "EO336",
        "endereco": "Av Vasconcelos Costa, 41, Distrito Miraporanga, Uberlândia - MG, Brasil",
        "qtld": "21A",
        "imovel": "Res."
      }
    },
    {
      "type": "Feature",
      "geometry": {
        "type": "Point",
        "coordinates": [
          -48.4244855,
          -19.2542996
        ]
      },
      "properties": {
        "codigo": "EO337",
        "endereco": "Av. Do comércio, 75, Distrito Miraporanga, Uberlândia - MG, Brasil",
        "qtld": "21B",
        "imovel": "Res."
      }
    },
    {
      "type": "Feature",
      "geometry": {
        "type": "Point",
        "coordinates": [
          -48.425515,
          -19.253872
        ]
      },
      "properties": {
        "codigo": "EO338",
        "endereco": "Rua da Abadia, 59, Distrito Miraporanga, Uberlândia - MG, Brasil",
        "qtld": "13B",
        "imovel": "Res."
      }
    },
    {
      "type": "Feature",
      "geometry": {
        "type": "Point",
        "coordinates": [
          -48.4269679,
          -19.2541669
        ]
      },
      "properties": {
        "codigo": "EO339",
        "endereco": "Rua da abadia, 195, Distrito Miraporanga, Uberlândia - MG, Brasil",
        "qtld": "12B",
        "imovel": "Res."
      }
    },
    {
      "type": "Feature",
      "geometry": {
        "type": "Point",
        "coordinates": [
          -48.2704049,
          -18.9935826
        ]
      },
      "properties": {
        "codigo": "EO340",
        "endereco": "Antônio Ribeiro da Silva, 140, Distrito Miraporanga, Uberlândia - MG, Brasil",
        "qtld": "12C",
        "imovel": "Res."
      }
    },
    {
      "type": "Feature",
      "geometry": {
        "type": "Point",
        "coordinates": [
          -48.4261347,
          -19.254563
        ]
      },
      "properties": {
        "codigo": "EO341",
        "endereco": "Rua Antônio Ribeiro da Silva, 75, Distrito Miraporanga, Uberlândia - MG, Brasil",
        "qtld": "13A",
        "imovel": "Res."
      }
    },
    {
      "type": "Feature",
      "geometry": {
        "type": "Point",
        "coordinates": [
          -48.2770641,
          -18.9119852
        ]
      },
      "properties": {
        "codigo": "EO342",
        "endereco": "Av Vasconcelos Costa, 36, Distrito Miraporanga, Uberlândia - MG, Brasil",
        "qtld": "13D",
        "imovel": "Res."
      }
    },
    {
      "type": "Feature",
      "geometry": {
        "type": "Point",
        "coordinates": [
          -48.2769121,
          -18.9119454
        ]
      },
      "properties": {
        "codigo": "EO343",
        "endereco": "Av. Vasconcelos costa, 20, Distrito Miraporanga, Uberlândia - MG, Brasil",
        "qtld": "13C",
        "imovel": "Res."
      }
    },
    {
      "type": "Feature",
      "geometry": {
        "type": "Point",
        "coordinates": [
          -48.2790391,
          -18.9127304
        ]
      },
      "properties": {
        "codigo": "EO344",
        "endereco": "Av Vasconcelos Costa, 230, Distrito Miraporanga, Uberlândia - MG, Brasil",
        "qtld": "12D",
        "imovel": "Res."
      }
    },
    {
      "type": "Feature",
      "geometry": {
        "type": "Point",
        "coordinates": [
          -48.2801502,
          -18.913034
        ]
      },
      "properties": {
        "codigo": "EO346",
        "endereco": "Av Vasconcelos Costa, 376, Distrito Miraporanga, Uberlândia - MG, Brasil",
        "qtld": "10B",
        "imovel": "Res."
      }
    },
    {
      "type": "Feature",
      "geometry": {
        "type": "Point",
        "coordinates": [
          -48.4288252,
          -19.2553055
        ]
      },
      "properties": {
        "codigo": "EO347",
        "endereco": "Rua do Rosário, 85, Distrito Miraporanga, Uberlândia - MG, Brasil",
        "qtld": "10D",
        "imovel": "Res."
      }
    },
    {
      "type": "Feature",
      "geometry": {
        "type": "Point",
        "coordinates": [
          -48.4286953,
          -19.2564379
        ]
      },
      "properties": {
        "codigo": "EO349",
        "endereco": "Rua Direita, 53, Distrito Miraporanga, Uberlândia - MG, Brasil",
        "qtld": "17C",
        "imovel": "Res."
      }
    },
    {
      "type": "Feature",
      "geometry": {
        "type": "Point",
        "coordinates": [
          -48.4292392,
          -19.2565868
        ]
      },
      "properties": {
        "codigo": "EO350",
        "endereco": "Rua da direita, 370, Distrito Miraporanga, Uberlândia - MG, Brasil",
        "qtld": "18A",
        "imovel": "Res."
      }
    },
    {
      "type": "Feature",
      "geometry": {
        "type": "Point",
        "coordinates": [
          -48.2400629,
          -18.9441566
        ]
      },
      "properties": {
        "codigo": "EO351",
        "endereco": "Leandro de Carvalho silva, 232, Distrito Miraporanga, Uberlândia - MG, Brasil",
        "qtld": "17B 232",
        "imovel": "Res."
      }
    },
    {
      "type": "Feature",
      "geometry": {
        "type": "Point",
        "coordinates": [
          -48.2803292,
          -18.9130024
        ]
      },
      "properties": {
        "codigo": "EO352",
        "endereco": "Av. Vasconcelos Costa, 396, Distrito Miraporanga, Uberlândia - MG, Brasil",
        "qtld": "11A",
        "imovel": "Res."
      }
    },
    {
      "type": "Feature",
      "geometry": {
        "type": "Point",
        "coordinates": [
          -48.4277645,
          -19.2561783
        ]
      },
      "properties": {
        "codigo": "EO355",
        "endereco": "Rua da direita, 145, Distrito Miraporanga, Uberlândia - MG, Brasil",
        "qtld": "16A",
        "imovel": "Res."
      }
    },
    {
      "type": "Feature",
      "geometry": {
        "type": "Point",
        "coordinates": [
          -48.4271137,
          -19.2557658
        ]
      },
      "properties": {
        "codigo": "EO356",
        "endereco": "Rua da direita, 85, Distrito Miraporanga, Uberlândia - MG, Brasil",
        "qtld": "20D",
        "imovel": "Res."
      }
    },
    {
      "type": "Feature",
      "geometry": {
        "type": "Point",
        "coordinates": [
          -48.2779905,
          -18.9126138
        ]
      },
      "properties": {
        "codigo": "EO357",
        "endereco": "Av Vasconcelos Costa, 135, Distrito Miraporanga, Uberlândia - MG, Brasil",
        "qtld": "14A",
        "imovel": "Res."
      }
    },
    {
      "type": "Feature",
      "geometry": {
        "type": "Point",
        "coordinates": [
          -48.3282625,
          -18.8893468
        ]
      },
      "properties": {
        "codigo": "EO358",
        "endereco": "Rua da Lambada, 461, Guarani, Uberlândia - MG, Brasil",
        "qtld": "30C",
        "imovel": "Res."
      }
    },
    {
      "type": "Feature",
      "geometry": {
        "type": "Point",
        "coordinates": [
          -48.3291554,
          -18.8901443
        ]
      },
      "properties": {
        "codigo": "EO360",
        "endereco": "Av. Clássica, 340, Guarani, Uberlândia - MG, Brasil",
        "qtld": "34B",
        "imovel": "Res."
      }
    },
    {
      "type": "Feature",
      "geometry": {
        "type": "Point",
        "coordinates": [
          -48.3291772,
          -18.8890714
        ]
      },
      "properties": {
        "codigo": "EO361",
        "endereco": "Rua Bolero, 532, Guarani, Uberlândia - MG, Brasil",
        "qtld": "29D",
        "imovel": "Res."
      }
    },
    {
      "type": "Feature",
      "geometry": {
        "type": "Point",
        "coordinates": [
          -48.3289678,
          -18.8894923
        ]
      },
      "properties": {
        "codigo": "EO362",
        "endereco": "Av. Clássica, 415, Guarani, Uberlândia - MG, Brasil",
        "qtld": "32B",
        "imovel": "Res."
      }
    },
    {
      "type": "Feature",
      "geometry": {
        "type": "Point",
        "coordinates": [
          -48.3309324,
          -18.8894631
        ]
      },
      "properties": {
        "codigo": "EO364",
        "endereco": "Av. Carnaval, 619, Guarani, Uberlândia - MG, Brasil",
        "qtld": "33A",
        "imovel": "Res."
      }
    },
    {
      "type": "Feature",
      "geometry": {
        "type": "Point",
        "coordinates": [
          -48.3300416,
          -18.8897898
        ]
      },
      "properties": {
        "codigo": "EO365",
        "endereco": "Rua da Rumba, 528, Guarani, Uberlândia - MG, Brasil",
        "qtld": "33D",
        "imovel": "Res."
      }
    },
    {
      "type": "Feature",
      "geometry": {
        "type": "Point",
        "coordinates": [
          -48.3302506,
          -18.8880166
        ]
      },
      "properties": {
        "codigo": "EO366",
        "endereco": "Rua da Lambada, 695, Guarani, Uberlândia - MG, Brasil",
        "qtld": "79C",
        "imovel": "Res."
      }
    },
    {
      "type": "Feature",
      "geometry": {
        "type": "Point",
        "coordinates": [
          -48.3303413,
          -18.8886263
        ]
      },
      "properties": {
        "codigo": "EO367",
        "endereco": "Rua do Bolero, 653, Guarani, Uberlândia - MG, Brasil",
        "qtld": "78D",
        "imovel": "Res."
      }
    },
    {
      "type": "Feature",
      "geometry": {
        "type": "Point",
        "coordinates": [
          -48.3307872,
          -18.8892804
        ]
      },
      "properties": {
        "codigo": "EO368",
        "endereco": "Av. Carnaval, 620, Guarani, Uberlândia - MG, Brasil",
        "qtld": "77D 620",
        "imovel": "Com."
      }
    },
    {
      "type": "Feature",
      "geometry": {
        "type": "Point",
        "coordinates": [
          -48.3303507,
          -18.8883053
        ]
      },
      "properties": {
        "codigo": "EO369",
        "endereco": "Rua do bolero, 674, Guarani, Uberlândia - MG, Brasil",
        "qtld": "79A",
        "imovel": "Res."
      }
    },
    {
      "type": "Feature",
      "geometry": {
        "type": "Point",
        "coordinates": [
          -48.3289845,
          -18.8917362
        ]
      },
      "properties": {
        "codigo": "EO370",
        "endereco": "Rua da Polca, 210, Guarani, Uberlândia - MG, Brasil",
        "qtld": "38A",
        "imovel": "Res."
      }
    },
    {
      "type": "Feature",
      "geometry": {
        "type": "Point",
        "coordinates": [
          -48.3283517,
          -18.891346
        ]
      },
      "properties": {
        "codigo": "EO371",
        "endereco": "Rua do Tango, 284, Guarani, Uberlândia - MG, Brasil",
        "qtld": "35B",
        "imovel": "Res."
      }
    },
    {
      "type": "Feature",
      "geometry": {
        "type": "Point",
        "coordinates": [
          -48.3285258,
          -18.890781
        ]
      },
      "properties": {
        "codigo": "EO372",
        "endereco": "Rua da Rumba, 346, Guarani, Uberlândia - MG, Brasil",
        "qtld": "34A 346",
        "imovel": "Res."
      }
    },
    {
      "type": "Feature",
      "geometry": {
        "type": "Point",
        "coordinates": [
          -48.3275722,
          -18.8916139
        ]
      },
      "properties": {
        "codigo": "EO373",
        "endereco": "Rua da Rumba, 223, Guarani, Uberlândia - MG, Brasil",
        "qtld": "15A",
        "imovel": "Res."
      }
    },
    {
      "type": "Feature",
      "geometry": {
        "type": "Point",
        "coordinates": [
          -48.3281177,
          -18.8916962
        ]
      },
      "properties": {
        "codigo": "EO374",
        "endereco": "Rua do Tango, 252, Guarani, Uberlândia - MG, Brasil",
        "qtld": "15C",
        "imovel": "Res."
      }
    },
    {
      "type": "Feature",
      "geometry": {
        "type": "Point",
        "coordinates": [
          -48.3271462,
          -18.8923052
        ]
      },
      "properties": {
        "codigo": "EO376",
        "endereco": "Rua do Tango, 122, Guarani, Uberlândia - MG, Brasil",
        "qtld": "15C 122",
        "imovel": "Res."
      }
    },
    {
      "type": "Feature",
      "geometry": {
        "type": "Point",
        "coordinates": [
          -48.3274398,
          -18.8927202
        ]
      },
      "properties": {
        "codigo": "EO377",
        "endereco": "Rua da Polca, 18, Guarani, Uberlândia - MG, Brasil",
        "qtld": "12D 18",
        "imovel": "Res."
      }
    },
    {
      "type": "Feature",
      "geometry": {
        "type": "Point",
        "coordinates": [
          -48.3271711,
          -18.8928793
        ]
      },
      "properties": {
        "codigo": "EO378",
        "endereco": "Rua do Repentista, 350, Guarani, Uberlândia - MG, Brasil",
        "qtld": "13C 350",
        "imovel": "Out."
      }
    },
    {
      "type": "Feature",
      "geometry": {
        "type": "Point",
        "coordinates": [
          -48.3267242,
          -18.8921702
        ]
      },
      "properties": {
        "codigo": "EO379",
        "endereco": "Rua da Rumba, 111, Guarani, Uberlândia - MG, Brasil",
        "qtld": "14A 111",
        "imovel": "Res."
      }
    },
    {
      "type": "Feature",
      "geometry": {
        "type": "Point",
        "coordinates": [
          -48.3334773,
          -18.8881986
        ]
      },
      "properties": {
        "codigo": "EO382",
        "endereco": "Rua do Tango, 900, Guarani, Uberlândia - MG, Brasil",
        "qtld": "75C",
        "imovel": "Res."
      }
    },
    {
      "type": "Feature",
      "geometry": {
        "type": "Point",
        "coordinates": [
          -48.334541,
          -18.8920417
        ]
      },
      "properties": {
        "codigo": "EO383",
        "endereco": "Avenida do Frevo, 769, Guarani, Uberlândia - MG, Brasil",
        "qtld": "72C",
        "imovel": "Res."
      }
    },
    {
      "type": "Feature",
      "geometry": {
        "type": "Point",
        "coordinates": [
          -48.3335237,
          -18.8890658
        ]
      },
      "properties": {
        "codigo": "EO384",
        "endereco": "Rua da Polca, 745, Guarani, Uberlândia - MG, Brasil",
        "qtld": "71A 745",
        "imovel": "Res."
      }
    },
    {
      "type": "Feature",
      "geometry": {
        "type": "Point",
        "coordinates": [
          -48.33316,
          -18.8897109
        ]
      },
      "properties": {
        "codigo": "EO385",
        "endereco": "Rua do chanchado, 24, Guarani, Uberlândia - MG, Brasil",
        "qtld": "71C",
        "imovel": "Res."
      }
    },
    {
      "type": "Feature",
      "geometry": {
        "type": "Point",
        "coordinates": [
          -48.334541,
          -18.8920417
        ]
      },
      "properties": {
        "codigo": "EO386",
        "endereco": "Avenida do Frevo, 759, Guarani, Uberlândia - MG, Brasil",
        "qtld": "74C",
        "imovel": "Res."
      }
    },
    {
      "type": "Feature",
      "geometry": {
        "type": "Point",
        "coordinates": [
          -48.3319758,
          -18.8894496
        ]
      },
      "properties": {
        "codigo": "EO387",
        "endereco": "Rua Do Tango, 697, Guarani, Uberlândia - MG, Brasil",
        "qtld": "73C",
        "imovel": "Res."
      }
    },
    {
      "type": "Feature",
      "geometry": {
        "type": "Point",
        "coordinates": [
          -48.334541,
          -18.8920417
        ]
      },
      "properties": {
        "codigo": "EO388",
        "endereco": "Rua Frevo, 759, Guarani, Uberlândia - MG, Brasil",
        "qtld": "74C",
        "imovel": "Res."
      }
    },
    {
      "type": "Feature",
      "geometry": {
        "type": "Point",
        "coordinates": [
          -48.3329029,
          -18.8882078
        ]
      },
      "properties": {
        "codigo": "EO389",
        "endereco": "Rua da Rumba, 861, Guarani, Uberlândia - MG, Brasil",
        "qtld": "75A",
        "imovel": "Res."
      }
    },
    {
      "type": "Feature",
      "geometry": {
        "type": "Point",
        "coordinates": [
          -48.3343734,
          -18.8888331
        ]
      },
      "properties": {
        "codigo": "EO390",
        "endereco": "Rua do chanchado, 176, Guarani, Uberlândia - MG, Brasil",
        "qtld": "86B",
        "imovel": "Res."
      }
    },
    {
      "type": "Feature",
      "geometry": {
        "type": "Point",
        "coordinates": [
          -48.3352452,
          -18.8879831
        ]
      },
      "properties": {
        "codigo": "EO391",
        "endereco": "Rua da Polca, 957, Guarani, Uberlândia - MG, Brasil",
        "qtld": "86D",
        "imovel": "Res."
      }
    },
    {
      "type": "Feature",
      "geometry": {
        "type": "Point",
        "coordinates": [
          -48.3333098,
          -18.8874209
        ]
      },
      "properties": {
        "codigo": "EO392",
        "endereco": "Avenida do Congado, 943, Guarani, Uberlândia - MG, Brasil",
        "qtld": "84A",
        "imovel": "Res."
      }
    },
    {
      "type": "Feature",
      "geometry": {
        "type": "Point",
        "coordinates": [
          -48.3341586,
          -18.8880625
        ]
      },
      "properties": {
        "codigo": "EO393",
        "endereco": "Rua do Tango, 961, Guarani, Uberlândia - MG, Brasil",
        "qtld": "85C",
        "imovel": "Res."
      }
    },
    {
      "type": "Feature",
      "geometry": {
        "type": "Point",
        "coordinates": [
          -48.3349953,
          -18.8897063
        ]
      },
      "properties": {
        "codigo": "EO394",
        "endereco": "Rua aerobica, 822, Guarani, Uberlândia - MG, Brasil",
        "qtld": "88C",
        "imovel": "Res."
      }
    },
    {
      "type": "Feature",
      "geometry": {
        "type": "Point",
        "coordinates": [
          -48.335777,
          -18.8888643
        ]
      },
      "properties": {
        "codigo": "EO395",
        "endereco": "Rua das Valsas, 943, Guarani, Uberlândia - MG, Brasil",
        "qtld": "88A",
        "imovel": "Res."
      }
    },
    {
      "type": "Feature",
      "geometry": {
        "type": "Point",
        "coordinates": [
          -48.3352824,
          -18.8885686
        ]
      },
      "properties": {
        "codigo": "EO396",
        "endereco": "Rua do Chanchado, 275, Guarani, Uberlândia - MG, Brasil",
        "qtld": "87C",
        "imovel": "Res."
      }
    },
    {
      "type": "Feature",
      "geometry": {
        "type": "Point",
        "coordinates": [
          -48.3347779,
          -18.8892445
        ]
      },
      "properties": {
        "codigo": "EO397",
        "endereco": "Rua das Valsas, 834, Guarani, Uberlândia - MG, Brasil",
        "qtld": "87A",
        "imovel": "Res."
      }
    },
    {
      "type": "Feature",
      "geometry": {
        "type": "Point",
        "coordinates": [
          -48.3313965,
          -18.8924339
        ]
      },
      "properties": {
        "codigo": "EO398",
        "endereco": "Avenida Classica, 333, Guarani, Uberlândia - MG, Brasil",
        "qtld": "43C",
        "imovel": "Out."
      }
    },
    {
      "type": "Feature",
      "geometry": {
        "type": "Point",
        "coordinates": [
          -48.3313965,
          -18.8924339
        ]
      },
      "properties": {
        "codigo": "EO399",
        "endereco": "Avenida Classica, 333, Guarani, Uberlândia - MG, Brasil",
        "qtld": "43C 333",
        "imovel": "Out."
      }
    },
    {
      "type": "Feature",
      "geometry": {
        "type": "Point",
        "coordinates": [
          -48.3303917,
          -18.8926968
        ]
      },
      "properties": {
        "codigo": "EO400",
        "endereco": "Rua do Dobrado, 264, Guarani, Uberlândia - MG, Brasil",
        "qtld": "42B 264",
        "imovel": "Res."
      }
    },
    {
      "type": "Feature",
      "geometry": {
        "type": "Point",
        "coordinates": [
          -48.3305178,
          -18.8920142
        ]
      },
      "properties": {
        "codigo": "EO401",
        "endereco": "Avenida clássica, 316, Guarani, Uberlândia - MG, Brasil",
        "qtld": "41B",
        "imovel": "Res."
      }
    },
    {
      "type": "Feature",
      "geometry": {
        "type": "Point",
        "coordinates": [
          -48.3297544,
          -18.8930924
        ]
      },
      "properties": {
        "codigo": "EO402",
        "endereco": "Rua do Dobrado, 184, Guarani, Uberlândia - MG, Brasil",
        "qtld": "42B 184",
        "imovel": "Res."
      }
    },
    {
      "type": "Feature",
      "geometry": {
        "type": "Point",
        "coordinates": [
          -48.3281287,
          -18.8935968
        ]
      },
      "properties": {
        "codigo": "EO403",
        "endereco": "Rua das Valsas, 14, Guarani, Uberlândia - MG, Brasil",
        "qtld": "10D 14",
        "imovel": "Res."
      }
    },
    {
      "type": "Feature",
      "geometry": {
        "type": "Point",
        "coordinates": [
          -48.328686,
          -18.8938698
        ]
      },
      "properties": {
        "codigo": "EO405",
        "endereco": "Rua do Dobrado, 42, Guarani, Uberlândia - MG, Brasil",
        "qtld": "9C 42",
        "imovel": "Res."
      }
    },
    {
      "type": "Feature",
      "geometry": {
        "type": "Point",
        "coordinates": [
          -48.3293310328408,
          -18.8926095279927
        ]
      },
      "properties": {
        "codigo": "EO406",
        "endereco": "Rua Maracatu, 311, Guarani, Uberlândia - MG, Brasil",
        "qtld": "41D",
        "imovel": "Res."
      }
    },
    {
      "type": "Feature",
      "geometry": {
        "type": "Point",
        "coordinates": [
          -48.3290811,
          -18.8932408
        ]
      },
      "properties": {
        "codigo": "EO408",
        "endereco": "Rua das Valsas, 123, Guarani, Uberlândia - MG, Brasil",
        "qtld": "9A",
        "imovel": "Res."
      }
    },
    {
      "type": "Feature",
      "geometry": {
        "type": "Point",
        "coordinates": [
          -48.3301906,
          -18.8915317
        ]
      },
      "properties": {
        "codigo": "EO409",
        "endereco": "Av Clássica, 318, Guarani, Uberlândia - MG, Brasil",
        "qtld": "39C",
        "imovel": "Res."
      }
    },
    {
      "type": "Feature",
      "geometry": {
        "type": "Point",
        "coordinates": [
          -48.3330124,
          -18.8913853
        ]
      },
      "properties": {
        "codigo": "EO410",
        "endereco": "Rua Aerobica, 557, Guarani, Uberlândia - MG, Brasil",
        "qtld": "66C",
        "imovel": "Res."
      }
    },
    {
      "type": "Feature",
      "geometry": {
        "type": "Point",
        "coordinates": [
          -48.3333646,
          -18.8917499
        ]
      },
      "properties": {
        "codigo": "EO411",
        "endereco": "Rua das Serenatas, 565, Guarani, Uberlândia - MG, Brasil",
        "qtld": "63D",
        "imovel": "Res."
      }
    },
    {
      "type": "Feature",
      "geometry": {
        "type": "Point",
        "coordinates": [
          -48.3330682,
          -18.892256
        ]
      },
      "properties": {
        "codigo": "EO412",
        "endereco": "Rua da Mazurka, 514, Guarani, Uberlândia - MG, Brasil",
        "qtld": "63B",
        "imovel": "Res."
      }
    },
    {
      "type": "Feature",
      "geometry": {
        "type": "Point",
        "coordinates": [
          -48.3321492,
          -18.8912012
        ]
      },
      "properties": {
        "codigo": "EO414",
        "endereco": "Rua das Valsas, 499, Guarani, Uberlândia - MG, Brasil",
        "qtld": "67C",
        "imovel": "Res."
      }
    },
    {
      "type": "Feature",
      "geometry": {
        "type": "Point",
        "coordinates": [
          -48.3332448,
          -18.8908747
        ]
      },
      "properties": {
        "codigo": "EO415",
        "endereco": "Rua Aeróbica, 608, Guarani, Uberlândia - MG, Brasil",
        "qtld": "67A",
        "imovel": "Res."
      }
    },
    {
      "type": "Feature",
      "geometry": {
        "type": "Point",
        "coordinates": [
          -48.3337594,
          -18.8907635
        ]
      },
      "properties": {
        "codigo": "EO417",
        "endereco": "Rua Aeróbica, 659, Guarani, Uberlândia - MG, Brasil",
        "qtld": "65B",
        "imovel": "Com."
      }
    },
    {
      "type": "Feature",
      "geometry": {
        "type": "Point",
        "coordinates": [
          -48.3252765,
          -18.8919464
        ]
      },
      "properties": {
        "codigo": "EO418",
        "endereco": "Rua Bolero, 35, Guarani, Uberlândia - MG, Brasil",
        "qtld": "18A",
        "imovel": "Res."
      }
    },
    {
      "type": "Feature",
      "geometry": {
        "type": "Point",
        "coordinates": [
          -48.3244416,
          -18.8913943
        ]
      },
      "properties": {
        "codigo": "EO420",
        "endereco": "Rua da Lambada, 8, Guarani, Uberlândia - MG, Brasil",
        "qtld": "22D",
        "imovel": "Res."
      }
    },
    {
      "type": "Feature",
      "geometry": {
        "type": "Point",
        "coordinates": [
          -48.3255752,
          -18.8905448
        ]
      },
      "properties": {
        "codigo": "EO421",
        "endereco": "Rua do Repentista, 169, Guarani, Uberlândia - MG, Brasil",
        "qtld": "22A 169",
        "imovel": "Res."
      }
    },
    {
      "type": "Feature",
      "geometry": {
        "type": "Point",
        "coordinates": [
          -48.3262009,
          -18.8906712
        ]
      },
      "properties": {
        "codigo": "EO422",
        "endereco": "Rua da Lambada, 189, Guarani, Uberlândia - MG, Brasil",
        "qtld": "20B",
        "imovel": "Res."
      }
    },
    {
      "type": "Feature",
      "geometry": {
        "type": "Point",
        "coordinates": [
          -48.3269672,
          -18.890777
        ]
      },
      "properties": {
        "codigo": "EO423",
        "endereco": "Rua Bolero, 247, Guarani, Uberlândia - MG, Brasil",
        "qtld": "19A",
        "imovel": "Res."
      }
    },
    {
      "type": "Feature",
      "geometry": {
        "type": "Point",
        "coordinates": [
          -48.3274507,
          -18.8891944
        ]
      },
      "properties": {
        "codigo": "EO426",
        "endereco": "Rua do Rock, 419, Guarani, Uberlândia - MG, Brasil",
        "qtld": "26C",
        "imovel": "Res."
      }
    },
    {
      "type": "Feature",
      "geometry": {
        "type": "Point",
        "coordinates": [
          -48.329781,
          -18.890705
        ]
      },
      "properties": {
        "codigo": "EO427",
        "endereco": "Rua clássica, 488, Guarani, Uberlândia - MG, Brasil",
        "qtld": "26B",
        "imovel": "Res."
      }
    },
    {
      "type": "Feature",
      "geometry": {
        "type": "Point",
        "coordinates": [
          -48.3266393,
          -18.8900661
        ]
      },
      "properties": {
        "codigo": "EO428",
        "endereco": "Rua da Lambada, 280, Guarani, Uberlândia - MG, Brasil",
        "qtld": "25D 280",
        "imovel": "Res."
      }
    },
    {
      "type": "Feature",
      "geometry": {
        "type": "Point",
        "coordinates": [
          -48.3262188,
          -18.8900381
        ]
      },
      "properties": {
        "codigo": "EO429",
        "endereco": "Rua do Rock, 251, Guarani, Uberlândia - MG, Brasil",
        "qtld": "25B",
        "imovel": "Res."
      }
    },
    {
      "type": "Feature",
      "geometry": {
        "type": "Point",
        "coordinates": [
          -48.3307819,
          -18.8937095
        ]
      },
      "properties": {
        "codigo": "EO430",
        "endereco": "Rua da Mazurka, 240, Guarani, Uberlândia - MG, Brasil",
        "qtld": "45B 240",
        "imovel": "Res."
      }
    },
    {
      "type": "Feature",
      "geometry": {
        "type": "Point",
        "coordinates": [
          -48.3316416,
          -18.8936114
        ]
      },
      "properties": {
        "codigo": "EO431",
        "endereco": "Av. Clássica, 172, Guarani, Uberlândia - MG, Brasil",
        "qtld": "48B 172",
        "imovel": "Res."
      }
    },
    {
      "type": "Feature",
      "geometry": {
        "type": "Point",
        "coordinates": [
          -48.3313071,
          -18.8931684
        ]
      },
      "properties": {
        "codigo": "EO432",
        "endereco": "Av. Clássica, 220, Guarani, Uberlândia - MG, Brasil",
        "qtld": "45C 220",
        "imovel": "Com."
      }
    },
    {
      "type": "Feature",
      "geometry": {
        "type": "Point",
        "coordinates": [
          -48.3335707,
          -18.8904544
        ]
      },
      "properties": {
        "codigo": "EO433",
        "endereco": "Avenida do Frevo, 405, Guarani, Uberlândia - MG, Brasil",
        "qtld": 68,
        "imovel": "Com."
      }
    },
    {
      "type": "Feature",
      "geometry": {
        "type": "Point",
        "coordinates": [
          -48.335565,
          -18.8915698
        ]
      },
      "properties": {
        "codigo": "EO434",
        "endereco": "Rua do Samba, 743, Guarani, Uberlândia - MG, Brasil",
        "qtld": "60A",
        "imovel": "Res."
      }
    },
    {
      "type": "Feature",
      "geometry": {
        "type": "Point",
        "coordinates": [
          -48.3363287,
          -18.8919932
        ]
      },
      "properties": {
        "codigo": "EO435",
        "endereco": "Rua do Ballet, 762, Guarani, Uberlândia - MG, Brasil",
        "qtld": "57D",
        "imovel": "Res."
      }
    },
    {
      "type": "Feature",
      "geometry": {
        "type": "Point",
        "coordinates": [
          -48.3350478,
          -18.892301
        ]
      },
      "properties": {
        "codigo": "EO436",
        "endereco": "Rua da Batucada, 671, Guarani, Uberlândia - MG, Brasil",
        "qtld": "57B 671",
        "imovel": "Res."
      }
    },
    {
      "type": "Feature",
      "geometry": {
        "type": "Point",
        "coordinates": [
          -48.3357201,
          -18.8931117
        ]
      },
      "properties": {
        "codigo": "EO437",
        "endereco": "Avenida Taylor Siva, 1324, Guarani, Uberlândia - MG, Brasil",
        "qtld": "56C",
        "imovel": "Com."
      }
    },
    {
      "type": "Feature",
      "geometry": {
        "type": "Point",
        "coordinates": [
          -48.3345906,
          -18.8925399
        ]
      },
      "properties": {
        "codigo": "EO438",
        "endereco": "Rua da Batucada, 610, Guarani, Uberlândia - MG, Brasil",
        "qtld": "59B",
        "imovel": "Res."
      }
    },
    {
      "type": "Feature",
      "geometry": {
        "type": "Point",
        "coordinates": [
          -48.3349419,
          -18.8929567
        ]
      },
      "properties": {
        "codigo": "EO439",
        "endereco": "Rua do ballet, 580, Guarani, Uberlândia - MG, Brasil",
        "qtld": "58D",
        "imovel": "Res."
      }
    },
    {
      "type": "Feature",
      "geometry": {
        "type": "Point",
        "coordinates": [
          -48.3351805,
          -18.8934167
        ]
      },
      "properties": {
        "codigo": "EO440",
        "endereco": "Avenida Taylor Silva, 1262, Guarani, Uberlândia - MG, Brasil",
        "qtld": "55B",
        "imovel": "Com."
      }
    },
    {
      "type": "Feature",
      "geometry": {
        "type": "Point",
        "coordinates": [
          -48.3365534,
          -18.8915461
        ]
      },
      "properties": {
        "codigo": "EO442",
        "endereco": "Rua da Batucada, 823, Guarani, Uberlândia - MG, Brasil",
        "qtld": "93A 823",
        "imovel": "Res."
      }
    },
    {
      "type": "Feature",
      "geometry": {
        "type": "Point",
        "coordinates": [
          -48.3362486,
          -18.8914702
        ]
      },
      "properties": {
        "codigo": "EO443",
        "endereco": "Rua da Batucada, 804, Guarani, Uberlândia - MG, Brasil",
        "qtld": "92B R2 (804)",
        "imovel": "Res."
      }
    },
    {
      "type": "Feature",
      "geometry": {
        "type": "Point",
        "coordinates": [
          -48.335872,
          -18.8916908
        ]
      },
      "properties": {
        "codigo": "EO444",
        "endereco": "Rua da Batucada, 762, Guarani, Uberlândia - MG, Brasil",
        "qtld": "60C",
        "imovel": "Res."
      }
    },
    {
      "type": "Feature",
      "geometry": {
        "type": "Point",
        "coordinates": [
          -48.3348105,
          -18.8936737
        ]
      },
      "properties": {
        "codigo": "EO446",
        "endereco": "Avenida Taylor Silva, 1212, Guarani, Uberlândia - MG, Brasil",
        "qtld": "55B",
        "imovel": "Res."
      }
    },
    {
      "type": "Feature",
      "geometry": {
        "type": "Point",
        "coordinates": [
          -48.334158,
          -18.8937821
        ]
      },
      "properties": {
        "codigo": "EO447",
        "endereco": "Rua do Ballet, 471, Guarani, Uberlândia - MG, Brasil",
        "qtld": "55D",
        "imovel": "Res."
      }
    },
    {
      "type": "Feature",
      "geometry": {
        "type": "Point",
        "coordinates": [
          -48.3335454,
          -18.8940645
        ]
      },
      "properties": {
        "codigo": "EO448",
        "endereco": "Rua do Ballet, 407, Guarani, Uberlândia - MG, Brasil",
        "qtld": "54A 407",
        "imovel": "Res."
      }
    },
    {
      "type": "Feature",
      "geometry": {
        "type": "Point",
        "coordinates": [
          -48.3319468,
          -18.8911718
        ]
      },
      "properties": {
        "codigo": "EO451",
        "endereco": "Av Carnaval, 457, Guarani, Uberlândia - MG, Brasil",
        "qtld": "51A 457",
        "imovel": "Com."
      }
    },
    {
      "type": "Feature",
      "geometry": {
        "type": "Point",
        "coordinates": [
          -48.3340579,
          -18.8932127
        ]
      },
      "properties": {
        "codigo": "EO452",
        "endereco": "Rua da Batucada, 519, Guarani, Uberlândia - MG, Brasil",
        "qtld": "58C",
        "imovel": "Res."
      }
    },
    {
      "type": "Feature",
      "geometry": {
        "type": "Point",
        "coordinates": [
          -48.3334711,
          -18.8945962
        ]
      },
      "properties": {
        "codigo": "EO453",
        "endereco": "Avenida Taylor Silva, 1038, Guarani, Uberlândia - MG, Brasil",
        "qtld": "54C 1038",
        "imovel": "Com."
      }
    },
    {
      "type": "Feature",
      "geometry": {
        "type": "Point",
        "coordinates": [
          -48.3322061,
          -18.8950476
        ]
      },
      "properties": {
        "codigo": "EO454",
        "endereco": "Rua do Ballet, 235, Guarani, Uberlândia - MG, Brasil",
        "qtld": "53D",
        "imovel": "Res."
      }
    },
    {
      "type": "Feature",
      "geometry": {
        "type": "Point",
        "coordinates": [
          -48.3322121,
          -18.894415
        ]
      },
      "properties": {
        "codigo": "EO455",
        "endereco": "Av. Clássica, 295, Guarani, Uberlândia - MG, Brasil",
        "qtld": "52B 295/1",
        "imovel": "Res."
      }
    },
    {
      "type": "Feature",
      "geometry": {
        "type": "Point",
        "coordinates": [
          -48.3305718,
          -18.894379
        ]
      },
      "properties": {
        "codigo": "EO456",
        "endereco": "Av. Maracatú, 171, Guarani, Uberlândia - MG, Brasil",
        "qtld": "45A 171",
        "imovel": "Res."
      }
    },
    {
      "type": "Feature",
      "geometry": {
        "type": "Point",
        "coordinates": [
          -48.3303785,
          -18.8916218
        ]
      },
      "properties": {
        "codigo": "EO458",
        "endereco": "Av. Clássica, 166, Guarani, Uberlândia - MG, Brasil",
        "qtld": "48B 166",
        "imovel": "Res."
      }
    },
    {
      "type": "Feature",
      "geometry": {
        "type": "Point",
        "coordinates": [
          -48.330246,
          -18.8949539
        ]
      },
      "properties": {
        "codigo": "EO459",
        "endereco": "Rua do Samba, 115, Guarani, Uberlândia - MG, Brasil",
        "qtld": "5A 115",
        "imovel": "Res."
      }
    },
    {
      "type": "Feature",
      "geometry": {
        "type": "Point",
        "coordinates": [
          -48.332066,
          -18.8941995
        ]
      },
      "properties": {
        "codigo": "EO460",
        "endereco": "Av. Clássica, 84, Guarani, Uberlândia - MG, Brasil",
        "qtld": "49C 84",
        "imovel": "Com."
      }
    },
    {
      "type": "Feature",
      "geometry": {
        "type": "Point",
        "coordinates": [
          -48.3293626,
          -18.89537
        ]
      },
      "properties": {
        "codigo": "EO461",
        "endereco": "Rua do Samba, 6, Guarani, Uberlândia - MG, Brasil",
        "qtld": "6D 6",
        "imovel": "Res."
      }
    },
    {
      "type": "Feature",
      "geometry": {
        "type": "Point",
        "coordinates": [
          -48.3302515,
          -18.8947112
        ]
      },
      "properties": {
        "codigo": "EO464",
        "endereco": "Rua do Samba, 126, Guarani, Uberlândia - MG, Brasil",
        "qtld": "6D 126",
        "imovel": "Res."
      }
    },
    {
      "type": "Feature",
      "geometry": {
        "type": "Point",
        "coordinates": [
          -48.3333098,
          -18.8874209
        ]
      },
      "properties": {
        "codigo": "EO465",
        "endereco": "Avenida Congado, 977, Guarani, Uberlândia - MG, Brasil",
        "qtld": "82D",
        "imovel": "Res."
      }
    },
    {
      "type": "Feature",
      "geometry": {
        "type": "Point",
        "coordinates": [
          -48.3330563,
          -18.8877782
        ]
      },
      "properties": {
        "codigo": "EO467",
        "endereco": "Rua da Rumba, 902, Guarani, Uberlândia - MG, Brasil",
        "qtld": "76D 902",
        "imovel": "Res."
      }
    },
    {
      "type": "Feature",
      "geometry": {
        "type": "Point",
        "coordinates": [
          -48.3344461,
          -18.8868922
        ]
      },
      "properties": {
        "codigo": "EO469",
        "endereco": "Rua da Rumba, 1074, Guarani, Uberlândia - MG, Brasil",
        "qtld": "83A",
        "imovel": "Res."
      }
    },
    {
      "type": "Feature",
      "geometry": {
        "type": "Point",
        "coordinates": [
          -48.3163803,
          -18.966531
        ]
      },
      "properties": {
        "codigo": "EO471",
        "endereco": "Alameda Jose De Oliveira, 1220, Jardim Holanda, Uberlândia - MG, Brasil",
        "qtld": "72B 1220",
        "imovel": "Res."
      }
    },
    {
      "type": "Feature",
      "geometry": {
        "type": "Point",
        "coordinates": [
          -48.3167513,
          -18.9656952
        ]
      },
      "properties": {
        "codigo": "EO472",
        "endereco": "Alameda Neusa Borges da Fonseca, 715, Jardim Holanda, Uberlândia - MG, Brasil",
        "qtld": "72C 715",
        "imovel": "Res."
      }
    },
    {
      "type": "Feature",
      "geometry": {
        "type": "Point",
        "coordinates": [
          -48.3167927,
          -18.9649921
        ]
      },
      "properties": {
        "codigo": "EO473",
        "endereco": "Neuza Borges da Fonseca, 635, Jardim Holanda, Uberlândia - MG, Brasil",
        "qtld": "72C",
        "imovel": "Res."
      }
    },
    {
      "type": "Feature",
      "geometry": {
        "type": "Point",
        "coordinates": [
          -48.3173019,
          -18.9655402
        ]
      },
      "properties": {
        "codigo": "EO474",
        "endereco": "Alameda Emiliano Borges Silva, 301, Jardim Holanda, Uberlândia - MG, Brasil",
        "qtld": "71D",
        "imovel": "Res."
      }
    },
    {
      "type": "Feature",
      "geometry": {
        "type": "Point",
        "coordinates": [
          -48.3159098,
          -18.9658932
        ]
      },
      "properties": {
        "codigo": "EO475",
        "endereco": "Alameda Alice de Oliveira e Silva, 815, Jardim Holanda, Uberlândia - MG, Brasil",
        "qtld": "73D 815",
        "imovel": "Res."
      }
    },
    {
      "type": "Feature",
      "geometry": {
        "type": "Point",
        "coordinates": [
          -48.3153401,
          -18.9661031
        ]
      },
      "properties": {
        "codigo": "EO476",
        "endereco": "Alameda João Pereira de Carvalho, 785, Jardim Holanda, Uberlândia - MG, Brasil",
        "qtld": "74C 785",
        "imovel": "Res."
      }
    },
    {
      "type": "Feature",
      "geometry": {
        "type": "Point",
        "coordinates": [
          -48.3156814,
          -18.9649506
        ]
      },
      "properties": {
        "codigo": "EO477",
        "endereco": "Alameda João Pereira de Carvalho, 650, Jardim Holanda, Uberlândia - MG, Brasil",
        "qtld": "73B 650",
        "imovel": "Res."
      }
    },
    {
      "type": "Feature",
      "geometry": {
        "type": "Point",
        "coordinates": [
          -48.3152535,
          -18.9664087
        ]
      },
      "properties": {
        "codigo": "EO478",
        "endereco": "Alameda José de Oliveira, 1120, Jardim Holanda, Uberlândia - MG, Brasil",
        "qtld": "74B",
        "imovel": "Res."
      }
    },
    {
      "type": "Feature",
      "geometry": {
        "type": "Point",
        "coordinates": [
          -48.3159653,
          -18.9672293
        ]
      },
      "properties": {
        "codigo": "EO479",
        "endereco": "Alameda José de Oliveira, 1175, Jardim Holanda, Uberlândia - MG, Brasil",
        "qtld": "79A",
        "imovel": "Out."
      }
    },
    {
      "type": "Feature",
      "geometry": {
        "type": "Point",
        "coordinates": [
          -48.3159653,
          -18.9672293
        ]
      },
      "properties": {
        "codigo": "EO480",
        "endereco": "Alameda José de Oliveira, 1175, Jardim Holanda, Uberlândia - MG, Brasil",
        "qtld": "79A",
        "imovel": "Out."
      }
    },
    {
      "type": "Feature",
      "geometry": {
        "type": "Point",
        "coordinates": [
          -48.3170021,
          -18.9665579
        ]
      },
      "properties": {
        "codigo": "EO481",
        "endereco": "Alameda Jose Oliveira, 1310, Jardim Holanda, Uberlândia - MG, Brasil",
        "qtld": "32B",
        "imovel": "Res."
      }
    },
    {
      "type": "Feature",
      "geometry": {
        "type": "Point",
        "coordinates": [
          -48.3173633,
          -18.9660307
        ]
      },
      "properties": {
        "codigo": "EO482",
        "endereco": "Alameda Emiliano Borges Silva, 351, Jardim Holanda, Uberlândia - MG, Brasil",
        "qtld": "71D 351",
        "imovel": "Res."
      }
    },
    {
      "type": "Feature",
      "geometry": {
        "type": "Point",
        "coordinates": [
          -48.3359077,
          -18.9596965
        ]
      },
      "properties": {
        "codigo": "EO484",
        "endereco": "Av Aldo Borges Leão, 141, Jardim Canaã, Uberlândia - MG, Brasil",
        "qtld": "174 D",
        "imovel": "Out."
      }
    },
    {
      "type": "Feature",
      "geometry": {
        "type": "Point",
        "coordinates": [
          -48.3359077,
          -18.9596965
        ]
      },
      "properties": {
        "codigo": "EO485",
        "endereco": "Av Aldo Borges Leão, 141, Jardim Canaã, Uberlândia - MG, Brasil",
        "qtld": "174 D",
        "imovel": "Out."
      }
    },
    {
      "type": "Feature",
      "geometry": {
        "type": "Point",
        "coordinates": [
          -48.3359077,
          -18.9596965
        ]
      },
      "properties": {
        "codigo": "EO486",
        "endereco": "Av Aldo Borges Leão, 141, Jardim Canaã, Uberlândia - MG, Brasil",
        "qtld": "174 D",
        "imovel": "Out."
      }
    },
    {
      "type": "Feature",
      "geometry": {
        "type": "Point",
        "coordinates": [
          -48.3359077,
          -18.9596965
        ]
      },
      "properties": {
        "codigo": "EO487",
        "endereco": "Av Aldo Borges Leão, 141, Jardim Canaã, Uberlândia - MG, Brasil",
        "qtld": "174 D",
        "imovel": "Out."
      }
    },
    {
      "type": "Feature",
      "geometry": {
        "type": "Point",
        "coordinates": [
          -48.3332642,
          -18.8947151
        ]
      },
      "properties": {
        "codigo": "EO488",
        "endereco": "Av Taylor Silva, 1, Guarani, Uberlândia - MG, Brasil",
        "qtld": "94C",
        "imovel": "Out."
      }
    },
    {
      "type": "Feature",
      "geometry": {
        "type": "Point",
        "coordinates": [
          -48.3332642,
          -18.8947151
        ]
      },
      "properties": {
        "codigo": "EO489",
        "endereco": "Av Taylor Silva, 1, Guarani, Uberlândia - MG, Brasil",
        "qtld": "94C",
        "imovel": "Out."
      }
    },
    {
      "type": "Feature",
      "geometry": {
        "type": "Point",
        "coordinates": [
          -48.3332642,
          -18.8947151
        ]
      },
      "properties": {
        "codigo": "EO490",
        "endereco": "Av Taylor Silva, 1, Guarani, Uberlândia - MG, Brasil",
        "qtld": "94C",
        "imovel": "Out."
      }
    },
    {
      "type": "Feature",
      "geometry": {
        "type": "Point",
        "coordinates": [
          -48.3332642,
          -18.8947151
        ]
      },
      "properties": {
        "codigo": "EO491",
        "endereco": "Av Taylor Silva, 1, Guarani, Uberlândia - MG, Brasil",
        "qtld": "94C",
        "imovel": "Out."
      }
    },
    {
      "type": "Feature",
      "geometry": {
        "type": "Point",
        "coordinates": [
          -48.3332642,
          -18.8947151
        ]
      },
      "properties": {
        "codigo": "EO493",
        "endereco": "Av Taylor Silva, 1, Guarani, Uberlândia - MG, Brasil",
        "qtld": "94C",
        "imovel": "Out."
      }
    },
    {
      "type": "Feature",
      "geometry": {
        "type": "Point",
        "coordinates": [
          -48.3332642,
          -18.8947151
        ]
      },
      "properties": {
        "codigo": "EO494",
        "endereco": "Av Taylor Silva, 1, Guarani, Uberlândia - MG, Brasil",
        "qtld": "94 C",
        "imovel": "Out."
      }
    },
    {
      "type": "Feature",
      "geometry": {
        "type": "Point",
        "coordinates": [
          -48.3332642,
          -18.8947151
        ]
      },
      "properties": {
        "codigo": "EO495",
        "endereco": "Av Taylor Silva, 1, Guarani, Uberlândia - MG, Brasil",
        "qtld": "94C",
        "imovel": "Out."
      }
    },
    {
      "type": "Feature",
      "geometry": {
        "type": "Point",
        "coordinates": [
          -48.3332642,
          -18.8947151
        ]
      },
      "properties": {
        "codigo": "EO496",
        "endereco": "Av Taylor Silva, 1, Guarani, Uberlândia - MG, Brasil",
        "qtld": "94C",
        "imovel": "Out."
      }
    },
    {
      "type": "Feature",
      "geometry": {
        "type": "Point",
        "coordinates": [
          -48.3332642,
          -18.8947151
        ]
      },
      "properties": {
        "codigo": "EO497",
        "endereco": "Av Taylor Silva, 1, Guarani, Uberlândia - MG, Brasil",
        "qtld": "94 C",
        "imovel": "Out."
      }
    },
    {
      "type": "Feature",
      "geometry": {
        "type": "Point",
        "coordinates": [
          -48.3332642,
          -18.8947151
        ]
      },
      "properties": {
        "codigo": "EO498",
        "endereco": "Av Taylor Silva, 1, Guarani, Uberlândia - MG, Brasil",
        "qtld": "94 C",
        "imovel": "Out."
      }
    },
    {
      "type": "Feature",
      "geometry": {
        "type": "Point",
        "coordinates": [
          -48.3332642,
          -18.8947151
        ]
      },
      "properties": {
        "codigo": "EO499",
        "endereco": "Av Taylor Silva, 1, Guarani, Uberlândia - MG, Brasil",
        "qtld": "94 C",
        "imovel": "Out."
      }
    },
    {
      "type": "Feature",
      "geometry": {
        "type": "Point",
        "coordinates": [
          -48.3332642,
          -18.8947151
        ]
      },
      "properties": {
        "codigo": "EO500",
        "endereco": "Av Taylor Silva, 1, Guarani, Uberlândia - MG, Brasil",
        "qtld": "94 C",
        "imovel": "Out."
      }
    },
    {
      "type": "Feature",
      "geometry": {
        "type": "Point",
        "coordinates": [
          -48.3332642,
          -18.8947151
        ]
      },
      "properties": {
        "codigo": "EO501",
        "endereco": "Av Taylor Silva, 1, Guarani, Uberlândia - MG, Brasil",
        "qtld": "94 C",
        "imovel": "Out."
      }
    },
    {
      "type": "Feature",
      "geometry": {
        "type": "Point",
        "coordinates": [
          -48.3332642,
          -18.8947151
        ]
      },
      "properties": {
        "codigo": "EO503",
        "endereco": "Av Taylor Silva, 1, Guarani, Uberlândia - MG, Brasil",
        "qtld": "94C",
        "imovel": "Out."
      }
    },
    {
      "type": "Feature",
      "geometry": {
        "type": "Point",
        "coordinates": [
          -48.3332642,
          -18.8947151
        ]
      },
      "properties": {
        "codigo": "EO504",
        "endereco": "Av Taylor Silva, 1, Guarani, Uberlândia - MG, Brasil",
        "qtld": "94C",
        "imovel": "Out."
      }
    },
    {
      "type": "Feature",
      "geometry": {
        "type": "Point",
        "coordinates": [
          -48.3332642,
          -18.8947151
        ]
      },
      "properties": {
        "codigo": "EO505",
        "endereco": "Av Taylor Silva, 1, Guarani, Uberlândia - MG, Brasil",
        "qtld": "94C",
        "imovel": "Out."
      }
    },
    {
      "type": "Feature",
      "geometry": {
        "type": "Point",
        "coordinates": [
          -48.3332642,
          -18.8947151
        ]
      },
      "properties": {
        "codigo": "EO506",
        "endereco": "Av Taylor Silva, 1, Guarani, Uberlândia - MG, Brasil",
        "qtld": "94C",
        "imovel": "Out."
      }
    },
    {
      "type": "Feature",
      "geometry": {
        "type": "Point",
        "coordinates": [
          -48.3332642,
          -18.8947151
        ]
      },
      "properties": {
        "codigo": "EO507",
        "endereco": "Av Taylor Silva, 1, Guarani, Uberlândia - MG, Brasil",
        "qtld": "94C",
        "imovel": "Out."
      }
    },
    {
      "type": "Feature",
      "geometry": {
        "type": "Point",
        "coordinates": [
          -48.3332642,
          -18.8947151
        ]
      },
      "properties": {
        "codigo": "EO508",
        "endereco": "Av Taylor Silva, 1, Guarani, Uberlândia - MG, Brasil",
        "qtld": "94 C",
        "imovel": "Out."
      }
    },
    {
      "type": "Feature",
      "geometry": {
        "type": "Point",
        "coordinates": [
          -48.3332642,
          -18.8947151
        ]
      },
      "properties": {
        "codigo": "EO509",
        "endereco": "Av Taylor Silva, 1, Guarani, Uberlândia - MG, Brasil",
        "qtld": "94C",
        "imovel": "Out."
      }
    },
    {
      "type": "Feature",
      "geometry": {
        "type": "Point",
        "coordinates": [
          -48.238729,
          -18.9412207
        ]
      },
      "properties": {
        "codigo": "ES001",
        "endereco": "Rua Jurandir André de Oliveira, 183, Santa Luzia, Uberlândia - MG, Brasil",
        "qtld": "7A",
        "imovel": "Res."
      }
    },
    {
      "type": "Feature",
      "geometry": {
        "type": "Point",
        "coordinates": [
          -48.2385298,
          -18.9405767
        ]
      },
      "properties": {
        "codigo": "ES002",
        "endereco": "Rua Jurandir André de Oliveira, 104, Santa Luzia, Uberlândia - MG, Brasil",
        "qtld": "6D",
        "imovel": "Res."
      }
    },
    {
      "type": "Feature",
      "geometry": {
        "type": "Point",
        "coordinates": [
          -48.238145,
          -18.9402092
        ]
      },
      "properties": {
        "codigo": "ES003",
        "endereco": "Rua Jurandir André de Oliveira, 53, Santa Luzia, Uberlândia - MG, Brasil",
        "qtld": "7A",
        "imovel": "Res."
      }
    },
    {
      "type": "Feature",
      "geometry": {
        "type": "Point",
        "coordinates": [
          -48.2343903,
          -18.9432497
        ]
      },
      "properties": {
        "codigo": "ES004",
        "endereco": "Av Alípio Abrão, 13, Santa Luzia, Uberlândia - MG, Brasil",
        "qtld": "7B",
        "imovel": "Res."
      }
    },
    {
      "type": "Feature",
      "geometry": {
        "type": "Point",
        "coordinates": [
          -48.2377759,
          -18.9401587
        ]
      },
      "properties": {
        "codigo": "ES005",
        "endereco": "Rua Isaac Vitor Brandão, 16, Santa Luzia, Uberlândia - MG, Brasil",
        "qtld": "7C",
        "imovel": "Res."
      }
    },
    {
      "type": "Feature",
      "geometry": {
        "type": "Point",
        "coordinates": [
          -48.238012,
          -18.940894
        ]
      },
      "properties": {
        "codigo": "ES006",
        "endereco": "Rua Isaac Vitor Brandão, 95, Santa Luzia, Uberlândia - MG, Brasil",
        "qtld": "8B",
        "imovel": "Res."
      }
    },
    {
      "type": "Feature",
      "geometry": {
        "type": "Point",
        "coordinates": [
          -48.2380414,
          -18.9412292
        ]
      },
      "properties": {
        "codigo": "ES007",
        "endereco": "Rua Isaac Vitor Brandão, 106, Santa Luzia, Uberlândia - MG, Brasil",
        "qtld": "7C",
        "imovel": "Res."
      }
    },
    {
      "type": "Feature",
      "geometry": {
        "type": "Point",
        "coordinates": [
          -48.238276,
          -18.9410266
        ]
      },
      "properties": {
        "codigo": "ES008",
        "endereco": "Rua Isaac Vitor Brandão, 126, Santa Luzia, Uberlândia - MG, Brasil",
        "qtld": "7C",
        "imovel": "Res."
      }
    },
    {
      "type": "Feature",
      "geometry": {
        "type": "Point",
        "coordinates": [
          -48.2379999,
          -18.9411283
        ]
      },
      "properties": {
        "codigo": "ES009",
        "endereco": "Rua Isac Vitor Brandão, 125, Santa Luzia, Uberlândia - MG, Brasil",
        "qtld": "8B",
        "imovel": "Res."
      }
    },
    {
      "type": "Feature",
      "geometry": {
        "type": "Point",
        "coordinates": [
          -48.2388024,
          -18.9409325
        ]
      },
      "properties": {
        "codigo": "ES010",
        "endereco": "Rua Jurandir André de Oliveira, 156, Santa Luzia, Uberlândia - MG, Brasil",
        "qtld": "7C",
        "imovel": "Res."
      }
    },
    {
      "type": "Feature",
      "geometry": {
        "type": "Point",
        "coordinates": [
          -48.2387374,
          -18.9413572
        ]
      },
      "properties": {
        "codigo": "ES011",
        "endereco": "Av Geraldo Abraão, 195, Santa Luzia, Uberlândia - MG, Brasil",
        "qtld": "7D",
        "imovel": "Com."
      }
    },
    {
      "type": "Feature",
      "geometry": {
        "type": "Point",
        "coordinates": [
          -48.2387891,
          -18.9416097
        ]
      },
      "properties": {
        "codigo": "ES012",
        "endereco": "Avenida Geraldo Abraão, 168, Santa Luzia, Uberlândia - MG, Brasil",
        "qtld": "5A",
        "imovel": "Res."
      }
    },
    {
      "type": "Feature",
      "geometry": {
        "type": "Point",
        "coordinates": [
          -48.2322781,
          -18.9429741
        ]
      },
      "properties": {
        "codigo": "ES013",
        "endereco": "Rua Lamartine Oliveira e Silva, 468, Santa Luzia, Uberlândia - MG, Brasil",
        "qtld": "42A",
        "imovel": "Res."
      }
    },
    {
      "type": "Feature",
      "geometry": {
        "type": "Point",
        "coordinates": [
          -48.2312466,
          -18.9419474
        ]
      },
      "properties": {
        "codigo": "ES014",
        "endereco": "Rua Alfredo Nasser Junior, 18, Santa Luzia, Uberlândia - MG, Brasil",
        "qtld": "41B",
        "imovel": "Res."
      }
    },
    {
      "type": "Feature",
      "geometry": {
        "type": "Point",
        "coordinates": [
          -48.231563,
          -18.9425705
        ]
      },
      "properties": {
        "codigo": "ES015",
        "endereco": "Rua Durval Fernandes Ferrinho, 76, Santa Luzia, Uberlândia - MG, Brasil",
        "qtld": "41C",
        "imovel": "Res."
      }
    },
    {
      "type": "Feature",
      "geometry": {
        "type": "Point",
        "coordinates": [
          -48.2316086,
          -18.9426454
        ]
      },
      "properties": {
        "codigo": "ES016",
        "endereco": "Rua Durval Fernandes Ferrinho, 86, Santa Luzia, Uberlândia - MG, Brasil",
        "qtld": "41C",
        "imovel": "Res."
      }
    },
    {
      "type": "Feature",
      "geometry": {
        "type": "Point",
        "coordinates": [
          -48.2313763,
          -18.9425565
        ]
      },
      "properties": {
        "codigo": "ES017",
        "endereco": "Rua Durval Ferreira Ferrinho, 56, Santa Luzia, Uberlândia - MG, Brasil",
        "qtld": "41C",
        "imovel": "Res."
      }
    },
    {
      "type": "Feature",
      "geometry": {
        "type": "Point",
        "coordinates": [
          -48.2311964,
          -18.9425111
        ]
      },
      "properties": {
        "codigo": "ES018",
        "endereco": "Rua Durval Fernandes Ferrinho, 59, Santa Luzia, Uberlândia - MG, Brasil",
        "qtld": "40C",
        "imovel": "Res."
      }
    },
    {
      "type": "Feature",
      "geometry": {
        "type": "Point",
        "coordinates": [
          -48.231426,
          -18.942587
        ]
      },
      "properties": {
        "codigo": "ES019",
        "endereco": "Rua Durval Fernandes Ferrinho, 77, Santa Luzia, Uberlândia - MG, Brasil",
        "qtld": "40C",
        "imovel": "Res."
      }
    },
    {
      "type": "Feature",
      "geometry": {
        "type": "Point",
        "coordinates": [
          -48.2312526,
          -18.9429979
        ]
      },
      "properties": {
        "codigo": "ES020",
        "endereco": "Av Najla Alípio Abraão, 765, Santa Luzia, Uberlândia - MG, Brasil",
        "qtld": "40B",
        "imovel": "Res."
      }
    },
    {
      "type": "Feature",
      "geometry": {
        "type": "Point",
        "coordinates": [
          -48.2315624,
          -18.9420942
        ]
      },
      "properties": {
        "codigo": "ES021",
        "endereco": "Rua Lamartine Oliveira e Silva, 49, Santa Luzia, Uberlândia - MG, Brasil",
        "qtld": "41E",
        "imovel": "Res."
      }
    },
    {
      "type": "Feature",
      "geometry": {
        "type": "Point",
        "coordinates": [
          -48.2319476,
          -18.9428841
        ]
      },
      "properties": {
        "codigo": "ES022",
        "endereco": "Av Najla Alípio Abraão, 705, Santa Luzia, Uberlândia - MG, Brasil",
        "qtld": "41D",
        "imovel": "Res."
      }
    },
    {
      "type": "Feature",
      "geometry": {
        "type": "Point",
        "coordinates": [
          -48.2318293,
          -18.9425292
        ]
      },
      "properties": {
        "codigo": "ES023",
        "endereco": "Rua Lamartine Oliveira e Silva, 99, Santa Luzia, Uberlândia - MG, Brasil",
        "qtld": "41E",
        "imovel": "Res."
      }
    },
    {
      "type": "Feature",
      "geometry": {
        "type": "Point",
        "coordinates": [
          -48.2320921,
          -18.9428708
        ]
      },
      "properties": {
        "codigo": "ES024",
        "endereco": "Av Najla Alípio Abrão, 695, Santa Luzia, Uberlândia - MG, Brasil",
        "qtld": "41D",
        "imovel": "Res."
      }
    },
    {
      "type": "Feature",
      "geometry": {
        "type": "Point",
        "coordinates": [
          -48.2376953,
          -18.9605345
        ]
      },
      "properties": {
        "codigo": "ES025",
        "endereco": "Rua Congresso, 187, Laranjeiras, Uberlândia - MG, Brasil",
        "qtld": "95B",
        "imovel": "Res."
      }
    },
    {
      "type": "Feature",
      "geometry": {
        "type": "Point",
        "coordinates": [
          -48.2362725,
          -18.9597655
        ]
      },
      "properties": {
        "codigo": "ES029",
        "endereco": "AV TOLEDO, 230, Laranjeiras, Uberlândia - MG, Brasil",
        "qtld": "99B",
        "imovel": "Com."
      }
    },
    {
      "type": "Feature",
      "geometry": {
        "type": "Point",
        "coordinates": [
          -48.2367059,
          -18.9600677
        ]
      },
      "properties": {
        "codigo": "ES031",
        "endereco": "Rua Concresso, 66, Laranjeiras, Uberlândia - MG, Brasil",
        "qtld": "96C",
        "imovel": "Res."
      }
    },
    {
      "type": "Feature",
      "geometry": {
        "type": "Point",
        "coordinates": [
          -48.2340802,
          -18.9570935
        ]
      },
      "properties": {
        "codigo": "ES038",
        "endereco": "Rua Jonas José Dias, 249, Laranjeiras, Uberlândia - MG, Brasil",
        "qtld": "38A",
        "imovel": "Res."
      }
    },
    {
      "type": "Feature",
      "geometry": {
        "type": "Point",
        "coordinates": [
          -48.2339271,
          -18.9590867
        ]
      },
      "properties": {
        "codigo": "ES039",
        "endereco": "Rua Antônio Bernardes Costa, 28, Laranjeiras, Uberlândia - MG, Brasil",
        "qtld": "38C",
        "imovel": "Res."
      }
    },
    {
      "type": "Feature",
      "geometry": {
        "type": "Point",
        "coordinates": [
          -48.2350367,
          -18.9580803
        ]
      },
      "properties": {
        "codigo": "ES043",
        "endereco": "Rua Antônio Bernardes da Costa, 161, Laranjeiras, Uberlândia - MG, Brasil",
        "qtld": "40A",
        "imovel": "Out."
      }
    },
    {
      "type": "Feature",
      "geometry": {
        "type": "Point",
        "coordinates": [
          -48.2367491,
          -18.957848
        ]
      },
      "properties": {
        "codigo": "ES045",
        "endereco": "Av Toledo, 25, Laranjeiras, Uberlândia - MG, Brasil",
        "qtld": "40C",
        "imovel": "Out."
      }
    },
    {
      "type": "Feature",
      "geometry": {
        "type": "Point",
        "coordinates": [
          -48.2348151,
          -18.9572193
        ]
      },
      "properties": {
        "codigo": "ES046",
        "endereco": "Rua Ângelo Cunha, 315, Laranjeiras, Uberlândia - MG, Brasil",
        "qtld": "40D",
        "imovel": "Out."
      }
    },
    {
      "type": "Feature",
      "geometry": {
        "type": "Point",
        "coordinates": [
          -48.2352073,
          -18.9569943
        ]
      },
      "properties": {
        "codigo": "ES048",
        "endereco": "Rua Ângelo Cunha, 25, Laranjeiras, Uberlândia - MG, Brasil",
        "qtld": "39A",
        "imovel": "Out."
      }
    },
    {
      "type": "Feature",
      "geometry": {
        "type": "Point",
        "coordinates": [
          -48.239571,
          -18.9639342
        ]
      },
      "properties": {
        "codigo": "ES049",
        "endereco": "Rua Diocesano, 158, Laranjeiras, Uberlândia - MG, Brasil",
        "qtld": "163 D",
        "imovel": "Res."
      }
    },
    {
      "type": "Feature",
      "geometry": {
        "type": "Point",
        "coordinates": [
          -48.2941087,
          -18.9299837
        ]
      },
      "properties": {
        "codigo": "ES050",
        "endereco": "Avenida Silvio rugani, 16, Tubalina, Uberlândia - MG, Brasil",
        "qtld": "139C",
        "imovel": "Out."
      }
    },
    {
      "type": "Feature",
      "geometry": {
        "type": "Point",
        "coordinates": [
          -48.2955064,
          -18.9301425
        ]
      },
      "properties": {
        "codigo": "ES054",
        "endereco": "Rua humaita, 170, Tubalina, Uberlândia - MG, Brasil",
        "qtld": "147B",
        "imovel": "Res."
      }
    },
    {
      "type": "Feature",
      "geometry": {
        "type": "Point",
        "coordinates": [
          -48.238574,
          -18.9638371
        ]
      },
      "properties": {
        "codigo": "ES055",
        "endereco": "Rua Decolores, 375, Laranjeiras, Uberlândia - MG, Brasil",
        "qtld": "164B",
        "imovel": "Res."
      }
    },
    {
      "type": "Feature",
      "geometry": {
        "type": "Point",
        "coordinates": [
          -48.2381834,
          -18.9634967
        ]
      },
      "properties": {
        "codigo": "ES056",
        "endereco": "Rua Decolores, 324, Laranjeiras, Uberlândia - MG, Brasil",
        "qtld": "162 C",
        "imovel": "Res."
      }
    },
    {
      "type": "Feature",
      "geometry": {
        "type": "Point",
        "coordinates": [
          -48.238825,
          -18.9639422
        ]
      },
      "properties": {
        "codigo": "ES058",
        "endereco": "Rua Decolores, 405, Laranjeiras, Uberlândia - MG, Brasil",
        "qtld": "164B",
        "imovel": "Res."
      }
    },
    {
      "type": "Feature",
      "geometry": {
        "type": "Point",
        "coordinates": [
          -48.2382761,
          -18.9638028
        ]
      },
      "properties": {
        "codigo": "ES059",
        "endereco": "Rua Decolores, 345, Laranjeiras, Uberlândia - MG, Brasil",
        "qtld": "164B",
        "imovel": "Res."
      }
    },
    {
      "type": "Feature",
      "geometry": {
        "type": "Point",
        "coordinates": [
          -48.237869,
          -18.9642844
        ]
      },
      "properties": {
        "codigo": "ES061",
        "endereco": "RUA das Florestas, 305, Laranjeiras, Uberlândia - MG, Brasil",
        "qtld": "166 A",
        "imovel": "Res."
      }
    },
    {
      "type": "Feature",
      "geometry": {
        "type": "Point",
        "coordinates": [
          -48.238686,
          -18.9645447
        ]
      },
      "properties": {
        "codigo": "ES062",
        "endereco": "RUA Das Florestas, 397, Laranjeiras, Uberlândia - MG, Brasil",
        "qtld": "166 A",
        "imovel": "Res."
      }
    },
    {
      "type": "Feature",
      "geometry": {
        "type": "Point",
        "coordinates": [
          -48.2371268,
          -18.9636671
        ]
      },
      "properties": {
        "codigo": "ES063",
        "endereco": "Rua das Florestas, 214, Laranjeiras, Uberlândia - MG, Brasil",
        "qtld": "91D",
        "imovel": "Res."
      }
    },
    {
      "type": "Feature",
      "geometry": {
        "type": "Point",
        "coordinates": [
          -48.2380495,
          -18.9643168
        ]
      },
      "properties": {
        "codigo": "ES064",
        "endereco": "Rua das Florestas, 327, Laranjeiras, Uberlândia - MG, Brasil",
        "qtld": "166A",
        "imovel": "Res."
      }
    },
    {
      "type": "Feature",
      "geometry": {
        "type": "Point",
        "coordinates": [
          -48.2389168,
          -18.9645675
        ]
      },
      "properties": {
        "codigo": "ES065",
        "endereco": "Rua das Florestas, 427, Laranjeiras, Uberlândia - MG, Brasil",
        "qtld": "166A",
        "imovel": "Res."
      }
    },
    {
      "type": "Feature",
      "geometry": {
        "type": "Point",
        "coordinates": [
          -48.2948563,
          -18.9311373
        ]
      },
      "properties": {
        "codigo": "ES066",
        "endereco": "Avenida Silvio rugani, 260, Tubalina, Uberlândia - MG, Brasil",
        "qtld": "139C",
        "imovel": "Com."
      }
    },
    {
      "type": "Feature",
      "geometry": {
        "type": "Point",
        "coordinates": [
          -48.2953013,
          -18.9311378
        ]
      },
      "properties": {
        "codigo": "ES067",
        "endereco": "Rua humaitá, 270, Tubalina, Uberlândia - MG, Brasil",
        "qtld": "148B",
        "imovel": "Res."
      }
    },
    {
      "type": "Feature",
      "geometry": {
        "type": "Point",
        "coordinates": [
          -48.2950557,
          -18.9304567
        ]
      },
      "properties": {
        "codigo": "ES071",
        "endereco": "Rua Humaita, 199, Tubalina, Uberlândia - MG, Brasil",
        "qtld": "139D",
        "imovel": "Res."
      }
    },
    {
      "type": "Feature",
      "geometry": {
        "type": "Point",
        "coordinates": [
          -48.2954787,
          -18.930364
        ]
      },
      "properties": {
        "codigo": "ES072",
        "endereco": "Rua humaita, 190, Tubalina, Uberlândia - MG, Brasil",
        "qtld": "147B",
        "imovel": "Out."
      }
    },
    {
      "type": "Feature",
      "geometry": {
        "type": "Point",
        "coordinates": [
          -48.3032087,
          -18.9371511
        ]
      },
      "properties": {
        "codigo": "ES074",
        "endereco": "Rua Castro Alves, 794, Tubalina, Uberlândia - MG, Brasil",
        "qtld": "84B",
        "imovel": "Res."
      }
    },
    {
      "type": "Feature",
      "geometry": {
        "type": "Point",
        "coordinates": [
          -48.3035401,
          -18.936092
        ]
      },
      "properties": {
        "codigo": "ES076",
        "endereco": "NILO PECANHA, 932, Patrimonio, Uberlândia - MG, Brasil",
        "qtld": "97A",
        "imovel": "Res."
      }
    },
    {
      "type": "Feature",
      "geometry": {
        "type": "Point",
        "coordinates": [
          -48.3036967,
          -18.936173
        ]
      },
      "properties": {
        "codigo": "ES077",
        "endereco": "NILO PEÇANHA, 952, Tubalina, Uberlândia - MG, Brasil",
        "qtld": "97A",
        "imovel": "Res."
      }
    },
    {
      "type": "Feature",
      "geometry": {
        "type": "Point",
        "coordinates": [
          -48.3032887,
          -18.9373312
        ]
      },
      "properties": {
        "codigo": "ES082",
        "endereco": "RUA Castro Alves, 795, Tubalina, Uberlândia - MG, Brasil",
        "qtld": "95C",
        "imovel": "Res."
      }
    },
    {
      "type": "Feature",
      "geometry": {
        "type": "Point",
        "coordinates": [
          -48.2512784,
          -18.932376
        ]
      },
      "properties": {
        "codigo": "ES093",
        "endereco": "Alameda Arnold Almeida Castro, 162, Carajas, Uberlândia - MG, Brasil",
        "qtld": "49C",
        "imovel": "Res."
      }
    },
    {
      "type": "Feature",
      "geometry": {
        "type": "Point",
        "coordinates": [
          -48.2974868,
          -18.9456512
        ]
      },
      "properties": {
        "codigo": "ES094",
        "endereco": "Rua G, 290, Cidade Jardim, Uberlândia - MG, Brasil",
        "qtld": "19B",
        "imovel": "Com."
      }
    },
    {
      "type": "Feature",
      "geometry": {
        "type": "Point",
        "coordinates": [
          -48.2888052,
          -18.9478454
        ]
      },
      "properties": {
        "codigo": "ES095",
        "endereco": "RUA DOS GIRASSOIS, 228, Cidade Jardim, Uberlândia - MG, Brasil",
        "qtld": "16C",
        "imovel": "Res."
      }
    },
    {
      "type": "Feature",
      "geometry": {
        "type": "Point",
        "coordinates": [
          -48.2882426,
          -18.9471156
        ]
      },
      "properties": {
        "codigo": "ES097",
        "endereco": "Rua Girassóis, 155, Cidade Jardim, Uberlândia - MG, Brasil",
        "qtld": "11B",
        "imovel": "Com."
      }
    },
    {
      "type": "Feature",
      "geometry": {
        "type": "Point",
        "coordinates": [
          -48.2885854,
          -18.9467031
        ]
      },
      "properties": {
        "codigo": "ES098",
        "endereco": "Rua Girassóis, 125, Cidade Jardim, Uberlândia - MG, Brasil",
        "qtld": "11B",
        "imovel": "Res."
      }
    },
    {
      "type": "Feature",
      "geometry": {
        "type": "Point",
        "coordinates": [
          -48.2885854,
          -18.9467031
        ]
      },
      "properties": {
        "codigo": "ES099",
        "endereco": "Rua dos Girassóis, 125, Cidade Jardim, Uberlândia - MG, Brasil",
        "qtld": "11B",
        "imovel": "Res."
      }
    },
    {
      "type": "Feature",
      "geometry": {
        "type": "Point",
        "coordinates": [
          -48.2889697,
          -18.9467626
        ]
      },
      "properties": {
        "codigo": "ES100",
        "endereco": "Rua dos Girassois, 116, Cidade Jardim, Uberlândia - MG, Brasil",
        "qtld": "15B",
        "imovel": "Res."
      }
    },
    {
      "type": "Feature",
      "geometry": {
        "type": "Point",
        "coordinates": [
          -48.2892848,
          -18.9455211
        ]
      },
      "properties": {
        "codigo": "ES102",
        "endereco": "Rua das Magnolias, 10, Cidade Jardim, Uberlândia - MG, Brasil",
        "qtld": "10A",
        "imovel": "Res."
      }
    },
    {
      "type": "Feature",
      "geometry": {
        "type": "Point",
        "coordinates": [
          -48.303894,
          -18.9483128
        ]
      },
      "properties": {
        "codigo": "ES103",
        "endereco": "Rua das ipomeias, 70, Cidade Jardim, Uberlândia - MG, Brasil",
        "qtld": "112D",
        "imovel": "Res."
      }
    },
    {
      "type": "Feature",
      "geometry": {
        "type": "Point",
        "coordinates": [
          -48.3030181,
          -18.9483935
        ]
      },
      "properties": {
        "codigo": "ES106",
        "endereco": "Rua das alfazenas, 6, Cidade Jardim, Uberlândia - MG, Brasil",
        "qtld": "113C",
        "imovel": "Res."
      }
    },
    {
      "type": "Feature",
      "geometry": {
        "type": "Point",
        "coordinates": [
          -48.3057354,
          -18.9473482
        ]
      },
      "properties": {
        "codigo": "ES107",
        "endereco": "Rua das calateias, 1, Cidade Jardim, Uberlândia - MG, Brasil",
        "qtld": "109A",
        "imovel": "Out."
      }
    },
    {
      "type": "Feature",
      "geometry": {
        "type": "Point",
        "coordinates": [
          -48.3037372,
          -18.9489103
        ]
      },
      "properties": {
        "codigo": "ES108",
        "endereco": "Rua das tulipas, 341, Cidade Jardim, Uberlândia - MG, Brasil",
        "qtld": "113D",
        "imovel": "Res."
      }
    },
    {
      "type": "Feature",
      "geometry": {
        "type": "Point",
        "coordinates": [
          -48.3039838,
          -18.9490174
        ]
      },
      "properties": {
        "codigo": "ES110",
        "endereco": "Rua das tulipas, 330, Cidade Jardim, Uberlândia - MG, Brasil",
        "qtld": "121A",
        "imovel": "Res."
      }
    },
    {
      "type": "Feature",
      "geometry": {
        "type": "Point",
        "coordinates": [
          -48.2847304,
          -18.9390114
        ]
      },
      "properties": {
        "codigo": "ES111",
        "endereco": "Rua Glória, 49, Patrimonio, Uberlândia - MG, Brasil",
        "qtld": "23B",
        "imovel": "Out."
      }
    },
    {
      "type": "Feature",
      "geometry": {
        "type": "Point",
        "coordinates": [
          -48.2845744,
          -18.9393694
        ]
      },
      "properties": {
        "codigo": "ES112",
        "endereco": "Rua Ipanema, 840, Patrimonio, Uberlândia - MG, Brasil",
        "qtld": "23C",
        "imovel": "Res."
      }
    },
    {
      "type": "Feature",
      "geometry": {
        "type": "Point",
        "coordinates": [
          -48.2846443,
          -18.9402818
        ]
      },
      "properties": {
        "codigo": "ES113",
        "endereco": "Av Oscar Cunha Chaves, 343, Morada da Colina, Uberlândia - MG, Brasil",
        "qtld": "54A",
        "imovel": "Com."
      }
    },
    {
      "type": "Feature",
      "geometry": {
        "type": "Point",
        "coordinates": [
          -48.2851882,
          -18.9387984
        ]
      },
      "properties": {
        "codigo": "ES114",
        "endereco": "Rua Glória, 100, Patrimonio, Uberlândia - MG, Brasil",
        "qtld": "25B",
        "imovel": "Out."
      }
    },
    {
      "type": "Feature",
      "geometry": {
        "type": "Point",
        "coordinates": [
          -48.28649,
          -18.9384497
        ]
      },
      "properties": {
        "codigo": "ES115",
        "endereco": "Rua da Carioca, 1016, Patrimonio, Uberlândia - MG, Brasil",
        "qtld": "62E",
        "imovel": "Out."
      }
    },
    {
      "type": "Feature",
      "geometry": {
        "type": "Point",
        "coordinates": [
          -48.2883091,
          -18.9365177
        ]
      },
      "properties": {
        "codigo": "ES116",
        "endereco": "Rua Arpoador, 160, Patrimonio, Uberlândia - MG, Brasil",
        "qtld": "51B",
        "imovel": "Res."
      }
    },
    {
      "type": "Feature",
      "geometry": {
        "type": "Point",
        "coordinates": [
          -48.2889012,
          -18.9362926
        ]
      },
      "properties": {
        "codigo": "ES117",
        "endereco": "Rua Arpoador, 157, Patrimonio, Uberlândia - MG, Brasil",
        "qtld": "60G",
        "imovel": "Out."
      }
    },
    {
      "type": "Feature",
      "geometry": {
        "type": "Point",
        "coordinates": [
          -48.2880414,
          -18.9356204
        ]
      },
      "properties": {
        "codigo": "ES120",
        "endereco": "Rua da Carioca, 643, Patrimonio, Uberlândia - MG, Brasil",
        "qtld": "31B",
        "imovel": "Res."
      }
    },
    {
      "type": "Feature",
      "geometry": {
        "type": "Point",
        "coordinates": [
          -48.2875585,
          -18.9361518
        ]
      },
      "properties": {
        "codigo": "ES122",
        "endereco": "Rua da Carioca, 713, Patrimonio, Uberlândia - MG, Brasil",
        "qtld": "30C",
        "imovel": "Out."
      }
    },
    {
      "type": "Feature",
      "geometry": {
        "type": "Point",
        "coordinates": [
          -48.2400633,
          -18.93075
        ]
      },
      "properties": {
        "codigo": "ES124",
        "endereco": "Av João Naves de Ávila, 5420, Pampulha, Uberlândia - MG, Brasil",
        "qtld": "24A",
        "imovel": "Com."
      }
    },
    {
      "type": "Feature",
      "geometry": {
        "type": "Point",
        "coordinates": [
          -48.2400633,
          -18.93075
        ]
      },
      "properties": {
        "codigo": "ES125",
        "endereco": "Av João Naves de Ávila, 5420, Pampulha, Uberlândia - MG, Brasil",
        "qtld": "24A",
        "imovel": "Com."
      }
    },
    {
      "type": "Feature",
      "geometry": {
        "type": "Point",
        "coordinates": [
          -48.2401995,
          -18.9310417
        ]
      },
      "properties": {
        "codigo": "ES126",
        "endereco": "João Ramalho, 56, Pampulha, Uberlândia - MG, Brasil",
        "qtld": "24B",
        "imovel": "Com."
      }
    },
    {
      "type": "Feature",
      "geometry": {
        "type": "Point",
        "coordinates": [
          -48.2408604,
          -18.9313044
        ]
      },
      "properties": {
        "codigo": "ES127",
        "endereco": "RUA BARÃO de Penedo, 648, Pampulha, Uberlândia - MG, Brasil",
        "qtld": "26B",
        "imovel": "Res."
      }
    },
    {
      "type": "Feature",
      "geometry": {
        "type": "Point",
        "coordinates": [
          -48.2411019,
          -18.9311867
        ]
      },
      "properties": {
        "codigo": "ES128",
        "endereco": "Rua Barão de Penedo, 628, Pampulha, Uberlândia - MG, Brasil",
        "qtld": "26B",
        "imovel": "Res."
      }
    },
    {
      "type": "Feature",
      "geometry": {
        "type": "Point",
        "coordinates": [
          -48.2414086,
          -18.9311946
        ]
      },
      "properties": {
        "codigo": "ES130",
        "endereco": "Barão de Penedo, 596, Pampulha, Uberlândia - MG, Brasil",
        "qtld": "25C",
        "imovel": "Res."
      }
    },
    {
      "type": "Feature",
      "geometry": {
        "type": "Point",
        "coordinates": [
          -48.2391666,
          -18.9339822
        ]
      },
      "properties": {
        "codigo": "ES131",
        "endereco": "Rua Brigadeiro Luiz Antunes, 819, Pampulha, Uberlândia - MG, Brasil",
        "qtld": "48D",
        "imovel": "Res."
      }
    },
    {
      "type": "Feature",
      "geometry": {
        "type": "Point",
        "coordinates": [
          -48.2396159,
          -18.9342837
        ]
      },
      "properties": {
        "codigo": "ES132",
        "endereco": "Leopoldo Bulhões, 778, Pampulha, Uberlândia - MG, Brasil",
        "qtld": "45C",
        "imovel": "Res."
      }
    },
    {
      "type": "Feature",
      "geometry": {
        "type": "Point",
        "coordinates": [
          -48.2392696,
          -18.9333674
        ]
      },
      "properties": {
        "codigo": "ES133",
        "endereco": "Bernardo de Vasconcelos, 805, Pampulha, Uberlândia - MG, Brasil",
        "qtld": "49A",
        "imovel": "Res."
      }
    },
    {
      "type": "Feature",
      "geometry": {
        "type": "Point",
        "coordinates": [
          -48.2394773,
          -18.9339843
        ]
      },
      "properties": {
        "codigo": "ES134",
        "endereco": "Rua Leopoldo Bulhões, 789, Pampulha, Uberlândia - MG, Brasil",
        "qtld": "47B",
        "imovel": "Com."
      }
    },
    {
      "type": "Feature",
      "geometry": {
        "type": "Point",
        "coordinates": [
          -48.2403575,
          -18.9336166
        ]
      },
      "properties": {
        "codigo": "ES136",
        "endereco": "Rua João Ramalho, 285, Pampulha, Uberlândia - MG, Brasil",
        "qtld": "47C",
        "imovel": "Res."
      }
    },
    {
      "type": "Feature",
      "geometry": {
        "type": "Point",
        "coordinates": [
          -48.2396594,
          -18.9336091
        ]
      },
      "properties": {
        "codigo": "ES137",
        "endereco": "Rua Bernardo de Vasconcelos, 780, Pampulha, Uberlândia - MG, Brasil",
        "qtld": "47D",
        "imovel": "Out."
      }
    },
    {
      "type": "Feature",
      "geometry": {
        "type": "Point",
        "coordinates": [
          -48.2393228,
          -18.9336162
        ]
      },
      "properties": {
        "codigo": "ES138",
        "endereco": "Rua Bernardo de Vasconcelos, 800, Pampulha, Uberlândia - MG, Brasil",
        "qtld": "47D",
        "imovel": "Res."
      }
    },
    {
      "type": "Feature",
      "geometry": {
        "type": "Point",
        "coordinates": [
          -48.2375859,
          -18.953063
        ]
      },
      "properties": {
        "codigo": "ES139",
        "endereco": "ANTÔNIO PAIVA, 276, Laranjeiras, Uberlândia - MG, Brasil",
        "qtld": "2B",
        "imovel": "Res."
      }
    },
    {
      "type": "Feature",
      "geometry": {
        "type": "Point",
        "coordinates": [
          -48.2403013,
          -18.9341688
        ]
      },
      "properties": {
        "codigo": "ES141",
        "endereco": "Leopoldo Bulhões, 698, Pampulha, Uberlândia - MG, Brasil",
        "qtld": "45C",
        "imovel": "Res."
      }
    },
    {
      "type": "Feature",
      "geometry": {
        "type": "Point",
        "coordinates": [
          -48.2405613,
          -18.9334343
        ]
      },
      "properties": {
        "codigo": "ES142",
        "endereco": "João Ramalho, 314, Pampulha, Uberlândia - MG, Brasil",
        "qtld": "32B",
        "imovel": "Res."
      }
    },
    {
      "type": "Feature",
      "geometry": {
        "type": "Point",
        "coordinates": [
          -48.2393345,
          -18.9333787
        ]
      },
      "properties": {
        "codigo": "ES143",
        "endereco": "Bernardo de Vasconcelos, 793, Pampulha, Uberlândia - MG, Brasil",
        "qtld": "49A",
        "imovel": "Res."
      }
    },
    {
      "type": "Feature",
      "geometry": {
        "type": "Point",
        "coordinates": [
          -48.237652,
          -18.9527679
        ]
      },
      "properties": {
        "codigo": "ES144",
        "endereco": "CHARLES Chaplin, 221, Laranjeiras, Uberlândia - MG, Brasil",
        "qtld": "3D",
        "imovel": "Res."
      }
    },
    {
      "type": "Feature",
      "geometry": {
        "type": "Point",
        "coordinates": [
          -48.2374384,
          -18.9527312
        ]
      },
      "properties": {
        "codigo": "ES145",
        "endereco": "Rua Antônio Paiva, 257, Laranjeiras, Uberlândia - MG, Brasil",
        "qtld": "1A",
        "imovel": "Res."
      }
    },
    {
      "type": "Feature",
      "geometry": {
        "type": "Point",
        "coordinates": [
          -48.2371053,
          -18.953264
        ]
      },
      "properties": {
        "codigo": "ES146",
        "endereco": "Rua Antônio Paiva, 325, Laranjeiras, Uberlândia - MG, Brasil",
        "qtld": "1A",
        "imovel": "Res."
      }
    },
    {
      "type": "Feature",
      "geometry": {
        "type": "Point",
        "coordinates": [
          -48.2370606,
          -18.9535781
        ]
      },
      "properties": {
        "codigo": "ES148",
        "endereco": "Rua Antônio Paiva, 346, Laranjeiras, Uberlândia - MG, Brasil",
        "qtld": "2B",
        "imovel": "Res."
      }
    },
    {
      "type": "Feature",
      "geometry": {
        "type": "Point",
        "coordinates": [
          -48.2371662,
          -18.9540833
        ]
      },
      "properties": {
        "codigo": "ES149",
        "endereco": "Rua Anisio Ferreira, 383, Laranjeiras, Uberlândia - MG, Brasil",
        "qtld": "2D",
        "imovel": "Res."
      }
    },
    {
      "type": "Feature",
      "geometry": {
        "type": "Point",
        "coordinates": [
          -48.2376326,
          -18.9536036
        ]
      },
      "properties": {
        "codigo": "ES150",
        "endereco": "RUA ANISIO FERREIRA, 303, Laranjeiras, Uberlândia - MG, Brasil",
        "qtld": "2D",
        "imovel": "Res."
      }
    },
    {
      "type": "Feature",
      "geometry": {
        "type": "Point",
        "coordinates": [
          -48.2369731,
          -18.9543977
        ]
      },
      "properties": {
        "codigo": "ES151",
        "endereco": "Rua Anísio Ferreira, 413, Laranjeiras, Uberlândia - MG, Brasil",
        "qtld": "2D",
        "imovel": "Res."
      }
    },
    {
      "type": "Feature",
      "geometry": {
        "type": "Point",
        "coordinates": [
          -48.2373898,
          -18.9538551
        ]
      },
      "properties": {
        "codigo": "ES152",
        "endereco": "RUA ANISIO FERREIRA, 343, Laranjeiras, Uberlândia - MG, Brasil",
        "qtld": "2D",
        "imovel": "Res."
      }
    },
    {
      "type": "Feature",
      "geometry": {
        "type": "Point",
        "coordinates": [
          -48.2378362,
          -18.9532759
        ]
      },
      "properties": {
        "codigo": "ES153",
        "endereco": "Rua Anisio Ferreira, 273, Laranjeiras, Uberlândia - MG, Brasil",
        "qtld": "2D",
        "imovel": "Res."
      }
    },
    {
      "type": "Feature",
      "geometry": {
        "type": "Point",
        "coordinates": [
          -48.2454452,
          -18.9539869
        ]
      },
      "properties": {
        "codigo": "ES154",
        "endereco": "Rua Alemanha, 444, Laranjeiras, Uberlândia - MG, Brasil",
        "qtld": "116A",
        "imovel": "Res."
      }
    },
    {
      "type": "Feature",
      "geometry": {
        "type": "Point",
        "coordinates": [
          -48.2463414,
          -18.9542805
        ]
      },
      "properties": {
        "codigo": "ES156",
        "endereco": "Rua Alemanha, 544, Laranjeiras, Uberlândia - MG, Brasil",
        "qtld": "116A",
        "imovel": "Res."
      }
    },
    {
      "type": "Feature",
      "geometry": {
        "type": "Point",
        "coordinates": [
          -48.2453928,
          -18.9535907
        ]
      },
      "properties": {
        "codigo": "ES157",
        "endereco": "Av Seme Simão, 1917, Laranjeiras, Uberlândia - MG, Brasil",
        "qtld": "116C",
        "imovel": "Res."
      }
    },
    {
      "type": "Feature",
      "geometry": {
        "type": "Point",
        "coordinates": [
          -48.2456783,
          -18.9536879
        ]
      },
      "properties": {
        "codigo": "ES158",
        "endereco": "AV SEME SIMÃO, 1947, Laranjeiras, Uberlândia - MG, Brasil",
        "qtld": "116C",
        "imovel": "Res."
      }
    },
    {
      "type": "Feature",
      "geometry": {
        "type": "Point",
        "coordinates": [
          -48.2453192,
          -18.9535121
        ]
      },
      "properties": {
        "codigo": "ES159",
        "endereco": "Av Seme Simão, 1907, Laranjeiras, Uberlândia - MG, Brasil",
        "qtld": "116C",
        "imovel": "Res."
      }
    },
    {
      "type": "Feature",
      "geometry": {
        "type": "Point",
        "coordinates": [
          -48.2452635,
          -18.9541435
        ]
      },
      "properties": {
        "codigo": "ES160",
        "endereco": "Rua Alemanha, 435, Laranjeiras, Uberlândia - MG, Brasil",
        "qtld": "117D",
        "imovel": "Res."
      }
    },
    {
      "type": "Feature",
      "geometry": {
        "type": "Point",
        "coordinates": [
          -48.2464199,
          -18.9544987
        ]
      },
      "properties": {
        "codigo": "ES162",
        "endereco": "RUA ALEMANHA, 565, Laranjeiras, Uberlândia - MG, Brasil",
        "qtld": "117D",
        "imovel": "Res."
      }
    },
    {
      "type": "Feature",
      "geometry": {
        "type": "Point",
        "coordinates": [
          -48.2466577,
          -18.9540487
        ]
      },
      "properties": {
        "codigo": "ES163",
        "endereco": "AV SEME SIMÃO, 2057, Laranjeiras, Uberlândia - MG, Brasil",
        "qtld": "116C",
        "imovel": "Res."
      }
    },
    {
      "type": "Feature",
      "geometry": {
        "type": "Point",
        "coordinates": [
          -48.2452986,
          -18.9534058
        ]
      },
      "properties": {
        "codigo": "ES164",
        "endereco": "Rua Irã, 1, Laranjeiras, Uberlândia - MG, Brasil",
        "qtld": "115A",
        "imovel": "Res."
      }
    },
    {
      "type": "Feature",
      "geometry": {
        "type": "Point",
        "coordinates": [
          -48.2348816,
          -18.9638447
        ]
      },
      "properties": {
        "codigo": "ES165",
        "endereco": "Av Toledo, 723, Laranjeiras, Uberlândia - MG, Brasil",
        "qtld": "42B",
        "imovel": "Res."
      }
    },
    {
      "type": "Feature",
      "geometry": {
        "type": "Point",
        "coordinates": [
          -48.234596,
          -18.9645675
        ]
      },
      "properties": {
        "codigo": "ES166",
        "endereco": "RUA CONSTITUIÇÃO, 267, Laranjeiras, Uberlândia - MG, Brasil",
        "qtld": "55B",
        "imovel": "Res."
      }
    },
    {
      "type": "Feature",
      "geometry": {
        "type": "Point",
        "coordinates": [
          -48.2347254,
          -18.9643683
        ]
      },
      "properties": {
        "codigo": "ES167",
        "endereco": "Rua Constituição, 300, Laranjeiras, Uberlândia - MG, Brasil",
        "qtld": "42A",
        "imovel": "Res."
      }
    },
    {
      "type": "Feature",
      "geometry": {
        "type": "Point",
        "coordinates": [
          -48.2346941,
          -18.9622429
        ]
      },
      "properties": {
        "codigo": "ES168",
        "endereco": "Rua do Adolescente, 20, Laranjeiras, Uberlândia - MG, Brasil",
        "qtld": "42D",
        "imovel": "Res."
      }
    },
    {
      "type": "Feature",
      "geometry": {
        "type": "Point",
        "coordinates": [
          -48.2345558,
          -18.9625156
        ]
      },
      "properties": {
        "codigo": "ES169",
        "endereco": "Rua do Adolescente, 51, Laranjeiras, Uberlândia - MG, Brasil",
        "qtld": "43A",
        "imovel": "Com."
      }
    },
    {
      "type": "Feature",
      "geometry": {
        "type": "Point",
        "coordinates": [
          -48.2350022,
          -18.9630312
        ]
      },
      "properties": {
        "codigo": "ES171",
        "endereco": "Av Toledo, 623, Laranjeiras, Uberlândia - MG, Brasil",
        "qtld": "42B",
        "imovel": "Res."
      }
    },
    {
      "type": "Feature",
      "geometry": {
        "type": "Point",
        "coordinates": [
          -48.2350561,
          -18.9625073
        ]
      },
      "properties": {
        "codigo": "ES172",
        "endereco": "Avenida Toledo, 573, Laranjeiras, Uberlândia - MG, Brasil",
        "qtld": "42B",
        "imovel": "Res."
      }
    },
    {
      "type": "Feature",
      "geometry": {
        "type": "Point",
        "coordinates": [
          -48.2346848,
          -18.9630314
        ]
      },
      "properties": {
        "codigo": "ES173",
        "endereco": "Rua do Adolescente, 110, Laranjeiras, Uberlândia - MG, Brasil",
        "qtld": "42D",
        "imovel": "Res."
      }
    },
    {
      "type": "Feature",
      "geometry": {
        "type": "Point",
        "coordinates": [
          -48.2346572,
          -18.9635459
        ]
      },
      "properties": {
        "codigo": "ES174",
        "endereco": "Rua do Adolescente, 160, Laranjeiras, Uberlândia - MG, Brasil",
        "qtld": "42D",
        "imovel": "Res."
      }
    },
    {
      "type": "Feature",
      "geometry": {
        "type": "Point",
        "coordinates": [
          -48.2343243,
          -18.96341
        ]
      },
      "properties": {
        "codigo": "ES175",
        "endereco": "RUA do Adolescente, 151, Laranjeiras, Uberlândia - MG, Brasil",
        "qtld": "43A",
        "imovel": "Res."
      }
    },
    {
      "type": "Feature",
      "geometry": {
        "type": "Point",
        "coordinates": [
          -48.234311,
          -18.9636976
        ]
      },
      "properties": {
        "codigo": "ES176",
        "endereco": "Rua do Adolescente, 181, Laranjeiras, Uberlândia - MG, Brasil",
        "qtld": "43A",
        "imovel": "Res."
      }
    },
    {
      "type": "Feature",
      "geometry": {
        "type": "Point",
        "coordinates": [
          -48.241391,
          -18.9640444
        ]
      },
      "properties": {
        "codigo": "ES181",
        "endereco": "Av Iraque, 1219, Laranjeiras, Uberlândia - MG, Brasil",
        "qtld": "162B",
        "imovel": "Res."
      }
    },
    {
      "type": "Feature",
      "geometry": {
        "type": "Point",
        "coordinates": [
          -48.2414776,
          -18.9634006
        ]
      },
      "properties": {
        "codigo": "ES182",
        "endereco": "Av dos Tito, 1106, Laranjeiras, Uberlândia - MG, Brasil",
        "qtld": "160B",
        "imovel": "Res."
      }
    },
    {
      "type": "Feature",
      "geometry": {
        "type": "Point",
        "coordinates": [
          -48.2406198,
          -18.9634614
        ]
      },
      "properties": {
        "codigo": "ES184",
        "endereco": "Av dos Tito, 1027, Laranjeiras, Uberlândia - MG, Brasil",
        "qtld": "162C",
        "imovel": "Res."
      }
    },
    {
      "type": "Feature",
      "geometry": {
        "type": "Point",
        "coordinates": [
          -48.2402467,
          -18.9632244
        ]
      },
      "properties": {
        "codigo": "ES186",
        "endereco": "Av dos Tito, 977, Laranjeiras, Uberlândia - MG, Brasil",
        "qtld": "162C",
        "imovel": "Res."
      }
    },
    {
      "type": "Feature",
      "geometry": {
        "type": "Point",
        "coordinates": [
          -48.2399155,
          -18.9628843
        ]
      },
      "properties": {
        "codigo": "ES187",
        "endereco": "AV dos Tito, 936, Laranjeiras, Uberlândia - MG, Brasil",
        "qtld": 160,
        "imovel": "Res."
      }
    },
    {
      "type": "Feature",
      "geometry": {
        "type": "Point",
        "coordinates": [
          -48.2396833,
          -18.9631211
        ]
      },
      "properties": {
        "codigo": "ES188",
        "endereco": "Av dos Tito, 915, Laranjeiras, Uberlândia - MG, Brasil",
        "qtld": "163B",
        "imovel": "Com."
      }
    },
    {
      "type": "Feature",
      "geometry": {
        "type": "Point",
        "coordinates": [
          -48.2413862,
          -18.9609545
        ]
      },
      "properties": {
        "codigo": "ES190",
        "endereco": "Rua das Diretas, 558, Laranjeiras, Uberlândia - MG, Brasil",
        "qtld": "152A",
        "imovel": "Res."
      }
    },
    {
      "type": "Feature",
      "geometry": {
        "type": "Point",
        "coordinates": [
          -48.2420258,
          -18.9612008
        ]
      },
      "properties": {
        "codigo": "ES191",
        "endereco": "Rua das Diretas, 638, Laranjeiras, Uberlândia - MG, Brasil",
        "qtld": "152A",
        "imovel": "Res."
      }
    },
    {
      "type": "Feature",
      "geometry": {
        "type": "Point",
        "coordinates": [
          -48.2424687,
          -18.9612895
        ]
      },
      "properties": {
        "codigo": "ES192",
        "endereco": "Av Iraque, 807, Laranjeiras, Uberlândia - MG, Brasil",
        "qtld": "152B",
        "imovel": "Com."
      }
    },
    {
      "type": "Feature",
      "geometry": {
        "type": "Point",
        "coordinates": [
          -48.2407352,
          -18.9610303
        ]
      },
      "properties": {
        "codigo": "ES196",
        "endereco": "Rua das Diretas, 499, Laranjeiras, Uberlândia - MG, Brasil",
        "qtld": "154 D",
        "imovel": "Res."
      }
    },
    {
      "type": "Feature",
      "geometry": {
        "type": "Point",
        "coordinates": [
          -48.2411714,
          -18.9611679
        ]
      },
      "properties": {
        "codigo": "ES197",
        "endereco": "Rua das Diretas, 549, Laranjeiras, Uberlândia - MG, Brasil",
        "qtld": "154D",
        "imovel": "Res."
      }
    },
    {
      "type": "Feature",
      "geometry": {
        "type": "Point",
        "coordinates": [
          -48.2313679,
          -18.959826
        ]
      },
      "properties": {
        "codigo": "ES202",
        "endereco": "Rua Abelardo Pena, 403, São Jorge, Uberlândia - MG, Brasil",
        "qtld": "81B",
        "imovel": "Com."
      }
    },
    {
      "type": "Feature",
      "geometry": {
        "type": "Point",
        "coordinates": [
          -48.2311646,
          -18.9603118
        ]
      },
      "properties": {
        "codigo": "ES203",
        "endereco": "Rua Cora Coralina, 13, São Jorge, Uberlândia - MG, Brasil",
        "qtld": "84A",
        "imovel": "Res."
      }
    },
    {
      "type": "Feature",
      "geometry": {
        "type": "Point",
        "coordinates": [
          -48.231615,
          -18.959675
        ]
      },
      "properties": {
        "codigo": "ES205",
        "endereco": "RUA Abelardo Pena, 396, Laranjeiras, Uberlândia - MG, Brasil",
        "qtld": "32B",
        "imovel": "Res."
      }
    },
    {
      "type": "Feature",
      "geometry": {
        "type": "Point",
        "coordinates": [
          -48.2313319,
          -18.9606039
        ]
      },
      "properties": {
        "codigo": "ES206",
        "endereco": "Rua Abelardo Pena, 506, Laranjeiras, Uberlândia - MG, Brasil",
        "qtld": "32B",
        "imovel": "Res."
      }
    },
    {
      "type": "Feature",
      "geometry": {
        "type": "Point",
        "coordinates": [
          -48.2319173,
          -18.9615354
        ]
      },
      "properties": {
        "codigo": "ES207",
        "endereco": "Rua Aurora Nogueira, 580, Laranjeiras, Uberlândia - MG, Brasil",
        "qtld": "33A",
        "imovel": "Res."
      }
    },
    {
      "type": "Feature",
      "geometry": {
        "type": "Point",
        "coordinates": [
          -48.23202,
          -18.9610278
        ]
      },
      "properties": {
        "codigo": "ES208",
        "endereco": "Rua Aurora Nogueira, 540, Laranjeiras, Uberlândia - MG, Brasil",
        "qtld": "33A",
        "imovel": "Res."
      }
    },
    {
      "type": "Feature",
      "geometry": {
        "type": "Point",
        "coordinates": [
          -48.2317787,
          -18.9607507
        ]
      },
      "properties": {
        "codigo": "ES209",
        "endereco": "Rua Aurora Nogueira, 489, Laranjeiras, Uberlândia - MG, Brasil",
        "qtld": "32D",
        "imovel": "Res."
      }
    },
    {
      "type": "Feature",
      "geometry": {
        "type": "Point",
        "coordinates": [
          -48.2320942,
          -18.9606527
        ]
      },
      "properties": {
        "codigo": "ES210",
        "endereco": "Rua Aurora Nogueira, 490, Laranjeiras, Uberlândia - MG, Brasil",
        "qtld": "33A",
        "imovel": "Res."
      }
    },
    {
      "type": "Feature",
      "geometry": {
        "type": "Point",
        "coordinates": [
          -48.2320053,
          -18.9594739
        ]
      },
      "properties": {
        "codigo": "ES211",
        "endereco": "Aurora Nogueira, 359, Laranjeiras, Uberlândia - MG, Brasil",
        "qtld": "32D",
        "imovel": "Res."
      }
    },
    {
      "type": "Feature",
      "geometry": {
        "type": "Point",
        "coordinates": [
          -48.2321793,
          -18.9587359
        ]
      },
      "properties": {
        "codigo": "ES213",
        "endereco": "Aurora Nogueira, 24, Laranjeiras, Uberlândia - MG, Brasil",
        "qtld": "31D",
        "imovel": "Res."
      }
    },
    {
      "type": "Feature",
      "geometry": {
        "type": "Point",
        "coordinates": [
          -48.2495514,
          -18.9308049
        ]
      },
      "properties": {
        "codigo": "ES215",
        "endereco": "Av Pampulha, 327, Carajas, Uberlândia - MG, Brasil",
        "qtld": "27A",
        "imovel": "Res."
      }
    },
    {
      "type": "Feature",
      "geometry": {
        "type": "Point",
        "coordinates": [
          -48.2483153,
          -18.9306014
        ]
      },
      "properties": {
        "codigo": "ES216",
        "endereco": "RUA Galileu, 251, Carajas, Uberlândia - MG, Brasil",
        "qtld": "26 B",
        "imovel": "Res."
      }
    },
    {
      "type": "Feature",
      "geometry": {
        "type": "Point",
        "coordinates": [
          -48.2481199,
          -18.9309271
        ]
      },
      "properties": {
        "codigo": "ES217",
        "endereco": "Rua Galileu, 325, Carajas, Uberlândia - MG, Brasil",
        "qtld": "26B",
        "imovel": "Res."
      }
    },
    {
      "type": "Feature",
      "geometry": {
        "type": "Point",
        "coordinates": [
          -48.2486316,
          -18.9305708
        ]
      },
      "properties": {
        "codigo": "ES222",
        "endereco": "RUA GALILEU, 228, Carajas, Uberlândia - MG, Brasil",
        "qtld": "27C",
        "imovel": "Res."
      }
    },
    {
      "type": "Feature",
      "geometry": {
        "type": "Point",
        "coordinates": [
          -48.2421785,
          -18.9627804
        ]
      },
      "properties": {
        "codigo": "ES231",
        "endereco": "Av Iraque, 1170, Laranjeiras, Uberlândia - MG, Brasil",
        "qtld": "181B",
        "imovel": "Com."
      }
    },
    {
      "type": "Feature",
      "geometry": {
        "type": "Point",
        "coordinates": [
          -48.2433842,
          -18.9634722
        ]
      },
      "properties": {
        "codigo": "ES232",
        "endereco": "Rua da Criança, 866, Laranjeiras, Uberlândia - MG, Brasil",
        "qtld": "181C",
        "imovel": "Res."
      }
    },
    {
      "type": "Feature",
      "geometry": {
        "type": "Point",
        "coordinates": [
          -48.2421636,
          -18.9630303
        ]
      },
      "properties": {
        "codigo": "ES233",
        "endereco": "Rua da Criança, 736, Laranjeiras, Uberlândia - MG, Brasil",
        "qtld": "181C",
        "imovel": "Res."
      }
    },
    {
      "type": "Feature",
      "geometry": {
        "type": "Point",
        "coordinates": [
          -48.2432837,
          -18.9637627
        ]
      },
      "properties": {
        "codigo": "ES234",
        "endereco": "Rua da criança, 867, Laranjeiras, Uberlândia - MG, Brasil",
        "qtld": "180B",
        "imovel": "Res."
      }
    },
    {
      "type": "Feature",
      "geometry": {
        "type": "Point",
        "coordinates": [
          -48.243967,
          -18.9637258
        ]
      },
      "properties": {
        "codigo": "ES235",
        "endereco": "RUA Da Criança, 928, Laranjeiras, Uberlândia - MG, Brasil",
        "qtld": "207 B",
        "imovel": "Res."
      }
    },
    {
      "type": "Feature",
      "geometry": {
        "type": "Point",
        "coordinates": [
          -48.2438716,
          -18.9639581
        ]
      },
      "properties": {
        "codigo": "ES236",
        "endereco": "Rua da Criança, 929, Laranjeiras, Uberlândia - MG, Brasil",
        "qtld": "208 C",
        "imovel": "Out."
      }
    },
    {
      "type": "Feature",
      "geometry": {
        "type": "Point",
        "coordinates": [
          -48.23473,
          -18.9150412
        ]
      },
      "properties": {
        "codigo": "ES291",
        "endereco": "Av José Pedro, 356, Distrito Tapuirama, Uberlândia - MG, Brasil",
        "qtld": "1 A",
        "imovel": "Out."
      }
    },
    {
      "type": "Feature",
      "geometry": {
        "type": "Point",
        "coordinates": [
          -47.9355853,
          -19.1458872
        ]
      },
      "properties": {
        "codigo": "ES296",
        "endereco": "Avenida Adolfo Fonseca, 1104, Distrito Tapuirama, Uberlândia - MG, Brasil",
        "qtld": "31 A",
        "imovel": "Res."
      }
    },
    {
      "type": "Feature",
      "geometry": {
        "type": "Point",
        "coordinates": [
          -47.9361574,
          -19.1456715
        ]
      },
      "properties": {
        "codigo": "ES298",
        "endereco": "Melo Montes, 271, Distrito Tapuirama, Uberlândia - MG, Brasil",
        "qtld": "31 D",
        "imovel": "Res."
      }
    },
    {
      "type": "Feature",
      "geometry": {
        "type": "Point",
        "coordinates": [
          -47.9352742,
          -19.1467183
        ]
      },
      "properties": {
        "codigo": "ES302",
        "endereco": "Avenida Adolfo Fonseca, 1201, Distrito Tapuirama, Uberlândia - MG, Brasil",
        "qtld": "33 A",
        "imovel": "Res."
      }
    },
    {
      "type": "Feature",
      "geometry": {
        "type": "Point",
        "coordinates": [
          -47.9341234,
          -19.1468725
        ]
      },
      "properties": {
        "codigo": "ES304",
        "endereco": "Rua Fernandes Rabelo, 105, Distrito Tapuirama, Uberlândia - MG, Brasil",
        "qtld": "41 A",
        "imovel": "Res."
      }
    },
    {
      "type": "Feature",
      "geometry": {
        "type": "Point",
        "coordinates": [
          -47.9361748,
          -19.1463673
        ]
      },
      "properties": {
        "codigo": "ES305",
        "endereco": "Duas Medeiros, 327, Distrito Tapuirama, Uberlândia - MG, Brasil",
        "qtld": "30 C",
        "imovel": "Out."
      }
    },
    {
      "type": "Feature",
      "geometry": {
        "type": "Point",
        "coordinates": [
          -47.9339108,
          -19.1465916
        ]
      },
      "properties": {
        "codigo": "ES306",
        "endereco": "Avenida Gonzaga, 1074, Distrito Tapuirama, Uberlândia - MG, Brasil",
        "qtld": "34 C",
        "imovel": "Res."
      }
    },
    {
      "type": "Feature",
      "geometry": {
        "type": "Point",
        "coordinates": [
          -47.9368184,
          -19.1439678
        ]
      },
      "properties": {
        "codigo": "ES308",
        "endereco": "Avenida Herculino da Rocha, 1305, Distrito Tapuirama, Uberlândia - MG, Brasil",
        "qtld": "44 A",
        "imovel": "Res."
      }
    },
    {
      "type": "Feature",
      "geometry": {
        "type": "Point",
        "coordinates": [
          -47.9337987,
          -19.1470729
        ]
      },
      "properties": {
        "codigo": "ES309",
        "endereco": "Avenida Gonzaga, 1116, Distrito Tapuirama, Uberlândia - MG, Brasil",
        "qtld": "41 B",
        "imovel": "Res."
      }
    },
    {
      "type": "Feature",
      "geometry": {
        "type": "Point",
        "coordinates": [
          -47.9339757,
          -19.1459581
        ]
      },
      "properties": {
        "codigo": "ES310",
        "endereco": "Praça said jorge, 105, Distrito Tapuirama, Uberlândia - MG, Brasil",
        "qtld": "34 B",
        "imovel": "Out."
      }
    },
    {
      "type": "Feature",
      "geometry": {
        "type": "Point",
        "coordinates": [
          -47.9341578,
          -19.1466747
        ]
      },
      "properties": {
        "codigo": "ES313",
        "endereco": "Rua Fernandes Rabelo, 104, Distrito Tapuirama, Uberlândia - MG, Brasil",
        "qtld": "34 D",
        "imovel": "Res."
      }
    },
    {
      "type": "Feature",
      "geometry": {
        "type": "Point",
        "coordinates": [
          -47.9333174,
          -19.1468081
        ]
      },
      "properties": {
        "codigo": "ES314",
        "endereco": "Rua Fernandes Rabelo, 39, Distrito Tapuirama, Uberlândia - MG, Brasil",
        "qtld": "38 C",
        "imovel": "Res."
      }
    },
    {
      "type": "Feature",
      "geometry": {
        "type": "Point",
        "coordinates": [
          -47.9335111,
          -19.1472913
        ]
      },
      "properties": {
        "codigo": "ES315",
        "endereco": "Avenida Gonzaga, 1155, Distrito Tapuirama, Uberlândia - MG, Brasil",
        "qtld": "38 B",
        "imovel": "Res."
      }
    },
    {
      "type": "Feature",
      "geometry": {
        "type": "Point",
        "coordinates": [
          -47.933839,
          -19.146506
        ]
      },
      "properties": {
        "codigo": "ES316",
        "endereco": "Avenida Gonzaga, 1085, Distrito Tapuirama, Uberlândia - MG, Brasil",
        "qtld": "37 B",
        "imovel": "Res."
      }
    },
    {
      "type": "Feature",
      "geometry": {
        "type": "Point",
        "coordinates": [
          -47.935116,
          -19.1474539
        ]
      },
      "properties": {
        "codigo": "ES319",
        "endereco": "Avenida Adolfo Fonseca, 1295, Distrito Tapuirama, Uberlândia - MG, Brasil",
        "qtld": "42 D",
        "imovel": "Res."
      }
    },
    {
      "type": "Feature",
      "geometry": {
        "type": "Point",
        "coordinates": [
          -47.9344994,
          -19.1473266
        ]
      },
      "properties": {
        "codigo": "ES321",
        "endereco": "Avenida José Pedro Abalem, 1254, Distrito Tapuirama, Uberlândia - MG, Brasil",
        "qtld": "42 B",
        "imovel": "Res."
      }
    },
    {
      "type": "Feature",
      "geometry": {
        "type": "Point",
        "coordinates": [
          -47.9342372,
          -19.1480991
        ]
      },
      "properties": {
        "codigo": "ES322",
        "endereco": "Avenida José Pedro, 1336, Distrito Tapuirama, Uberlândia - MG, Brasil",
        "qtld": "43 C",
        "imovel": "Res."
      }
    },
    {
      "type": "Feature",
      "geometry": {
        "type": "Point",
        "coordinates": [
          -47.9357914,
          -19.1472962
        ]
      },
      "properties": {
        "codigo": "ES327",
        "endereco": "Rua Fernandes Rabelo, 303, Distrito Tapuirama, Uberlândia - MG, Brasil",
        "qtld": "45 D",
        "imovel": "Res."
      }
    },
    {
      "type": "Feature",
      "geometry": {
        "type": "Point",
        "coordinates": [
          -48.2954356,
          -18.9287365
        ]
      },
      "properties": {
        "codigo": "ES330",
        "endereco": "Rua humaita, 1, Tubalina, Uberlândia - MG, Brasil",
        "qtld": "02C",
        "imovel": "Res."
      }
    },
    {
      "type": "Feature",
      "geometry": {
        "type": "Point",
        "coordinates": [
          -48.2951326,
          -18.9339124
        ]
      },
      "properties": {
        "codigo": "ES331",
        "endereco": "Avenida maestro vila lobos, 217, Tubalina, Uberlândia - MG, Brasil",
        "qtld": "07B",
        "imovel": "Res."
      }
    },
    {
      "type": "Feature",
      "geometry": {
        "type": "Point",
        "coordinates": [
          -48.295038,
          -18.9336463
        ]
      },
      "properties": {
        "codigo": "ES332",
        "endereco": "Avenida maestro Villa lobos, 196, Tubalina, Uberlândia - MG, Brasil",
        "qtld": "2A",
        "imovel": "Res."
      }
    },
    {
      "type": "Feature",
      "geometry": {
        "type": "Point",
        "coordinates": [
          -48.2950962,
          -18.9332441
        ]
      },
      "properties": {
        "codigo": "ES334",
        "endereco": "Rua humaitá, 462, Tubalina, Uberlândia - MG, Brasil",
        "qtld": "2C",
        "imovel": "Res."
      }
    },
    {
      "type": "Feature",
      "geometry": {
        "type": "Point",
        "coordinates": [
          -48.2947363,
          -18.9319432
        ]
      },
      "properties": {
        "codigo": "ES335",
        "endereco": "Rua humaita, 357, Tubalina, Uberlândia - MG, Brasil",
        "qtld": "01A",
        "imovel": "Out."
      }
    },
    {
      "type": "Feature",
      "geometry": {
        "type": "Point",
        "coordinates": [
          -48.2950256,
          -18.9328611
        ]
      },
      "properties": {
        "codigo": "ES336",
        "endereco": "Rua humaita, 530, Tubalina, Uberlândia - MG, Brasil",
        "qtld": "02c",
        "imovel": "Res."
      }
    },
    {
      "type": "Feature",
      "geometry": {
        "type": "Point",
        "coordinates": [
          -48.2950025,
          -18.9324754
        ]
      },
      "properties": {
        "codigo": "ES337",
        "endereco": "Rua humaita, 404, Tubalina, Uberlândia - MG, Brasil",
        "qtld": "02C",
        "imovel": "Res."
      }
    },
    {
      "type": "Feature",
      "geometry": {
        "type": "Point",
        "coordinates": [
          -48.2951216,
          -18.932654
        ]
      },
      "properties": {
        "codigo": "ES339",
        "endereco": "Rua humaitá, 414, Tubalina, Uberlândia - MG, Brasil",
        "qtld": "2C",
        "imovel": "Res."
      }
    },
    {
      "type": "Feature",
      "geometry": {
        "type": "Point",
        "coordinates": [
          -48.2951382,
          -18.9321378
        ]
      },
      "properties": {
        "codigo": "ES340",
        "endereco": "Rua humaitá, 382, Tubalina, Uberlândia - MG, Brasil",
        "qtld": "2C",
        "imovel": "Res."
      }
    },
    {
      "type": "Feature",
      "geometry": {
        "type": "Point",
        "coordinates": [
          -48.2782482,
          -18.9466876
        ]
      },
      "properties": {
        "codigo": "ES360",
        "endereco": "Rua Israel Pinheiro, 463, Morada da Colina, Uberlândia - MG, Brasil",
        "qtld": "73A",
        "imovel": "Res."
      }
    },
    {
      "type": "Feature",
      "geometry": {
        "type": "Point",
        "coordinates": [
          -48.2786076,
          -18.9453853
        ]
      },
      "properties": {
        "codigo": "ES361",
        "endereco": "Rua Israel Pinheiro, 331, Morada da Colina, Uberlândia - MG, Brasil",
        "qtld": "73A",
        "imovel": "Res."
      }
    },
    {
      "type": "Feature",
      "geometry": {
        "type": "Point",
        "coordinates": [
          -48.2779657,
          -18.944688
        ]
      },
      "properties": {
        "codigo": "ES362",
        "endereco": "Rua Dom Almir Marques Ferreira, 434, Morada da Colina, Uberlândia - MG, Brasil",
        "qtld": "79C",
        "imovel": "Res."
      }
    },
    {
      "type": "Feature",
      "geometry": {
        "type": "Point",
        "coordinates": [
          -48.2787384,
          -18.946055
        ]
      },
      "properties": {
        "codigo": "ES363",
        "endereco": "Rua Israel Pinheiro, 402, Morada da Colina, Uberlândia - MG, Brasil",
        "qtld": "72C",
        "imovel": "Res."
      }
    },
    {
      "type": "Feature",
      "geometry": {
        "type": "Point",
        "coordinates": [
          -48.3326383,
          -18.9154706
        ]
      },
      "properties": {
        "codigo": "ES365",
        "endereco": "Rua Hélio L Santa Cecília, 239, Morada da Colina, Uberlândia - MG, Brasil",
        "qtld": "72A",
        "imovel": "Res."
      }
    },
    {
      "type": "Feature",
      "geometry": {
        "type": "Point",
        "coordinates": [
          -48.2776046,
          -18.9463571
        ]
      },
      "properties": {
        "codigo": "ES366",
        "endereco": "Rua Avelina R Oliveira, 80, Morada da Colina, Uberlândia - MG, Brasil",
        "qtld": "73C",
        "imovel": "Res."
      }
    },
    {
      "type": "Feature",
      "geometry": {
        "type": "Point",
        "coordinates": [
          -48.2787047,
          -18.9452936
        ]
      },
      "properties": {
        "codigo": "ES367",
        "endereco": "Rua Israel Pinheiro, 318, Morada da Colina, Uberlândia - MG, Brasil",
        "qtld": "72C",
        "imovel": "Res."
      }
    },
    {
      "type": "Feature",
      "geometry": {
        "type": "Point",
        "coordinates": [
          -48.3326383,
          -18.9154706
        ]
      },
      "properties": {
        "codigo": "ES368",
        "endereco": "Rua Hélio L Santa Cecília, 25, Morada da Colina, Uberlândia - MG, Brasil",
        "qtld": "72A",
        "imovel": "Res."
      }
    },
    {
      "type": "Feature",
      "geometry": {
        "type": "Point",
        "coordinates": [
          -48.3326383,
          -18.9154706
        ]
      },
      "properties": {
        "codigo": "ES369",
        "endereco": "Rua Hélio L Santa Cecília, 550, Morada da Colina, Uberlândia - MG, Brasil",
        "qtld": "74C",
        "imovel": "Res."
      }
    },
    {
      "type": "Feature",
      "geometry": {
        "type": "Point",
        "coordinates": [
          -48.2797872,
          -18.9439525
        ]
      },
      "properties": {
        "codigo": "ES370",
        "endereco": "Rua Dom Almir Marques Ferreira, 620, Morada da Colina, Uberlândia - MG, Brasil",
        "qtld": "69C",
        "imovel": "Res."
      }
    },
    {
      "type": "Feature",
      "geometry": {
        "type": "Point",
        "coordinates": [
          -48.278573,
          -18.9411403
        ]
      },
      "properties": {
        "codigo": "ES371",
        "endereco": "Rua Hélio S Santa Cecília, 1, Morada da Colina, Uberlândia - MG, Brasil",
        "qtld": "71C",
        "imovel": "Out."
      }
    },
    {
      "type": "Feature",
      "geometry": {
        "type": "Point",
        "coordinates": [
          -48.237652,
          -18.960406
        ]
      },
      "properties": {
        "codigo": "ES386",
        "endereco": "Rua Congresso, 186, Laranjeiras, Uberlândia - MG, Brasil",
        "qtld": "99C",
        "imovel": "Res."
      }
    },
    {
      "type": "Feature",
      "geometry": {
        "type": "Point",
        "coordinates": [
          -48.246176,
          -18.9358785
        ]
      },
      "properties": {
        "codigo": "ES391",
        "endereco": "Av Juaraci Junqueira de Rezende, 100, Pampulha, Uberlândia - MG, Brasil",
        "qtld": "QT1 Lado A",
        "imovel": "Out."
      }
    },
    {
      "type": "Feature",
      "geometry": {
        "type": "Point",
        "coordinates": [
          -48.2540885,
          -18.9198654
        ]
      },
      "properties": {
        "codigo": "ES394",
        "endereco": "Av Juaraci Junqueira de Rezende, 100, Pampulha, Uberlândia - MG, Brasil",
        "qtld": "QT 1 lado A",
        "imovel": "Out."
      }
    },
    {
      "type": "Feature",
      "geometry": {
        "type": "Point",
        "coordinates": [
          -48.2735708,
          -18.9593691
        ]
      },
      "properties": {
        "codigo": "ES399",
        "endereco": "Av Nicomedes Alves do Santos, 4546, Jardim Sul, Uberlândia - MG, Brasil",
        "qtld": "QT1 Lado A",
        "imovel": "Out."
      }
    },
    {
      "type": "Feature",
      "geometry": {
        "type": "Point",
        "coordinates": [
          -48.2733999,
          -18.958607
        ]
      },
      "properties": {
        "codigo": "ES400",
        "endereco": "Av Nicomedes Alves do Santos, 4545, Jardim Sul, Uberlândia - MG, Brasil",
        "qtld": "QT1 Lado A",
        "imovel": "Out."
      }
    },
    {
      "type": "Feature",
      "geometry": {
        "type": "Point",
        "coordinates": [
          -48.2733999,
          -18.958607
        ]
      },
      "properties": {
        "codigo": "ES401",
        "endereco": "Av Nicomedes Alves do Santos, 4545, Jardim Sul, Uberlândia - MG, Brasil",
        "qtld": "QT 1 lado A",
        "imovel": "Out."
      }
    },
    {
      "type": "Feature",
      "geometry": {
        "type": "Point",
        "coordinates": [
          -48.2903553,
          -18.9749126
        ]
      },
      "properties": {
        "codigo": "ES402",
        "endereco": "Av Lindomira Borges do Nascimento, 9999, Chácaras Caça e Pesca, Uberlândia - MG, Brasil",
        "qtld": "QT2 Lado A",
        "imovel": "Out."
      }
    },
    {
      "type": "Feature",
      "geometry": {
        "type": "Point",
        "coordinates": [
          -48.2903553,
          -18.9749126
        ]
      },
      "properties": {
        "codigo": "ES410",
        "endereco": "Av Lindomira Borges do Nascimento, 9999, Chácaras Caça e Pesca, Uberlândia - MG, Brasil",
        "qtld": "QT1 Lado A",
        "imovel": "Out."
      }
    },
    {
      "type": "Feature",
      "geometry": {
        "type": "Point",
        "coordinates": [
          -48.2140236,
          -18.9440965
        ]
      },
      "properties": {
        "codigo": "ES412",
        "endereco": "BR365 Km 78/A, 9999, UFU Campus Glória, Uberlândia - MG, Brasil",
        "qtld": "BR365 Km 78/A",
        "imovel": "Out."
      }
    },
    {
      "type": "Feature",
      "geometry": {
        "type": "Point",
        "coordinates": [
          -48.2140236,
          -18.9440965
        ]
      },
      "properties": {
        "codigo": "ES414",
        "endereco": "BR365 Km 78/A, 9999, UFU Campus Glória, Uberlândia - MG, Brasil",
        "qtld": "BR365 Km 78/A",
        "imovel": "Out."
      }
    },
    {
      "type": "Feature",
      "geometry": {
        "type": "Point",
        "coordinates": [
          -48.2140236,
          -18.9440965
        ]
      },
      "properties": {
        "codigo": "ES415",
        "endereco": "BR365 Km 78/A, 9999, UFU Campus Glória, Uberlândia - MG, Brasil",
        "qtld": "BR365 Km 78/A",
        "imovel": "Out."
      }
    },
    {
      "type": "Feature",
      "geometry": {
        "type": "Point",
        "coordinates": [
          -48.2140236,
          -18.9440965
        ]
      },
      "properties": {
        "codigo": "ES416",
        "endereco": "BR365 Km 78/A, 9999, UFU Campus Glória, Uberlândia - MG, Brasil",
        "qtld": "BR365 Km 78/A",
        "imovel": "Out."
      }
    },
    {
      "type": "Feature",
      "geometry": {
        "type": "Point",
        "coordinates": [
          -48.2140236,
          -18.9440965
        ]
      },
      "properties": {
        "codigo": "ES417",
        "endereco": "BR365 Km 78/A, 9999, UFU Campus Glória, Uberlândia - MG, Brasil",
        "qtld": "BR365 Km 78/A",
        "imovel": "Out."
      }
    },
    {
      "type": "Feature",
      "geometry": {
        "type": "Point",
        "coordinates": [
          -48.2140236,
          -18.9440965
        ]
      },
      "properties": {
        "codigo": "ES419",
        "endereco": "BR365 Km 78/A, 9999, UFU Campus Glória, Uberlândia - MG, Brasil",
        "qtld": "BR365 Km 78/A",
        "imovel": "Out."
      }
    },
    {
      "type": "Feature",
      "geometry": {
        "type": "Point",
        "coordinates": [
          -48.2780653,
          -18.8810851
        ]
      },
      "properties": {
        "codigo": "T002",
        "endereco": "Alexandrino, 1423, Brasil, Uberlândia - MG, Brasil",
        "qtld": "90d",
        "imovel": "Out."
      }
    }
  ]
}