{
  "type": "FeatureCollection",
  "features": [
    {
      "type": "Feature",
      "geometry": {
        "type": "Point",
        "coordinates": [
          -48.2763409,
          -18.9098325
        ]
      },
      "properties": {
        "codigo": "C-1",
        "endereco": "Praca Sergio Pacheco, Praça, Centro, Uberlândia, Minas Gerais, Brasil",
        "qtld": "75 C"
      }
    },
    {
      "type": "Feature",
      "geometry": {
        "type": "Point",
        "coordinates": [
          -48.27337268,
          -18.9125091
        ]
      },
      "properties": {
        "codigo": "C-10",
        "endereco": "Avenida Afonso Pena, 1228, Centro, Uberlândia, Minas Gerais, Brasil",
        "qtld": "20 B"
      }
    },
    {
      "type": "Feature",
      "geometry": {
        "type": "Point",
        "coordinates": [
          -48.26442848,
          -18.9068275
        ]
      },
      "properties": {
        "codigo": "C-100",
        "endereco": "Rua Jatai, 1307, Nossa Senhora Aparecida, Uberlândia, Minas Gerais, Brasil",
        "qtld": "90"
      }
    },
    {
      "type": "Feature",
      "geometry": {
        "type": "Point",
        "coordinates": [
          -48.26744525,
          -18.9067313
        ]
      },
      "properties": {
        "codigo": "C-101",
        "endereco": "Avenida Floriano Peixoto, 2141, Nossa Senhora Aparecida, Uberlândia, Minas Gerais, Brasil",
        "qtld": "75"
      }
    },
    {
      "type": "Feature",
      "geometry": {
        "type": "Point",
        "coordinates": [
          -48.27060918,
          -18.9067884
        ]
      },
      "properties": {
        "codigo": "C-102",
        "endereco": "Rua Itumbiara, 789, Nossa Senhora Aparecida, Uberlândia, Minas Gerais, Brasil",
        "qtld": "58"
      }
    },
    {
      "type": "Feature",
      "geometry": {
        "type": "Point",
        "coordinates": [
          -48.27339475,
          -18.9065234
        ]
      },
      "properties": {
        "codigo": "C-103",
        "endereco": "Avenida Monsenhor Eduardo, 400, Nossa Senhora Aparecida, Uberlândia, Minas Gerais, Brasil",
        "qtld": "37"
      }
    },
    {
      "type": "Feature",
      "geometry": {
        "type": "Point",
        "coordinates": [
          -48.2703208,
          -18.9039079
        ]
      },
      "properties": {
        "codigo": "C-104",
        "endereco": "Rua Jeronimo Martins Do Nascimento, 1, Nossa Senhora Aparecida, Uberlândia, Minas Gerais, Brasil",
        "qtld": "81"
      }
    },
    {
      "type": "Feature",
      "geometry": {
        "type": "Point",
        "coordinates": [
          -48.26754525,
          -18.9037545
        ]
      },
      "properties": {
        "codigo": "C-105",
        "endereco": "Rua Niteroi, 917, Nossa Senhora Aparecida, Uberlândia, Minas Gerais, Brasil",
        "qtld": "102 C"
      }
    },
    {
      "type": "Feature",
      "geometry": {
        "type": "Point",
        "coordinates": [
          -48.26449964,
          -18.9037299
        ]
      },
      "properties": {
        "codigo": "C-106",
        "endereco": "Rua Salvador, 1051, Nossa Senhora Aparecida, Uberlândia, Minas Gerais, Brasil",
        "qtld": "123"
      }
    },
    {
      "type": "Feature",
      "geometry": {
        "type": "Point",
        "coordinates": [
          -48.26142824,
          -18.903734
        ]
      },
      "properties": {
        "codigo": "C-107",
        "endereco": "Rua Feliciano De Morais, 1, Nossa Senhora Aparecida, Uberlândia, Minas Gerais, Brasil",
        "qtld": "146"
      }
    },
    {
      "type": "Feature",
      "geometry": {
        "type": "Point",
        "coordinates": [
          -48.26421508,
          -18.9006136
        ]
      },
      "properties": {
        "codigo": "C-108",
        "endereco": "Rua Porto Alegre, 647, Nossa Senhora Aparecida, Uberlândia, Minas Gerais, Brasil",
        "qtld": "149"
      }
    },
    {
      "type": "Feature",
      "geometry": {
        "type": "Point",
        "coordinates": [
          -48.26747773,
          -18.9005639
        ]
      },
      "properties": {
        "codigo": "C-109",
        "endereco": "Avenida Brasil, 2590, Nossa Senhora Aparecida, Uberlândia, Minas Gerais, Brasil",
        "qtld": "133"
      }
    },
    {
      "type": "Feature",
      "geometry": {
        "type": "Point",
        "coordinates": [
          -48.26747773,
          -18.9154575
        ]
      },
      "properties": {
        "codigo": "C-11",
        "endereco": "Rua Caiaponia, 104, Centro, Uberlândia, Minas Gerais, Brasil",
        "qtld": "33 D"
      }
    },
    {
      "type": "Feature",
      "geometry": {
        "type": "Point",
        "coordinates": [
          -48.27007444,
          -18.90023
        ]
      },
      "properties": {
        "codigo": "C-110",
        "endereco": "Rua Salvador, 350, Nossa Senhora Aparecida, Uberlândia, Minas Gerais, Brasil",
        "qtld": "98"
      }
    },
    {
      "type": "Feature",
      "geometry": {
        "type": "Point",
        "coordinates": [
          -48.26662929,
          -18.8974774
        ]
      },
      "properties": {
        "codigo": "C-111",
        "endereco": "Rua Curitiba, 890, Brasil, Uberlândia, Minas Gerais, Brasil",
        "qtld": "190 B"
      }
    },
    {
      "type": "Feature",
      "geometry": {
        "type": "Point",
        "coordinates": [
          -48.26413632,
          -18.897753
        ]
      },
      "properties": {
        "codigo": "C-112",
        "endereco": "Avenida Joao Pinheiro, 3040, Brasil, Uberlândia, Minas Gerais, Brasil",
        "qtld": "160 D"
      }
    },
    {
      "type": "Feature",
      "geometry": {
        "type": "Point",
        "coordinates": [
          -48.26154611,
          -18.9006067
        ]
      },
      "properties": {
        "codigo": "C-113",
        "endereco": "Rua Osorio Jose Da Cunha, 448, Brasil, Uberlândia, Minas Gerais, Brasil",
        "qtld": "181 D"
      }
    },
    {
      "type": "Feature",
      "geometry": {
        "type": "Point",
        "coordinates": [
          -48.26144537,
          -18.8976023
        ]
      },
      "properties": {
        "codigo": "C-114",
        "endereco": "Avenida Floriano Peixoto, 3399, Brasil, Uberlândia, Minas Gerais, Brasil",
        "qtld": "133 A"
      }
    },
    {
      "type": "Feature",
      "geometry": {
        "type": "Point",
        "coordinates": [
          -48.25853712,
          -18.8975155
        ]
      },
      "properties": {
        "codigo": "C-115",
        "endereco": "Rua Rio De Janeiro, 1, Brasil, Uberlândia, Minas Gerais, Brasil",
        "qtld": "106 B"
      }
    },
    {
      "type": "Feature",
      "geometry": {
        "type": "Point",
        "coordinates": [
          -48.2551925,
          -18.894505
        ]
      },
      "properties": {
        "codigo": "C-116",
        "endereco": "Rua Feliciano De Morais, 1977, Brasil, Uberlândia, Minas Gerais, Brasil",
        "qtld": "44 D"
      }
    },
    {
      "type": "Feature",
      "geometry": {
        "type": "Point",
        "coordinates": [
          -48.2585641,
          -18.8947783
        ]
      },
      "properties": {
        "codigo": "C-117",
        "endereco": "Avenida Floriano Peixoto, 3783, Brasil, Uberlândia, Minas Gerais, Brasil",
        "qtld": "80 A"
      }
    },
    {
      "type": "Feature",
      "geometry": {
        "type": "Point",
        "coordinates": [
          -48.26165837,
          -18.8947908
        ]
      },
      "properties": {
        "codigo": "C-118",
        "endereco": "Avenida Joao Pinheiro, 3492, Brasil, Uberlândia, Minas Gerais, Brasil",
        "qtld": "109 D"
      }
    },
    {
      "type": "Feature",
      "geometry": {
        "type": "Point",
        "coordinates": [
          -48.2647153,
          -18.8946498
        ]
      },
      "properties": {
        "codigo": "C-119",
        "endereco": "Rua São Paulo, 833, Brasil, Uberlândia, Minas Gerais, Brasil",
        "qtld": "137 D"
      }
    },
    {
      "type": "Feature",
      "geometry": {
        "type": "Point",
        "coordinates": [
          -48.27355428,
          -18.9188059
        ]
      },
      "properties": {
        "codigo": "C-12",
        "endereco": "Rua Quintino Bocaiuva, 765, Centro, Uberlândia, Minas Gerais, Brasil",
        "qtld": "53 A"
      }
    },
    {
      "type": "Feature",
      "geometry": {
        "type": "Point",
        "coordinates": [
          -48.26764287,
          -18.8946814
        ]
      },
      "properties": {
        "codigo": "C-120",
        "endereco": "Rua Santa Catarina, 1, Brasil, Uberlândia, Minas Gerais, Brasil",
        "qtld": "166 D"
      }
    },
    {
      "type": "Feature",
      "geometry": {
        "type": "Point",
        "coordinates": [
          -48.27058595,
          -18.894598
        ]
      },
      "properties": {
        "codigo": "C-121",
        "endereco": "Rua Osorio Jose Da Cunha, 1520, Brasil, Uberlândia, Minas Gerais, Brasil",
        "qtld": "172 A"
      }
    },
    {
      "type": "Feature",
      "geometry": {
        "type": "Point",
        "coordinates": [
          -48.270608,
          -18.892096
        ]
      },
      "properties": {
        "codigo": "C-122",
        "endereco": "Avenida Terezina, 301, Brasil, Uberlândia, Minas Gerais, Brasil",
        "qtld": "144 C"
      }
    },
    {
      "type": "Feature",
      "geometry": {
        "type": "Point",
        "coordinates": [
          -48.26747008,
          -18.8917634
        ]
      },
      "properties": {
        "codigo": "C-123",
        "endereco": "Rua Rio De Janeiro, 1559, Brasil, Uberlândia, Minas Gerais, Brasil",
        "qtld": "122 B"
      }
    },
    {
      "type": "Feature",
      "geometry": {
        "type": "Point",
        "coordinates": [
          -48.2644933,
          -18.8917758
        ]
      },
      "properties": {
        "codigo": "C-124",
        "endereco": "Rua Bahia, 1235, Brasil, Uberlândia, Minas Gerais, Brasil",
        "qtld": "96 B"
      }
    },
    {
      "type": "Feature",
      "geometry": {
        "type": "Point",
        "coordinates": [
          -48.2615562,
          -18.8916617
        ]
      },
      "properties": {
        "codigo": "C-125",
        "endereco": "Rua Alagoas, 813, Brasil, Uberlândia, Minas Gerais, Brasil",
        "qtld": "70 B"
      }
    },
    {
      "type": "Feature",
      "geometry": {
        "type": "Point",
        "coordinates": [
          -48.2585204,
          -18.891488
        ]
      },
      "properties": {
        "codigo": "C-126",
        "endereco": "Rua Jose Rezende Dos Santos, 1, Brasil, Uberlândia, Minas Gerais, Brasil",
        "qtld": "24 C"
      }
    },
    {
      "type": "Feature",
      "geometry": {
        "type": "Point",
        "coordinates": [
          -48.2557249,
          -18.8918675
        ]
      },
      "properties": {
        "codigo": "C-127",
        "endereco": "Avenida Floriano Peixoto, 4288, Brasil, Uberlândia, Minas Gerais, Brasil",
        "qtld": "1A"
      }
    },
    {
      "type": "Feature",
      "geometry": {
        "type": "Point",
        "coordinates": [
          -48.2616313,
          -188886700
        ]
      },
      "properties": {
        "codigo": "C-128",
        "endereco": "Avenida Professor Jose Inacio De Souza, 1913, Brasil, Uberlândia, Minas Gerais, Brasil",
        "qtld": "26 B"
      }
    },
    {
      "type": "Feature",
      "geometry": {
        "type": "Point",
        "coordinates": [
          -48.2645739,
          -18.8887044
        ]
      },
      "properties": {
        "codigo": "C-129",
        "endereco": "Rua Jose Alves Garcia, 1265, Brasil, Uberlândia, Minas Gerais, Brasil",
        "qtld": "59 A"
      }
    },
    {
      "type": "Feature",
      "geometry": {
        "type": "Point",
        "coordinates": [
          -48.270479,
          -18.9133135
        ]
      },
      "properties": {
        "codigo": "C-13",
        "endereco": "Avenida Cesario Alvim, 1217, Centro, Uberlândia, Minas Gerais, Brasil",
        "qtld": "6A"
      }
    },
    {
      "type": "Feature",
      "geometry": {
        "type": "Point",
        "coordinates": [
          -48.2675617,
          -18.8887946
        ]
      },
      "properties": {
        "codigo": "C-130",
        "endereco": "Rua claudemiro Jose De Souza, 1465, Brasil, Uberlândia, Minas Gerais, Brasil",
        "qtld": "89 A"
      }
    },
    {
      "type": "Feature",
      "geometry": {
        "type": "Point",
        "coordinates": [
          -48.26481129,
          -18.8859755
        ]
      },
      "properties": {
        "codigo": "C-131",
        "endereco": "Avenida Terezina, 1150, Brasil, Uberlândia, Minas Gerais, Brasil",
        "qtld": "2A"
      }
    },
    {
      "type": "Feature",
      "geometry": {
        "type": "Point",
        "coordinates": [
          -48.27039443,
          -18.915629
        ]
      },
      "properties": {
        "codigo": "C-14",
        "endereco": "Rua Benjamin Constant, 317, CENTRO, Uberlândia, Minas Gerais, Brasil",
        "qtld": "27 D"
      }
    },
    {
      "type": "Feature",
      "geometry": {
        "type": "Point",
        "coordinates": [
          -48.27052318,
          -18.9185338
        ]
      },
      "properties": {
        "codigo": "C-15",
        "endereco": "Avenida Rio Branco, 731, Centro, Uberlândia, Minas Gerais, Brasil",
        "qtld": "48 B"
      }
    },
    {
      "type": "Feature",
      "geometry": {
        "type": "Point",
        "coordinates": [
          -48.26743622,
          -18.9156819
        ]
      },
      "properties": {
        "codigo": "C-16",
        "endereco": "Avenida Rio Branco, 1155, Cazeca, Uberlândia, Minas Gerais, Brasil",
        "qtld": "14 B"
      }
    },
    {
      "type": "Feature",
      "geometry": {
        "type": "Point",
        "coordinates": [
          -48.2644246,
          -18.9126304
        ]
      },
      "properties": {
        "codigo": "C-17",
        "endereco": "Avenida Rio Branco, 1583, Cazeca, Uberlândia, Minas Gerais, Brasil",
        "qtld": "43 B"
      }
    },
    {
      "type": "Feature",
      "geometry": {
        "type": "Point",
        "coordinates": [
          -48.26449078,
          -18.9154988
        ]
      },
      "properties": {
        "codigo": "C-18",
        "endereco": "Rua Adelino Franco, 45, Cazeca, Uberlândia, Minas Gerais, Brasil",
        "qtld": "20 D"
      }
    },
    {
      "type": "Feature",
      "geometry": {
        "type": "Point",
        "coordinates": [
          -48.26686412,
          -18.9186187
        ]
      },
      "properties": {
        "codigo": "C-19",
        "endereco": "Rua Joaquim Cordeiro, 1, Cazeca, Uberlândia, Minas Gerais, Brasil",
        "qtld": "6 D"
      }
    },
    {
      "type": "Feature",
      "geometry": {
        "type": "Point",
        "coordinates": [
          -48.2765885,
          -18.9121827
        ]
      },
      "properties": {
        "codigo": "C-2",
        "endereco": "Avenida Joao Pessoa, 357, Centro, Uberlândia, Minas Gerais, Brasil",
        "qtld": "41 B"
      }
    },
    {
      "type": "Feature",
      "geometry": {
        "type": "Point",
        "coordinates": [
          -48.2705117,
          -18.9215875
        ]
      },
      "properties": {
        "codigo": "C-20",
        "endereco": "Rua Tenente Virmondes, 1234, Lidice, Uberlândia, Minas Gerais, Brasil",
        "qtld": "14 C"
      }
    },
    {
      "type": "Feature",
      "geometry": {
        "type": "Point",
        "coordinates": [
          -48.27397093,
          -18.9213918
        ]
      },
      "properties": {
        "codigo": "C-21",
        "endereco": "Rua Machado de Assis, 995, Lidice, Uberlândia, Minas Gerais, Brasil",
        "qtld": "17 A"
      }
    },
    {
      "type": "Feature",
      "geometry": {
        "type": "Point",
        "coordinates": [
          -48.27347239,
          -18.9243732
        ]
      },
      "properties": {
        "codigo": "C-22",
        "endereco": "Rua Carajas, 1100, Lidice, Uberlândia, Minas Gerais, Brasil",
        "qtld": "35 D"
      }
    },
    {
      "type": "Feature",
      "geometry": {
        "type": "Point",
        "coordinates": [
          -48.2759218,
          -18.9245121
        ]
      },
      "properties": {
        "codigo": "C-23",
        "endereco": "Rua Prof. Mario Porto, 225, Lidice, Uberlândia, Minas Gerais, Brasil",
        "qtld": "42 A"
      }
    },
    {
      "type": "Feature",
      "geometry": {
        "type": "Point",
        "coordinates": [
          -48.27635488,
          -18.9274363
        ]
      },
      "properties": {
        "codigo": "C-24",
        "endereco": "Rua Jamil Tannus, 359, Lidice, Uberlândia, Minas Gerais, Brasil",
        "qtld": "61 A"
      }
    },
    {
      "type": "Feature",
      "geometry": {
        "type": "Point",
        "coordinates": [
          -48.27936504,
          -18.9242821
        ]
      },
      "properties": {
        "codigo": "C-25",
        "endereco": "Rua Barao de Camargos, 421, Lidice, Uberlândia, Minas Gerais, Brasil",
        "qtld": "69 B"
      }
    },
    {
      "type": "Feature",
      "geometry": {
        "type": "Point",
        "coordinates": [
          -48.28242901,
          -18.9214744
        ]
      },
      "properties": {
        "codigo": "C-26",
        "endereco": "Praça Adolfo Fonseca, 1, Fundinho, Uberlândia, Minas Gerais, Brasil",
        "qtld": "22 D"
      }
    },
    {
      "type": "Feature",
      "geometry": {
        "type": "Point",
        "coordinates": [
          -48.28199371,
          -18.9246342
        ]
      },
      "properties": {
        "codigo": "C-27",
        "endereco": "Praça Doutor Duarte, 1, Fundinho, Uberlândia, Minas Gerais, Brasil",
        "qtld": "9 C"
      }
    },
    {
      "type": "Feature",
      "geometry": {
        "type": "Point",
        "coordinates": [
          -48.28223947,
          -18.9273485
        ]
      },
      "properties": {
        "codigo": "C-28",
        "endereco": "Rua General Osorio, 257, Fundinho, Uberlândia, Minas Gerais, Brasil",
        "qtld": "13 D"
      }
    },
    {
      "type": "Feature",
      "geometry": {
        "type": "Point",
        "coordinates": [
          -48.28521663,
          -18.921558
        ]
      },
      "properties": {
        "codigo": "C-29",
        "endereco": "Rua Silva Jardim, 147, Fundinho, Uberlândia, Minas Gerais, Brasil",
        "qtld": "43 D"
      }
    },
    {
      "type": "Feature",
      "geometry": {
        "type": "Point",
        "coordinates": [
          -48.27895815,
          -18.915813
        ]
      },
      "properties": {
        "codigo": "C-3",
        "endereco": "Avenida Cipriano Del Favero, 659, Centro, Uberlândia, Minas Gerais, Brasil",
        "qtld": "62 D"
      }
    },
    {
      "type": "Feature",
      "geometry": {
        "type": "Point",
        "coordinates": [
          -48.27939498,
          -18.927452
        ]
      },
      "properties": {
        "codigo": "C-30",
        "endereco": "Avenida Nicomedes Alves Dos Santos, 400, Tabajaras, Uberlândia, Minas Gerais, Brasil",
        "qtld": "7 B"
      }
    },
    {
      "type": "Feature",
      "geometry": {
        "type": "Point",
        "coordinates": [
          -48.27937731,
          -18.9305342
        ]
      },
      "properties": {
        "codigo": "C-31",
        "endereco": "Avenida Rondon Pacheco, 1351, Tabajaras, Uberlândia, Minas Gerais, Brasil",
        "qtld": "12 B"
      }
    },
    {
      "type": "Feature",
      "geometry": {
        "type": "Point",
        "coordinates": [
          -48.28258333,
          -18.9304799
        ]
      },
      "properties": {
        "codigo": "C-32",
        "endereco": "Rua General Osório, 605, Tabajaras, Uberlândia, Minas Gerais, Brasil",
        "qtld": "13 B"
      }
    },
    {
      "type": "Feature",
      "geometry": {
        "type": "Point",
        "coordinates": [
          -48.28508323,
          -18.9304075
        ]
      },
      "properties": {
        "codigo": "C-33",
        "endereco": "Avenida Rondon Pacheco, 755, Tabajaras, Uberlândia, Minas Gerais, Brasil",
        "qtld": "21 C"
      }
    },
    {
      "type": "Feature",
      "geometry": {
        "type": "Point",
        "coordinates": [
          -48.28834982,
          -18.9304938
        ]
      },
      "properties": {
        "codigo": "C-34",
        "endereco": "Rua da Carioca, 225, Tabajaras, Uberlândia, Minas Gerais, Brasil",
        "qtld": "69 D"
      }
    },
    {
      "type": "Feature",
      "geometry": {
        "type": "Point",
        "coordinates": [
          -48.29423772,
          -18.9274376
        ]
      },
      "properties": {
        "codigo": "C-35",
        "endereco": "Rua Laguna, 164, Tabajaras, Uberlândia, Minas Gerais, Brasil",
        "qtld": "119 D"
      }
    },
    {
      "type": "Feature",
      "geometry": {
        "type": "Point",
        "coordinates": [
          -48.29136426,
          -18.9279616
        ]
      },
      "properties": {
        "codigo": "C-36",
        "endereco": "Rua Coronel Severiano, 951, Tabajaras, Uberlândia, Minas Gerais, Brasil",
        "qtld": "101 B"
      }
    },
    {
      "type": "Feature",
      "geometry": {
        "type": "Point",
        "coordinates": [
          -48.28853721,
          -18.9275164
        ]
      },
      "properties": {
        "codigo": "C-37",
        "endereco": "Rua Olavo Bilac, 490, Tabajaras, Uberlândia, Minas Gerais, Brasil",
        "qtld": "62 A"
      }
    },
    {
      "type": "Feature",
      "geometry": {
        "type": "Point",
        "coordinates": [
          -48.28550695,
          -18.9274754
        ]
      },
      "properties": {
        "codigo": "C-38",
        "endereco": "Rua Benjamin Monteiro, 83, Tabajaras, Uberlândia, Minas Gerais, Brasil",
        "qtld": "26 C"
      }
    },
    {
      "type": "Feature",
      "geometry": {
        "type": "Point",
        "coordinates": [
          -48.28549171,
          -18.9244896
        ]
      },
      "properties": {
        "codigo": "C-39",
        "endereco": "Rua Quinze de Novembro, 327, Tabajaras, Uberlândia, Minas Gerais, Brasil",
        "qtld": "40 A"
      }
    },
    {
      "type": "Feature",
      "geometry": {
        "type": "Point",
        "coordinates": [
          -48.28239261,
          -18.9185494
        ]
      },
      "properties": {
        "codigo": "C-4",
        "endereco": "Rua Olegario Maciel, 212, Centro, Uberlândia, Minas Gerais, Brasil",
        "qtld": "93 C"
      }
    },
    {
      "type": "Feature",
      "geometry": {
        "type": "Point",
        "coordinates": [
          -48.28831723,
          -18.9246407
        ]
      },
      "properties": {
        "codigo": "C-40",
        "endereco": "Praça Coronel Virgilio Rodrigues da Cunha, 1, Tabajaras, Uberlândia, Minas Gerais, Brasil",
        "qtld": "55 C"
      }
    },
    {
      "type": "Feature",
      "geometry": {
        "type": "Point",
        "coordinates": [
          -48.2912672,
          -18.924512
        ]
      },
      "properties": {
        "codigo": "C-41",
        "endereco": "Rua Coelho Neto, 77, Tabajaras, Uberlândia, Minas Gerais, Brasil",
        "qtld": "90 C"
      }
    },
    {
      "type": "Feature",
      "geometry": {
        "type": "Point",
        "coordinates": [
          -48.29433009,
          -18.9247866
        ]
      },
      "properties": {
        "codigo": "C-42",
        "endereco": "Rua Varginha, 22, Daniel Fonseca, Uberlândia, Minas Gerais, Brasil",
        "qtld": "2 C"
      }
    },
    {
      "type": "Feature",
      "geometry": {
        "type": "Point",
        "coordinates": [
          -48.297411,
          -18.924607
        ]
      },
      "properties": {
        "codigo": "C-43",
        "endereco": "Avenida Geraldo Mota Batista, 12, Daniel Fonseca, Uberlândia, Minas Gerais, Brasil",
        "qtld": "4 B"
      }
    },
    {
      "type": "Feature",
      "geometry": {
        "type": "Point",
        "coordinates": [
          -48.29726904,
          -18.9217472
        ]
      },
      "properties": {
        "codigo": "C-44",
        "endereco": "Rua Varginha, 539, Daniel Fonseca, Uberlândia, Minas Gerais, Brasil",
        "qtld": "13 A"
      }
    },
    {
      "type": "Feature",
      "geometry": {
        "type": "Point",
        "coordinates": [
          -48.2972689,
          -18.9185391
        ]
      },
      "properties": {
        "codigo": "C-45",
        "endereco": "Avenida Marcos De Freitas Costa, 877, Daniel Fonseca, Uberlândia, Minas Gerais, Brasil",
        "qtld": "20 C"
      }
    },
    {
      "type": "Feature",
      "geometry": {
        "type": "Point",
        "coordinates": [
          -48.30026934,
          -18.9188966
        ]
      },
      "properties": {
        "codigo": "C-46",
        "endereco": "Avenida Brigadeiro Sampaio, 227, Daniel Fonseca, Uberlândia, Minas Gerais, Brasil",
        "qtld": "24 D"
      }
    },
    {
      "type": "Feature",
      "geometry": {
        "type": "Point",
        "coordinates": [
          -48.30339539,
          -18.9188107
        ]
      },
      "properties": {
        "codigo": "C-47",
        "endereco": "Rua Leoncio Chaves, 243, Daniel Fonseca, Uberlândia, Minas Gerais, Brasil",
        "qtld": "41 C"
      }
    },
    {
      "type": "Feature",
      "geometry": {
        "type": "Point",
        "coordinates": [
          -48.30352691,
          -18.9156617
        ]
      },
      "properties": {
        "codigo": "C-48",
        "endereco": "Rua Monlevade, 1305, Daniel Fonseca, Uberlândia, Minas Gerais, Brasil",
        "qtld": "43 D"
      }
    },
    {
      "type": "Feature",
      "geometry": {
        "type": "Point",
        "coordinates": [
          -48.30031355,
          -18.9156397
        ]
      },
      "properties": {
        "codigo": "C-49",
        "endereco": "Rua Tomazinho Rezende, 1102, Daniel Fonseca, Uberlândia, Minas Gerais, Brasil",
        "qtld": "37 D"
      }
    },
    {
      "type": "Feature",
      "geometry": {
        "type": "Point",
        "coordinates": [
          -48.27935175,
          -18.918525
        ]
      },
      "properties": {
        "codigo": "C-5",
        "endereco": "Avenida Joao Pinheiro, 532, Centro, Uberlândia, Minas Gerais, Brasil",
        "qtld": "68 A"
      }
    },
    {
      "type": "Feature",
      "geometry": {
        "type": "Point",
        "coordinates": [
          -48.3030085,
          -18.9128493
        ]
      },
      "properties": {
        "codigo": "C-50",
        "endereco": "Rua Tomazinho Rezende, 1531, Daniel Fonseca, Uberlândia, Minas Gerais, Brasil",
        "qtld": "49 A"
      }
    },
    {
      "type": "Feature",
      "geometry": {
        "type": "Point",
        "coordinates": [
          -48.306235,
          -18.912571
        ]
      },
      "properties": {
        "codigo": "C-51",
        "endereco": "Avenida Geraldo Mota Batista, 11, Daniel Fonseca, Uberlândia, Minas Gerais, Brasil",
        "qtld": "54 C"
      }
    },
    {
      "type": "Feature",
      "geometry": {
        "type": "Point",
        "coordinates": [
          -48.3001959,
          -18.9125514
        ]
      },
      "properties": {
        "codigo": "C-52",
        "endereco": "Rua Ibia, 361, Osvaldo Rezende, Uberlândia, Minas Gerais, Brasil",
        "qtld": "132 A"
      }
    },
    {
      "type": "Feature",
      "geometry": {
        "type": "Point",
        "coordinates": [
          -48.30050153,
          -18.9096648
        ]
      },
      "properties": {
        "codigo": "C-53",
        "endereco": "Rua Antonio Thomas de Rezende, 1, Osvaldo Rezende, Uberlândia, Minas Gerais, Brasil",
        "qtld": "190 D"
      }
    },
    {
      "type": "Feature",
      "geometry": {
        "type": "Point",
        "coordinates": [
          -48.29775431,
          -18.9091451
        ]
      },
      "properties": {
        "codigo": "C-54",
        "endereco": "Rua Indianopolis, 2210, Osvaldo Rezende, Uberlândia, Minas Gerais, Brasil",
        "qtld": "195 B"
      }
    },
    {
      "type": "Feature",
      "geometry": {
        "type": "Point",
        "coordinates": [
          -48.29426273,
          -18.9095912
        ]
      },
      "properties": {
        "codigo": "C-55",
        "endereco": "Rua Monte Carmelo, 1765, Osvaldo Rezende, Uberlândia, Minas Gerais, Brasil",
        "qtld": "168 D"
      }
    },
    {
      "type": "Feature",
      "geometry": {
        "type": "Point",
        "coordinates": [
          -48.29443208,
          -18.9066236
        ]
      },
      "properties": {
        "codigo": "C-56",
        "endereco": "Avenida Engenheiro Azeli, 1364, Osvaldo Rezende, Uberlândia, Minas Gerais, Brasil",
        "qtld": "205 B"
      }
    },
    {
      "type": "Feature",
      "geometry": {
        "type": "Point",
        "coordinates": [
          -48.29140488,
          -18.9066035
        ]
      },
      "properties": {
        "codigo": "C-57",
        "endereco": "Rua Conquista, 423, Osvaldo Rezende, Uberlândia, Minas Gerais, Brasil",
        "qtld": "209 B"
      }
    },
    {
      "type": "Feature",
      "geometry": {
        "type": "Point",
        "coordinates": [
          -48.29152316,
          -18.9095543
        ]
      },
      "properties": {
        "codigo": "C-58",
        "endereco": "Rua Estrela do Sul, 1906, Osvaldo Rezende, Uberlândia, Minas Gerais, Brasil",
        "qtld": "164 B"
      }
    },
    {
      "type": "Feature",
      "geometry": {
        "type": "Point",
        "coordinates": [
          -48.28825732,
          -18.9097709
        ]
      },
      "properties": {
        "codigo": "C-59",
        "endereco": "Avenida Sacramento, 786, Osvaldo Rezende, Uberlândia, Minas Gerais, Brasil",
        "qtld": "155 A"
      }
    },
    {
      "type": "Feature",
      "geometry": {
        "type": "Point",
        "coordinates": [
          -48.27930759,
          -18.9215477
        ]
      },
      "properties": {
        "codigo": "C-6",
        "endereco": "Rua Santos Dumont, 517, Centro, Uberlândia, Minas Gerais, Brasil",
        "qtld": "83 C"
      }
    },
    {
      "type": "Feature",
      "geometry": {
        "type": "Point",
        "coordinates": [
          -48.28841483,
          -18.9132013
        ]
      },
      "properties": {
        "codigo": "C-60",
        "endereco": "Avenida Fernando Vilela, 1426, Osvaldo Rezende, Uberlândia, Minas Gerais, Brasil",
        "qtld": "114 B"
      }
    },
    {
      "type": "Feature",
      "geometry": {
        "type": "Point",
        "coordinates": [
          -48.29140385,
          -18.91274456
        ]
      },
      "properties": {
        "codigo": "C-61",
        "endereco": "Rua Padre Pio, 903, Osvaldo Rezende, Uberlândia, Minas Gerais, Brasil",
        "qtld": "120 C"
      }
    },
    {
      "type": "Feature",
      "geometry": {
        "type": "Point",
        "coordinates": [
          -48.29441487,
          -18.91267801
        ]
      },
      "properties": {
        "codigo": "C-62",
        "endereco": "Avenida Araguari, 1915, Osvaldo Rezende, Uberlândia, Minas Gerais, Brasil",
        "qtld": "125 C"
      }
    },
    {
      "type": "Feature",
      "geometry": {
        "type": "Point",
        "coordinates": [
          -48.29730213,
          -18.91248497
        ]
      },
      "properties": {
        "codigo": "C-63",
        "endereco": "Rua Aymores, 116, Osvaldo Rezende, Uberlândia, Minas Gerais, Brasil",
        "qtld": "136 D"
      }
    },
    {
      "type": "Feature",
      "geometry": {
        "type": "Point",
        "coordinates": [
          -48.29695443,
          -18.91589479
        ]
      },
      "properties": {
        "codigo": "C-64",
        "endereco": "Avenida Fernando Vilela, 2223, Osvaldo Rezende, Uberlândia, Minas Gerais, Brasil",
        "qtld": "83 A"
      }
    },
    {
      "type": "Feature",
      "geometry": {
        "type": "Point",
        "coordinates": [
          -48.29429773,
          -18.91562907
        ]
      },
      "properties": {
        "codigo": "C-65",
        "endereco": "Rua Poços de Caldas, 836, Osvaldo Rezende, Uberlândia, Minas Gerais, Brasil",
        "qtld": "90 A"
      }
    },
    {
      "type": "Feature",
      "geometry": {
        "type": "Point",
        "coordinates": [
          -48.29138133,
          -18.91518307
        ]
      },
      "properties": {
        "codigo": "C-66",
        "endereco": "Avenida Belo Horizonte, 1300, Osvaldo Rezende, Uberlândia, Minas Gerais, Brasil",
        "qtld": "98 D"
      }
    },
    {
      "type": "Feature",
      "geometry": {
        "type": "Point",
        "coordinates": [
          -48.2882336,
          -18.91565032
        ]
      },
      "properties": {
        "codigo": "C-67",
        "endereco": "Avenida Vasconcelos Costa, 1281, Osvaldo Rezende, Uberlândia, Minas Gerais, Brasil",
        "qtld": "58 B"
      }
    },
    {
      "type": "Feature",
      "geometry": {
        "type": "Point",
        "coordinates": [
          -48.28548608,
          -18.91846261
        ]
      },
      "properties": {
        "codigo": "C-68",
        "endereco": "Rua Francisco Sales, 455, Osvaldo Rezende, Uberlândia, Minas Gerais, Brasil",
        "qtld": "2 B"
      }
    },
    {
      "type": "Feature",
      "geometry": {
        "type": "Point",
        "coordinates": [
          -48.28851572,
          -18.91844764
        ]
      },
      "properties": {
        "codigo": "C-69",
        "endereco": "Rua Rafael Rinaldi, 281, Osvaldo Rezende, Uberlândia, Minas Gerais, Brasil",
        "qtld": "46 A"
      }
    },
    {
      "type": "Feature",
      "geometry": {
        "type": "Point",
        "coordinates": [
          -48.2762934,
          -18.92173741
        ]
      },
      "properties": {
        "codigo": "C-7",
        "endereco": "Avenida Cesario Alvim, 146, Centro, Uberlândia, Minas Gerais, Brasil",
        "qtld": "77 E"
      }
    },
    {
      "type": "Feature",
      "geometry": {
        "type": "Point",
        "coordinates": [
          -48.29135872,
          -18.91865341
        ]
      },
      "properties": {
        "codigo": "C-70",
        "endereco": "Avenida Paes Leme, 561, Osvaldo Rezende, Uberlândia, Minas Gerais, Brasil",
        "qtld": "40 C"
      }
    },
    {
      "type": "Feature",
      "geometry": {
        "type": "Point",
        "coordinates": [
          -48.29439343,
          -18.9187016
        ]
      },
      "properties": {
        "codigo": "C-71",
        "endereco": "Rua Lambari, 385, Osvaldo Rezende, Uberlândia, Minas Gerais, Brasil",
        "qtld": "74 C"
      }
    },
    {
      "type": "Feature",
      "geometry": {
        "type": "Point",
        "coordinates": [
          -48.29410217,
          -18.92163343
        ]
      },
      "properties": {
        "codigo": "C-72",
        "endereco": "Avenida Marcos de Freitas Costa, 1, Osvaldo Rezende, Uberlândia, Minas Gerais, Brasil",
        "qtld": "20 A"
      }
    },
    {
      "type": "Feature",
      "geometry": {
        "type": "Point",
        "coordinates": [
          -48.29136183,
          -18.92152063
        ]
      },
      "properties": {
        "codigo": "C-73",
        "endereco": "Rua Araxa, 452, Osvaldo Rezende, Uberlândia, Minas Gerais, Brasil",
        "qtld": "22 A"
      }
    },
    {
      "type": "Feature",
      "geometry": {
        "type": "Point",
        "coordinates": [
          -48.28838484,
          -18.92163342
        ]
      },
      "properties": {
        "codigo": "C-74",
        "endereco": "Rua Padre Pio, 46, Osvaldo Rezende, Uberlândia, Minas Gerais, Brasil",
        "qtld": "10 C"
      }
    },
    {
      "type": "Feature",
      "geometry": {
        "type": "Point",
        "coordinates": [
          -48.28538613,
          -18.91558703
        ]
      },
      "properties": {
        "codigo": "C-75",
        "endereco": "Rua Alexandre Marquez, 851, Martins, Uberlândia, Minas Gerais, Brasil",
        "qtld": "106 D"
      }
    },
    {
      "type": "Feature",
      "geometry": {
        "type": "Point",
        "coordinates": [
          -48.28244959,
          -18.91551839
        ]
      },
      "properties": {
        "codigo": "C-76",
        "endereco": "Rua Bernardo Cupertino, 438, Martins, Uberlândia, Minas Gerais, Brasil",
        "qtld": "72 B"
      }
    },
    {
      "type": "Feature",
      "geometry": {
        "type": "Point",
        "coordinates": [
          -48.27938799,
          -18.91261133
        ]
      },
      "properties": {
        "codigo": "C-77",
        "endereco": "Avenida Vasconcelos Costa, 270, Martins, Uberlândia, Minas Gerais, Brasil",
        "qtld": "35 D"
      }
    },
    {
      "type": "Feature",
      "geometry": {
        "type": "Point",
        "coordinates": [
          -48.28246288,
          -18.91250485
        ]
      },
      "properties": {
        "codigo": "C-78",
        "endereco": "Avenida Belo Horizonte, 574, Martins, Uberlândia, Minas Gerais, Brasil",
        "qtld": "62 D"
      }
    },
    {
      "type": "Feature",
      "geometry": {
        "type": "Point",
        "coordinates": [
          -48.28535613,
          -18.91255289
        ]
      },
      "properties": {
        "codigo": "C-79",
        "endereco": "Avenida Fernando Vilela, 1125, Martins, Uberlândia, Minas Gerais, Brasil",
        "qtld": "92 B"
      }
    },
    {
      "type": "Feature",
      "geometry": {
        "type": "Point",
        "coordinates": [
          -48.27635216,
          -18.91876014
        ]
      },
      "properties": {
        "codigo": "C-8",
        "endereco": "Avenida Floriano Peixoto, 515, Centro, Uberlândia, Minas Gerais, Brasil",
        "qtld": "70 A"
      }
    },
    {
      "type": "Feature",
      "geometry": {
        "type": "Point",
        "coordinates": [
          -48.28575192,
          -18.90958726
        ]
      },
      "properties": {
        "codigo": "C-80",
        "endereco": "Praca Nicolau Feres, Praça, Martins, Uberlândia, Minas Gerais, Brasil",
        "qtld": "88 C"
      }
    },
    {
      "type": "Feature",
      "geometry": {
        "type": "Point",
        "coordinates": [
          -48.28236947,
          -18.90955339
        ]
      },
      "properties": {
        "codigo": "C-81",
        "endereco": "Rua Vieira Goncalves, 634, Martins, Uberlândia, Minas Gerais, Brasil",
        "qtld": "46 C"
      }
    },
    {
      "type": "Feature",
      "geometry": {
        "type": "Point",
        "coordinates": [
          -48.27940739,
          -18.90952012
        ]
      },
      "properties": {
        "codigo": "C-82",
        "endereco": "Avenida Engenheiro Diniz, 473, Martins, Uberlândia, Minas Gerais, Brasil",
        "qtld": "18 C"
      }
    },
    {
      "type": "Feature",
      "geometry": {
        "type": "Point",
        "coordinates": [
          -48.27922997,
          -18.90680951
        ]
      },
      "properties": {
        "codigo": "C-83",
        "endereco": "Avenida Sacramento, 1593, Martins, Uberlândia, Minas Gerais, Brasil",
        "qtld": "5 C"
      }
    },
    {
      "type": "Feature",
      "geometry": {
        "type": "Point",
        "coordinates": [
          -48.28266144,
          -18.90688115
        ]
      },
      "properties": {
        "codigo": "C-84",
        "endereco": "Avenida Estrela do Sul, 758, Martins, Uberlândia, Minas Gerais, Brasil",
        "qtld": "49 A"
      }
    },
    {
      "type": "Feature",
      "geometry": {
        "type": "Point",
        "coordinates": [
          -48.28550536,
          -18.9064535
        ]
      },
      "properties": {
        "codigo": "C-85",
        "endereco": "Praca da Biblia, 239, Martins, Uberlândia, Minas Gerais, Brasil",
        "qtld": "83 C"
      }
    },
    {
      "type": "Feature",
      "geometry": {
        "type": "Point",
        "coordinates": [
          -48.28826773,
          -18.90654675
        ]
      },
      "properties": {
        "codigo": "C-86",
        "endereco": "Rua Indianopolis, 1177, Martins, Uberlândia, Minas Gerais, Brasil",
        "qtld": "117 D"
      }
    },
    {
      "type": "Feature",
      "geometry": {
        "type": "Point",
        "coordinates": [
          -48.28154589,
          -18.90391131
        ]
      },
      "properties": {
        "codigo": "C-87",
        "endereco": "Rua Aldo de Souza, 287, Martins, Uberlândia, Minas Gerais, Brasil",
        "qtld": "24 C"
      }
    },
    {
      "type": "Feature",
      "geometry": {
        "type": "Point",
        "coordinates": [
          -48.27919998,
          -18.90362975
        ]
      },
      "properties": {
        "codigo": "C-88",
        "endereco": "Avenida Professora Minervina Candido Oliveira, 1970, Bom Jesus, Uberlândia, Minas Gerais, Brasil",
        "qtld": "63 C"
      }
    },
    {
      "type": "Feature",
      "geometry": {
        "type": "Point",
        "coordinates": [
          -48.27600467,
          -18.90324669
        ]
      },
      "properties": {
        "codigo": "C-89",
        "endereco": "Rua Itumbiara, 128, Bom Jesus, Uberlândia, Minas Gerais, Brasil",
        "qtld": "41 E"
      }
    },
    {
      "type": "Feature",
      "geometry": {
        "type": "Point",
        "coordinates": [
          -48.27636469,
          -18.91562738
        ]
      },
      "properties": {
        "codigo": "C-9",
        "endereco": "Rua Coronel Antonio Alves Pereira, 271, Centro, Uberlândia, Minas Gerais, Brasil",
        "qtld": "44 D"
      }
    },
    {
      "type": "Feature",
      "geometry": {
        "type": "Point",
        "coordinates": [
          -48.27611423,
          -18.90692139
        ]
      },
      "properties": {
        "codigo": "C-90",
        "endereco": "Avenida Araguari, 110, Bom Jesus, Uberlândia, Minas Gerais, Brasil",
        "qtld": "57 D"
      }
    },
    {
      "type": "Feature",
      "geometry": {
        "type": "Point",
        "coordinates": [
          -48.27338402,
          -18.90368418
        ]
      },
      "properties": {
        "codigo": "C-91",
        "endereco": "Rua Marciano De Avila, 402, Bom Jesus, Uberlândia, Minas Gerais, Brasil",
        "qtld": "34 A"
      }
    },
    {
      "type": "Feature",
      "geometry": {
        "type": "Point",
        "coordinates": [
          -48.27347764,
          -18.90067929
        ]
      },
      "properties": {
        "codigo": "C-92",
        "endereco": "Rua Jatai, 201, Bom Jesus, Uberlândia, Minas Gerais, Brasil",
        "qtld": "18 B"
      }
    },
    {
      "type": "Feature",
      "geometry": {
        "type": "Point",
        "coordinates": [
          -48.2703116,
          -18.89782302
        ]
      },
      "properties": {
        "codigo": "C-93",
        "endereco": "Avenida Márciano de Ávila, 1129, Bom Jesus, Uberlândia, Minas Gerais, Brasil",
        "qtld": "2 D"
      }
    },
    {
      "type": "Feature",
      "geometry": {
        "type": "Point",
        "coordinates": [
          -48.27328558,
          -18.91008419
        ]
      },
      "properties": {
        "codigo": "C-94",
        "endereco": "Avenida Joao Pinheiro, 1513, Nossa Senhora Aparecida, Uberlândia, Minas Gerais, Brasil",
        "qtld": "3"
      }
    },
    {
      "type": "Feature",
      "geometry": {
        "type": "Point",
        "coordinates": [
          -48.27044221,
          -18.9098782
        ]
      },
      "properties": {
        "codigo": "C-95",
        "endereco": "Rua Tupaciguara, 445, Nossa Senhora Aparecida, Uberlândia, Minas Gerais, Brasil",
        "qtld": "23"
      }
    },
    {
      "type": "Feature",
      "geometry": {
        "type": "Point",
        "coordinates": [
          -48.26744203,
          -18.91255217
        ]
      },
      "properties": {
        "codigo": "C-96",
        "endereco": "Rua Benjamin Constant, 633, Nossa Senhora Aparecida, Uberlândia, Minas Gerais, Brasil",
        "qtld": "11"
      }
    },
    {
      "type": "Feature",
      "geometry": {
        "type": "Point",
        "coordinates": [
          -48.26748757,
          -18.90981841
        ]
      },
      "properties": {
        "codigo": "C-97",
        "endereco": "Avenida Cesario Alvim, 1788, Nossa Senhora Aparecida, Uberlândia, Minas Gerais, Brasil",
        "qtld": "44"
      }
    },
    {
      "type": "Feature",
      "geometry": {
        "type": "Point",
        "coordinates": [
          -48.26429326,
          -18.90957756
        ]
      },
      "properties": {
        "codigo": "C-98",
        "endereco": "Rua Jeronimo Placido Da Silva, 55, Nossa Senhora Aparecida, Uberlândia, Minas Gerais, Brasil",
        "qtld": "52"
      }
    },
    {
      "type": "Feature",
      "geometry": {
        "type": "Point",
        "coordinates": [
          -48.26167099,
          -18.90657375
        ]
      },
      "properties": {
        "codigo": "C-99",
        "endereco": "Avenida Rondon Pacheco, 4719, Nossa Senhora Aparecida, Uberlândia, Minas Gerais, Brasil",
        "qtld": "108"
      }
    },
    {
      "type": "Feature",
      "geometry": {
        "type": "Point",
        "coordinates": [
          -48.37161478,
          -1873207058
        ]
      },
      "properties": {
        "codigo": "D-1",
        "endereco": "Rua Domingues Tavares, 60, Distrito Cruzeiro dos Peixotos, Uberlândia, Minas Gerais, Brasil",
        "qtld": "4 C"
      }
    },
    {
      "type": "Feature",
      "geometry": {
        "type": "Point",
        "coordinates": [
          -47.93313983,
          -1914548842
        ]
      },
      "properties": {
        "codigo": "D-10",
        "endereco": "Rua Medeiro, 29, Distrito Tapuirama, Uberlândia, Minas Gerais, Brasil",
        "qtld": "44 C"
      }
    },
    {
      "type": "Feature",
      "geometry": {
        "type": "Point",
        "coordinates": [
          -47.93522717,
          -191481419
        ]
      },
      "properties": {
        "codigo": "D-11",
        "endereco": "Avenida Adolfo Fonseca, 1360, Distrito Tapuirama, Uberlândia, Minas Gerais, Brasil",
        "qtld": "48 B"
      }
    },
    {
      "type": "Feature",
      "geometry": {
        "type": "Point",
        "coordinates": [
          -47.9360949,
          -1914597731
        ]
      },
      "properties": {
        "codigo": "D-12",
        "endereco": "Rua Medeiros, 264, Distrito Tapuirama, Uberlândia, Minas Gerais, Brasil",
        "qtld": "31 B"
      }
    },
    {
      "type": "Feature",
      "geometry": {
        "type": "Point",
        "coordinates": [
          -48.38496049,
          -1874489788
        ]
      },
      "properties": {
        "codigo": "D-120",
        "endereco": "Rua Alvorada, 88, Comunidade Paraíso, Uberlândia, Minas Gerais, Brasil",
        "qtld": "4 B"
      }
    },
    {
      "type": "Feature",
      "geometry": {
        "type": "Point",
        "coordinates": [
          -48.38640609,
          -1874801808
        ]
      },
      "properties": {
        "codigo": "D-121",
        "endereco": "Rua Alvorada, 130, Comunidade Paraíso, Uberlândia, Minas Gerais, Brasil",
        "qtld": "4 C"
      }
    },
    {
      "type": "Feature",
      "geometry": {
        "type": "Point",
        "coordinates": [
          -48.38982215,
          -1875198125
        ]
      },
      "properties": {
        "codigo": "D-122",
        "endereco": "Rua Comunitaria, 140, Comunidade Paraíso, Uberlândia, Minas Gerais, Brasil",
        "qtld": "7 B"
      }
    },
    {
      "type": "Feature",
      "geometry": {
        "type": "Point",
        "coordinates": [
          -48.39362281,
          -1875651723
        ]
      },
      "properties": {
        "codigo": "D-125",
        "endereco": "Rua Comunitaria, 391, Comunidade Paraiso, Uberlândia, Minas Gerais, Brasil",
        "qtld": "13 A"
      }
    },
    {
      "type": "Feature",
      "geometry": {
        "type": "Point",
        "coordinates": [
          -48.39513256,
          -1876056586
        ]
      },
      "properties": {
        "codigo": "D-126",
        "endereco": "Rua Comunitaria, 216, Comunidade Paraiso, Uberlândia, Minas Gerais, Brasil",
        "qtld": "10 C"
      }
    },
    {
      "type": "Feature",
      "geometry": {
        "type": "Point",
        "coordinates": [
          -47.93026142,
          -1914957893
        ]
      },
      "properties": {
        "codigo": "D-13",
        "endereco": "Cemitério de Tapuirama, 1, Distrito Tapuirama, Uberlândia, Minas Gerais, Brasil",
        "qtld": "51 A"
      }
    },
    {
      "type": "Feature",
      "geometry": {
        "type": "Point",
        "coordinates": [
          -484285178,
          -1925363198
        ]
      },
      "properties": {
        "codigo": "D-14",
        "endereco": "Avenida Do Comercio, 225, Distrito Miraporanga, Uberlândia, Minas Gerais, Brasil",
        "qtld": "6 C"
      }
    },
    {
      "type": "Feature",
      "geometry": {
        "type": "Point",
        "coordinates": [
          -48428888,
          -1925610355
        ]
      },
      "properties": {
        "codigo": "D-15",
        "endereco": "Rua Da Direita, 310, Distrito Miraporanga, Uberlândia, Minas Gerais, Brasil",
        "qtld": "18 A"
      }
    },
    {
      "type": "Feature",
      "geometry": {
        "type": "Point",
        "coordinates": [
          -4842588999,
          -192538133
        ]
      },
      "properties": {
        "codigo": "D-17",
        "endereco": "Rua Da Abadia, 80, Distrito Miraporanga, Uberlândia, Minas Gerais, Brasil",
        "qtld": "4 B"
      }
    },
    {
      "type": "Feature",
      "geometry": {
        "type": "Point",
        "coordinates": [
          -4840029427,
          -1872925202
        ]
      },
      "properties": {
        "codigo": "D-185",
        "endereco": "Rod. Neuza Rezende, 310, Ranchão, Uberlândia, Minas Gerais, Brasil",
        "qtld": "3A"
      }
    },
    {
      "type": "Feature",
      "geometry": {
        "type": "Point",
        "coordinates": [
          -48.36925237,
          -1873034228
        ]
      },
      "properties": {
        "codigo": "D-2",
        "endereco": "Avenida Sol Nascente, 298, Distrito Cruzeiro dos Peixotos, Uberlândia, Minas Gerais, Brasil",
        "qtld": "15 D"
      }
    },
    {
      "type": "Feature",
      "geometry": {
        "type": "Point",
        "coordinates": [
          -48.36865936,
          -1872753927
        ]
      },
      "properties": {
        "codigo": "D-3",
        "endereco": "Rua da Educacao, 115, Distrito Cruzeiro dos Peixotos, Uberlândia, Minas Gerais, Brasil",
        "qtld": "20 B"
      }
    },
    {
      "type": "Feature",
      "geometry": {
        "type": "Point",
        "coordinates": [
          -4841920775,
          -1874417881
        ]
      },
      "properties": {
        "codigo": "D-4",
        "endereco": "Avenida dos Direitos, 287, Distrito Martinesia, Uberlândia, Minas Gerais, Brasil",
        "qtld": "3 D"
      }
    },
    {
      "type": "Feature",
      "geometry": {
        "type": "Point",
        "coordinates": [
          -4841847617,
          -1874806235
        ]
      },
      "properties": {
        "codigo": "D-5",
        "endereco": "Avenida Central, 139, Distrito Martinesia, Uberlândia, Minas Gerais, Brasil",
        "qtld": "12 D"
      }
    },
    {
      "type": "Feature",
      "geometry": {
        "type": "Point",
        "coordinates": [
          -4842141655,
          -1874993424
        ]
      },
      "properties": {
        "codigo": "D-6",
        "endereco": "Avenida Central, 498, Distrito Martinesia, Uberlândia, Minas Gerais, Brasil",
        "qtld": "20 A"
      }
    },
    {
      "type": "Feature",
      "geometry": {
        "type": "Point",
        "coordinates": [
          -48.38351338,
          -1874276603
        ]
      },
      "properties": {
        "codigo": "D-7",
        "endereco": "Rua Alvorada, 43, Comunidade Paraíso, Uberlândia, Minas Gerais, Brasil",
        "qtld": "1 E"
      }
    },
    {
      "type": "Feature",
      "geometry": {
        "type": "Point",
        "coordinates": [
          -47.93581159,
          -1913998688
        ]
      },
      "properties": {
        "codigo": "D-8",
        "endereco": "Avenida Jose Pedro Abalem, 542, Distrito Tapuirama, Uberlândia, Minas Gerais, Brasil",
        "qtld": "8 B"
      }
    },
    {
      "type": "Feature",
      "geometry": {
        "type": "Point",
        "coordinates": [
          -47.93572703,
          -1914266778
        ]
      },
      "properties": {
        "codigo": "D-9",
        "endereco": "Rua Rangel, 368, Distrito Tapuirama, Uberlândia, Minas Gerais, Brasil",
        "qtld": "7 C"
      }
    },
    {
      "type": "Feature",
      "geometry": {
        "type": "Point",
        "coordinates": [
          -48.25244054,
          -18.89528976
        ]
      },
      "properties": {
        "codigo": "L-1",
        "endereco": "Avenida Rondon Pacheco, 7070, Tibery, Uberlândia, Minas Gerais, Brasil",
        "qtld": "140 C"
      }
    },
    {
      "type": "Feature",
      "geometry": {
        "type": "Point",
        "coordinates": [
          -48.25550838,
          -18.90953652
        ]
      },
      "properties": {
        "codigo": "L-10",
        "endereco": "Rua da Bandeira, 1, Tibery, Uberlândia, Minas Gerais, Brasil",
        "qtld": "259 A"
      }
    },
    {
      "type": "Feature",
      "geometry": {
        "type": "Point",
        "coordinates": [
          -48.25269183,
          -18.92489593
        ]
      },
      "properties": {
        "codigo": "L-100",
        "endereco": "Rua Professora Nilda de Sao Jose, 88, Santa Monica, Uberlândia, Minas Gerais, Brasil",
        "qtld": "331 D"
      }
    },
    {
      "type": "Feature",
      "geometry": {
        "type": "Point",
        "coordinates": [
          -48.2556161,
          -18.92480624
        ]
      },
      "properties": {
        "codigo": "L-101",
        "endereco": "Avenida Cesar Finotti, 1, Santa Monica, Uberlândia, Minas Gerais, Brasil",
        "qtld": "360 B"
      }
    },
    {
      "type": "Feature",
      "geometry": {
        "type": "Point",
        "coordinates": [
          -48.25858936,
          -18.92467972
        ]
      },
      "properties": {
        "codigo": "L-102",
        "endereco": "Rua Professor Joao Luiz, 65, Santa Monica, Uberlândia, Minas Gerais, Brasil",
        "qtld": "381 C"
      }
    },
    {
      "type": "Feature",
      "geometry": {
        "type": "Point",
        "coordinates": [
          -48.26139067,
          -18.92448268
        ]
      },
      "properties": {
        "codigo": "L-103",
        "endereco": "Rua Joaquina Porello Dias, 97, Santa Monica, Uberlândia, Minas Gerais, Brasil",
        "qtld": "389 E"
      }
    },
    {
      "type": "Feature",
      "geometry": {
        "type": "Point",
        "coordinates": [
          -48.25012586,
          -18.92771778
        ]
      },
      "properties": {
        "codigo": "L-106",
        "endereco": "Av.João Naves De Avila, 4205, Santa Monica, Uberlândia, Minas Gerais, Brasil",
        "qtld": "301 B"
      }
    },
    {
      "type": "Feature",
      "geometry": {
        "type": "Point",
        "coordinates": [
          -48.24682737,
          -18.92749657
        ]
      },
      "properties": {
        "codigo": "L-107",
        "endereco": "Rua Jorge Martins Pinto, 1718, Santa Monica, Uberlândia, Minas Gerais, Brasil",
        "qtld": "277 C"
      }
    },
    {
      "type": "Feature",
      "geometry": {
        "type": "Point",
        "coordinates": [
          -48.24366677,
          -18.92762353
        ]
      },
      "properties": {
        "codigo": "L-108",
        "endereco": "Avenida Francisco Ribeiro, 708, Santa Monica, Uberlândia, Minas Gerais, Brasil",
        "qtld": "247 C"
      }
    },
    {
      "type": "Feature",
      "geometry": {
        "type": "Point",
        "coordinates": [
          -48.24067905,
          -18.92753429
        ]
      },
      "properties": {
        "codigo": "L-109",
        "endereco": "Rua Antonio Marciano de Avila, 1, Santa Monica, Uberlândia, Minas Gerais, Brasil",
        "qtld": "228 D"
      }
    },
    {
      "type": "Feature",
      "geometry": {
        "type": "Point",
        "coordinates": [
          -48.25556376,
          -18.90671363
        ]
      },
      "properties": {
        "codigo": "L-11",
        "endereco": "Avenida Suecia, 597, Tibery, Uberlândia, Minas Gerais, Brasil",
        "qtld": "188 B"
      }
    },
    {
      "type": "Feature",
      "geometry": {
        "type": "Point",
        "coordinates": [
          -48.23782145,
          -18.92756856
        ]
      },
      "properties": {
        "codigo": "L-110",
        "endereco": "Avenida Francisco Ribeiro, 1111, Santa Monica, Uberlândia, Minas Gerais, Brasil",
        "qtld": "209 C"
      }
    },
    {
      "type": "Feature",
      "geometry": {
        "type": "Point",
        "coordinates": [
          -48.23756682,
          -18.93068397
        ]
      },
      "properties": {
        "codigo": "L-112",
        "endereco": "Avenida Jaime Ribeiro, 1155, Santa Monica, Uberlândia, Minas Gerais, Brasil",
        "qtld": "205 D"
      }
    },
    {
      "type": "Feature",
      "geometry": {
        "type": "Point",
        "coordinates": [
          -48.2346131,
          -18.92768263
        ]
      },
      "properties": {
        "codigo": "L-113",
        "endereco": "Rua Professora Maria Alves Castilho, 1480, Santa Monica, Uberlândia, Minas Gerais, Brasil",
        "qtld": "182 D"
      }
    },
    {
      "type": "Feature",
      "geometry": {
        "type": "Point",
        "coordinates": [
          -48.23529397,
          -18.9304449
        ]
      },
      "properties": {
        "codigo": "L-114",
        "endereco": "Rua Professora Maria Alves Castilho, 1794, Santa Monica, Uberlândia, Minas Gerais, Brasil",
        "qtld": "180 D"
      }
    },
    {
      "type": "Feature",
      "geometry": {
        "type": "Point",
        "coordinates": [
          -48.23168379,
          -18.92159331
        ]
      },
      "properties": {
        "codigo": "L-115",
        "endereco": "Rua Joao Balbino, 777, Segismundo Pereira, Uberlândia, Minas Gerais, Brasil",
        "qtld": "50 B"
      }
    },
    {
      "type": "Feature",
      "geometry": {
        "type": "Point",
        "coordinates": [
          -48.22875585,
          -18.91564631
        ]
      },
      "properties": {
        "codigo": "L-116",
        "endereco": "Rua Joao Limirio dos Anjos, 1, Segismundo Pereira, Uberlândia, Minas Gerais, Brasil",
        "qtld": "11 B"
      }
    },
    {
      "type": "Feature",
      "geometry": {
        "type": "Point",
        "coordinates": [
          -48.22559134,
          -18.91533373
        ]
      },
      "properties": {
        "codigo": "L-117",
        "endereco": "Rua Ronan Manoel Pereira, 191, Segismundo Pereira, Uberlândia, Minas Gerais, Brasil",
        "qtld": "15 B"
      }
    },
    {
      "type": "Feature",
      "geometry": {
        "type": "Point",
        "coordinates": [
          -48.22302204,
          -18.91863716
        ]
      },
      "properties": {
        "codigo": "L-119",
        "endereco": "Rodovia BR 050, 815, Segismundo Pereira, Uberlândia, Minas Gerais, Brasil",
        "qtld": "63 A"
      }
    },
    {
      "type": "Feature",
      "geometry": {
        "type": "Point",
        "coordinates": [
          -48.25561731,
          -18.90378072
        ]
      },
      "properties": {
        "codigo": "L-12",
        "endereco": "Avenida Suiça, 263, Tibery, Uberlândia, Minas Gerais, Brasil",
        "qtld": "160 D"
      }
    },
    {
      "type": "Feature",
      "geometry": {
        "type": "Point",
        "coordinates": [
          -48.22569003,
          -18.91850788
        ]
      },
      "properties": {
        "codigo": "L-120",
        "endereco": "Rua Domingos de Freitas, 365, Segismundo Pereira, Uberlândia, Minas Gerais, Brasil",
        "qtld": "18 D"
      }
    },
    {
      "type": "Feature",
      "geometry": {
        "type": "Point",
        "coordinates": [
          -48.2286191,
          -18.91860965
        ]
      },
      "properties": {
        "codigo": "L-121",
        "endereco": "Praça Helvio Cardoso, Praça, Segismundo Pereira, Uberlândia, Minas Gerais, Brasil",
        "qtld": "29 A"
      }
    },
    {
      "type": "Feature",
      "geometry": {
        "type": "Point",
        "coordinates": [
          -48.22862989,
          -18.92162581
        ]
      },
      "properties": {
        "codigo": "L-122",
        "endereco": "Avenida Belarmino Cotta Pacheco, 3273, Segismundo Pereira, Uberlândia, Minas Gerais, Brasil",
        "qtld": "45 B"
      }
    },
    {
      "type": "Feature",
      "geometry": {
        "type": "Point",
        "coordinates": [
          -48.22545032,
          -18.92158651
        ]
      },
      "properties": {
        "codigo": "L-123",
        "endereco": "Rua Francisco Jose Custodio, 350, Segismundo Pereira, Uberlândia, Minas Gerais, Brasil",
        "qtld": "41 A"
      }
    },
    {
      "type": "Feature",
      "geometry": {
        "type": "Point",
        "coordinates": [
          -48.22259915,
          -18.92150101
        ]
      },
      "properties": {
        "codigo": "L-124",
        "endereco": "Rodovia BR 050, 563, Segismundo Pereira, Uberlândia, Minas Gerais, Brasil",
        "qtld": "63 A"
      }
    },
    {
      "type": "Feature",
      "geometry": {
        "type": "Point",
        "coordinates": [
          -48.22263586,
          -18.9246947
        ]
      },
      "properties": {
        "codigo": "L-125",
        "endereco": "Avenida Segismundo Pereira, 1, Segismundo Pereira, Uberlândia, Minas Gerais, Brasil",
        "qtld": "63 B"
      }
    },
    {
      "type": "Feature",
      "geometry": {
        "type": "Point",
        "coordinates": [
          -48.22555114,
          -18.9246569
        ]
      },
      "properties": {
        "codigo": "L-126",
        "endereco": "Avenida Segismundo Pereira, 3560, Segismundo Pereira, Uberlândia, Minas Gerais, Brasil",
        "qtld": "70 D"
      }
    },
    {
      "type": "Feature",
      "geometry": {
        "type": "Point",
        "coordinates": [
          -48.22842302,
          -18.92453995
        ]
      },
      "properties": {
        "codigo": "L-127",
        "endereco": "Rua Ronan Manoel Pereira, 1246, Segismundo Pereira, Uberlândia, Minas Gerais, Brasil",
        "qtld": "75 B"
      }
    },
    {
      "type": "Feature",
      "geometry": {
        "type": "Point",
        "coordinates": [
          -48.23146029,
          -18.92478906
        ]
      },
      "properties": {
        "codigo": "L-128",
        "endereco": "Avenida Ana Godoy de Souza, 2567, Segismundo Pereira, Uberlândia, Minas Gerais, Brasil",
        "qtld": "79 C"
      }
    },
    {
      "type": "Feature",
      "geometry": {
        "type": "Point",
        "coordinates": [
          -48.23127279,
          -18.92763906
        ]
      },
      "properties": {
        "codigo": "L-129",
        "endereco": "Rua Lourdes de Carvalho, 1545, Segismundo Pereira, Uberlândia, Minas Gerais, Brasil",
        "qtld": "116 D"
      }
    },
    {
      "type": "Feature",
      "geometry": {
        "type": "Point",
        "coordinates": [
          -48.25569621,
          -18.90063406
        ]
      },
      "properties": {
        "codigo": "L-13",
        "endereco": "Rua Grecia, 184, Tibery, Uberlândia, Minas Gerais, Brasil",
        "qtld": "153 D"
      }
    },
    {
      "type": "Feature",
      "geometry": {
        "type": "Point",
        "coordinates": [
          -48.22862052,
          -18.92732363
        ]
      },
      "properties": {
        "codigo": "L-130",
        "endereco": "Praça Fausto Savastano, Praça, Segismundo Pereira, Uberlândia, Minas Gerais, Brasil",
        "qtld": "88 A"
      }
    },
    {
      "type": "Feature",
      "geometry": {
        "type": "Point",
        "coordinates": [
          -48.22553146,
          -18.92761934
        ]
      },
      "properties": {
        "codigo": "L-131",
        "endereco": "Rua Decio Chaves, 41, Segismundo Pereira, Uberlândia, Minas Gerais, Brasil",
        "qtld": "93 A"
      }
    },
    {
      "type": "Feature",
      "geometry": {
        "type": "Point",
        "coordinates": [
          -48.22250468,
          -18.92760685
        ]
      },
      "properties": {
        "codigo": "L-132",
        "endereco": "Rua Mario Augusto Pinto, 105, Segismundo Pereira, Uberlândia, Minas Gerais, Brasil",
        "qtld": "99 A"
      }
    },
    {
      "type": "Feature",
      "geometry": {
        "type": "Point",
        "coordinates": [
          -48.22270746,
          -18.93055339
        ]
      },
      "properties": {
        "codigo": "L-133",
        "endereco": "Avenida Doutor Misael Rodrigues de Castro, 3203, Segismundo Pereira, Uberlândia, Minas Gerais, Brasil",
        "qtld": "104 C"
      }
    },
    {
      "type": "Feature",
      "geometry": {
        "type": "Point",
        "coordinates": [
          -48.22553808,
          -18.93051266
        ]
      },
      "properties": {
        "codigo": "L-134",
        "endereco": "Rua Joaquim Carlos Fonseca, 1, Segismundo Pereira, Uberlândia, Minas Gerais, Brasil",
        "qtld": "133 B"
      }
    },
    {
      "type": "Feature",
      "geometry": {
        "type": "Point",
        "coordinates": [
          -48.22852645,
          -18.93056979
        ]
      },
      "properties": {
        "codigo": "L-135",
        "endereco": "Praça do Centenario, Praça, Segismundo Pereira, Uberlândia, Minas Gerais, Brasil",
        "qtld": "128 C"
      }
    },
    {
      "type": "Feature",
      "geometry": {
        "type": "Point",
        "coordinates": [
          -48.23159009,
          -18.93056682
        ]
      },
      "properties": {
        "codigo": "L-136",
        "endereco": "Avenida Francisco Ribeiro, 1, Segismundo Pereira, Uberlândia, Minas Gerais, Brasil",
        "qtld": "160 A"
      }
    },
    {
      "type": "Feature",
      "geometry": {
        "type": "Point",
        "coordinates": [
          -48.23448072,
          -18.93307233
        ]
      },
      "properties": {
        "codigo": "L-137",
        "endereco": "Rua Arlindo Gomes Rodrigues, 2039, Segismundo Pereira, Uberlândia, Minas Gerais, Brasil",
        "qtld": "165 B"
      }
    },
    {
      "type": "Feature",
      "geometry": {
        "type": "Point",
        "coordinates": [
          -48.23148653,
          -18.93354868
        ]
      },
      "properties": {
        "codigo": "L-138",
        "endereco": "Rua Joao Angelo Schiavinato, 2283, Segismundo Pereira, Uberlândia, Minas Gerais, Brasil",
        "qtld": "169 B"
      }
    },
    {
      "type": "Feature",
      "geometry": {
        "type": "Point",
        "coordinates": [
          -48.22880184,
          -18.93368197
        ]
      },
      "properties": {
        "codigo": "L-139",
        "endereco": "Rua Joao Caetano de Rezende, 235, Segismundo Pereira, Uberlândia, Minas Gerais, Brasil",
        "qtld": "173 B"
      }
    },
    {
      "type": "Feature",
      "geometry": {
        "type": "Point",
        "coordinates": [
          -48.25265192,
          -18.89762101
        ]
      },
      "properties": {
        "codigo": "L-14",
        "endereco": "Rua Guatemala, 450, Tibery, Uberlândia, Minas Gerais, Brasil",
        "qtld": "138 D"
      }
    },
    {
      "type": "Feature",
      "geometry": {
        "type": "Point",
        "coordinates": [
          -48.22597575,
          -18.93358484
        ]
      },
      "properties": {
        "codigo": "L-140",
        "endereco": "Av. Dr Jaime Ribeiro da Luz, 2367, Segismundo Pereira, Uberlândia, Minas Gerais, Brasil",
        "qtld": "149 B"
      }
    },
    {
      "type": "Feature",
      "geometry": {
        "type": "Point",
        "coordinates": [
          -48.22278787,
          -18.93349592
        ]
      },
      "properties": {
        "codigo": "L-141",
        "endereco": "Rua Edson Gonçalves, 391, Segismundo Pereira, Uberlândia, Minas Gerais, Brasil",
        "qtld": "144 D"
      }
    },
    {
      "type": "Feature",
      "geometry": {
        "type": "Point",
        "coordinates": [
          -48.22850795,
          -18.93657665
        ]
      },
      "properties": {
        "codigo": "L-142",
        "endereco": "Rua Sergio Henrique Martinele, 533, Segismundo Pereira, Uberlândia, Minas Gerais, Brasil",
        "qtld": "198 B"
      }
    },
    {
      "type": "Feature",
      "geometry": {
        "type": "Point",
        "coordinates": [
          -48.22579212,
          -18.93650869
        ]
      },
      "properties": {
        "codigo": "L-143",
        "endereco": "Rua Clarimundo Marques Pires, 1279, Segismundo Pereira, Uberlândia, Minas Gerais, Brasil",
        "qtld": "193 C"
      }
    },
    {
      "type": "Feature",
      "geometry": {
        "type": "Point",
        "coordinates": [
          -48.22271791,
          -18.93663704
        ]
      },
      "properties": {
        "codigo": "L-144",
        "endereco": "Avenida Oscar Miranda, 1, Segismundo Pereira, Uberlândia, Minas Gerais, Brasil",
        "qtld": "188 A"
      }
    },
    {
      "type": "Feature",
      "geometry": {
        "type": "Point",
        "coordinates": [
          -48.22056324,
          -18.93734101
        ]
      },
      "properties": {
        "codigo": "L-145",
        "endereco": "Rua Professor Mario Godoy, 1253, Segismundo Pereira, Uberlândia, Minas Gerais, Brasil",
        "qtld": "186 C"
      }
    },
    {
      "type": "Feature",
      "geometry": {
        "type": "Point",
        "coordinates": [
          -48.21988131,
          -18.92193913
        ]
      },
      "properties": {
        "codigo": "L-153",
        "endereco": "Avenida Segismundo Pereira, 4505, Novo Mundo, Uberlândia, Minas Gerais, Brasil",
        "qtld": "3A"
      }
    },
    {
      "type": "Feature",
      "geometry": {
        "type": "Point",
        "coordinates": [
          -48.21938402,
          -18.92485354
        ]
      },
      "properties": {
        "codigo": "L-154",
        "endereco": "Avenida Segismundo Pereira, 1, Novo Mundo, Uberlândia, Minas Gerais, Brasil",
        "qtld": "3A"
      }
    },
    {
      "type": "Feature",
      "geometry": {
        "type": "Point",
        "coordinates": [
          -48.21953878,
          -18.92777068
        ]
      },
      "properties": {
        "codigo": "L-155",
        "endereco": "Avenida Segismundo Pereira, 4156, Novo Mundo, Uberlândia, Minas Gerais, Brasil",
        "qtld": "1 B"
      }
    },
    {
      "type": "Feature",
      "geometry": {
        "type": "Point",
        "coordinates": [
          -48.21939932,
          -18.93002368
        ]
      },
      "properties": {
        "codigo": "L-156",
        "endereco": "Marginal Br 050, 10745, Novo Mundo, Uberlândia, Minas Gerais, Brasil",
        "qtld": "5A"
      }
    },
    {
      "type": "Feature",
      "geometry": {
        "type": "Point",
        "coordinates": [
          -48.21943409,
          -18.93345274
        ]
      },
      "properties": {
        "codigo": "L-157",
        "endereco": "Marginal Br 050, 3333, Novo Mundo, Uberlândia, Minas Gerais, Brasil",
        "qtld": "5A"
      }
    },
    {
      "type": "Feature",
      "geometry": {
        "type": "Point",
        "coordinates": [
          -48.21950471,
          -18.93636394
        ]
      },
      "properties": {
        "codigo": "L-158",
        "endereco": "Marginal Br 050, 3703, Novo Mundo, Uberlândia, Minas Gerais, Brasil",
        "qtld": "5 E"
      }
    },
    {
      "type": "Feature",
      "geometry": {
        "type": "Point",
        "coordinates": [
          -48.2494287,
          -18.8976311
        ]
      },
      "properties": {
        "codigo": "L-16",
        "endereco": "Avenida Espanha, 508, Tibery, Uberlândia, Minas Gerais, Brasil",
        "qtld": "48 C"
      }
    },
    {
      "type": "Feature",
      "geometry": {
        "type": "Point",
        "coordinates": [
          -48.21644417,
          -18.9305279
        ]
      },
      "properties": {
        "codigo": "L-161",
        "endereco": "Avenida Dario Fagundes da Costa, 1, Novo Mundo, Uberlândia, Minas Gerais, Brasil",
        "qtld": "5 C"
      }
    },
    {
      "type": "Feature",
      "geometry": {
        "type": "Point",
        "coordinates": [
          -48.21638144,
          -18.92757018
        ]
      },
      "properties": {
        "codigo": "L-162",
        "endereco": "Avenida Dario Fagundes da Costa, 1, Novo Mundo, Uberlândia, Minas Gerais, Brasil",
        "qtld": "5 C"
      }
    },
    {
      "type": "Feature",
      "geometry": {
        "type": "Point",
        "coordinates": [
          -48.21693817,
          -18.92460321
        ]
      },
      "properties": {
        "codigo": "L-163",
        "endereco": "Rua Joaquim L. de Magalhaes, 1, Novo Mundo, Uberlândia, Minas Gerais, Brasil",
        "qtld": "5 B"
      }
    },
    {
      "type": "Feature",
      "geometry": {
        "type": "Point",
        "coordinates": [
          -48.21656126,
          -18.92149542
        ]
      },
      "properties": {
        "codigo": "L-164",
        "endereco": "Avenida San Diego, 1, Novo Mundo, Uberlândia, Minas Gerais, Brasil",
        "qtld": "141 B"
      }
    },
    {
      "type": "Feature",
      "geometry": {
        "type": "Point",
        "coordinates": [
          -48.21686112,
          -18.91538492
        ]
      },
      "properties": {
        "codigo": "L-168",
        "endereco": "Avenida Nova York, 100, Novo Mundo, Uberlândia, Minas Gerais, Brasil",
        "qtld": "141 A"
      }
    },
    {
      "type": "Feature",
      "geometry": {
        "type": "Point",
        "coordinates": [
          -48.25261162,
          -18.9008168
        ]
      },
      "properties": {
        "codigo": "L-17",
        "endereco": "Avenida Montreal, 407, Tibery, Uberlândia, Minas Gerais, Brasil",
        "qtld": "129 C"
      }
    },
    {
      "type": "Feature",
      "geometry": {
        "type": "Point",
        "coordinates": [
          -48.21349073,
          -18.92159135
        ]
      },
      "properties": {
        "codigo": "L-172",
        "endereco": "Rua Santa Fe, 1, Novo Mundo, Uberlândia, Minas Gerais, Brasil",
        "qtld": "82 A"
      }
    },
    {
      "type": "Feature",
      "geometry": {
        "type": "Point",
        "coordinates": [
          -48.2137411,
          -18.92457555
        ]
      },
      "properties": {
        "codigo": "L-173",
        "endereco": "Avenida Ubirajara Zacharias, 45, Novo Mundo, Uberlândia, Minas Gerais, Brasil",
        "qtld": "68 A"
      }
    },
    {
      "type": "Feature",
      "geometry": {
        "type": "Point",
        "coordinates": [
          -48.21371606,
          -18.92764966
        ]
      },
      "properties": {
        "codigo": "L-174",
        "endereco": "Avenida Ubirajara Zacharias, 1, Novo Mundo, Uberlândia, Minas Gerais, Brasil",
        "qtld": "11 C"
      }
    },
    {
      "type": "Feature",
      "geometry": {
        "type": "Point",
        "coordinates": [
          -48.21368833,
          -18.93066936
        ]
      },
      "properties": {
        "codigo": "L-175",
        "endereco": "Rua Carlos Roberto de Paiva, 193, Novo Mundo, Uberlândia, Minas Gerais, Brasil",
        "qtld": "18 B"
      }
    },
    {
      "type": "Feature",
      "geometry": {
        "type": "Point",
        "coordinates": [
          -48.21350989,
          -18.93358703
        ]
      },
      "properties": {
        "codigo": "L-176",
        "endereco": "Rua Pedro Mamede, 178, Novo Mundo, Uberlândia, Minas Gerais, Brasil",
        "qtld": "28 C"
      }
    },
    {
      "type": "Feature",
      "geometry": {
        "type": "Point",
        "coordinates": [
          -48.21071488,
          -18.9365518
        ]
      },
      "properties": {
        "codigo": "L-178",
        "endereco": "Avenida Dario Fagundes da Costa, 1275, Novo Mundo, Uberlândia, Minas Gerais, Brasil",
        "qtld": "30 C"
      }
    },
    {
      "type": "Feature",
      "geometry": {
        "type": "Point",
        "coordinates": [
          -48.21051581,
          -18.93370688
        ]
      },
      "properties": {
        "codigo": "L-179",
        "endereco": "Rua Aluisio de Azevedo, 1, Novo Mundo, Uberlândia, Minas Gerais, Brasil",
        "qtld": "31 D"
      }
    },
    {
      "type": "Feature",
      "geometry": {
        "type": "Point",
        "coordinates": [
          -48.25212354,
          -18.90369274
        ]
      },
      "properties": {
        "codigo": "L-18",
        "endereco": "Avenida Belgica, 566, Tibery, Uberlândia, Minas Gerais, Brasil",
        "qtld": "163 A"
      }
    },
    {
      "type": "Feature",
      "geometry": {
        "type": "Point",
        "coordinates": [
          -48.21068795,
          -18.9305276
        ]
      },
      "properties": {
        "codigo": "L-180",
        "endereco": "Rua Deolinda Fernandes Firmino, 230, Novo Mundo, Uberlândia, Minas Gerais, Brasil",
        "qtld": "56 A"
      }
    },
    {
      "type": "Feature",
      "geometry": {
        "type": "Point",
        "coordinates": [
          -48.21077907,
          -18.92774178
        ]
      },
      "properties": {
        "codigo": "L-181",
        "endereco": "Avenida Victor Alves Pereira, 442, Novo Mundo, Uberlândia, Minas Gerais, Brasil",
        "qtld": "61 B"
      }
    },
    {
      "type": "Feature",
      "geometry": {
        "type": "Point",
        "coordinates": [
          -48.21067371,
          -18.92460709
        ]
      },
      "properties": {
        "codigo": "L-182",
        "endereco": "Avenida Victor Alves Pereira, 1, Novo Mundo, Uberlândia, Minas Gerais, Brasil",
        "qtld": "103 D"
      }
    },
    {
      "type": "Feature",
      "geometry": {
        "type": "Point",
        "coordinates": [
          -48.210718,
          -18.92151181
        ]
      },
      "properties": {
        "codigo": "L-183",
        "endereco": "Rua Mineapolis, 1, Novo Mundo, Uberlândia, Minas Gerais, Brasil",
        "qtld": "92 A"
      }
    },
    {
      "type": "Feature",
      "geometry": {
        "type": "Point",
        "coordinates": [
          -48.21079165,
          -18.91856078
        ]
      },
      "properties": {
        "codigo": "L-184",
        "endereco": "Avenida Nova York, 1640, Novo Mundo, Uberlândia, Minas Gerais, Brasil",
        "qtld": "87 C"
      }
    },
    {
      "type": "Feature",
      "geometry": {
        "type": "Point",
        "coordinates": [
          -48.20720724,
          -18.92162134
        ]
      },
      "properties": {
        "codigo": "L-186",
        "endereco": "Rua Washington, 615, Novo Mundo, Uberlândia, Minas Gerais, Brasil",
        "qtld": "93 A"
      }
    },
    {
      "type": "Feature",
      "geometry": {
        "type": "Point",
        "coordinates": [
          -48.20750432,
          -18.92491882
        ]
      },
      "properties": {
        "codigo": "L-187",
        "endereco": "Avenida Palmeira Real, 1, Novo Mundo, Uberlândia, Minas Gerais, Brasil",
        "qtld": "104 D"
      }
    },
    {
      "type": "Feature",
      "geometry": {
        "type": "Point",
        "coordinates": [
          -48.20752843,
          -18.92768554
        ]
      },
      "properties": {
        "codigo": "L-188",
        "endereco": "Avenida Palmeira Real, 1, Novo Mundo, Uberlândia, Minas Gerais, Brasil",
        "qtld": "103 B"
      }
    },
    {
      "type": "Feature",
      "geometry": {
        "type": "Point",
        "coordinates": [
          -48.20756363,
          -18.9304832
        ]
      },
      "properties": {
        "codigo": "L-189",
        "endereco": "Avenida Yuri Resende Miranda, 1, Novo Mundo, Uberlândia, Minas Gerais, Brasil",
        "qtld": "51 D"
      }
    },
    {
      "type": "Feature",
      "geometry": {
        "type": "Point",
        "coordinates": [
          -48.25251149,
          -18.90663779
        ]
      },
      "properties": {
        "codigo": "L-19",
        "endereco": "Avenida Europa, 1, Tibery, Uberlândia, Minas Gerais, Brasil",
        "qtld": "172 D"
      }
    },
    {
      "type": "Feature",
      "geometry": {
        "type": "Point",
        "coordinates": [
          -48.20741282,
          -18.93374994
        ]
      },
      "properties": {
        "codigo": "L-190",
        "endereco": "Avenida Victor Alves Pereira, 1, Novo Mundo, Uberlândia, Minas Gerais, Brasil",
        "qtld": "45 B"
      }
    },
    {
      "type": "Feature",
      "geometry": {
        "type": "Point",
        "coordinates": [
          -48.20790453,
          -18.93624246
        ]
      },
      "properties": {
        "codigo": "L-191",
        "endereco": "Avenida Dario Fagundes da Costa, 1, Novo Mundo, Uberlândia, Minas Gerais, Brasil",
        "qtld": "39 C"
      }
    },
    {
      "type": "Feature",
      "geometry": {
        "type": "Point",
        "coordinates": [
          -48.20468246,
          -18.9336906
        ]
      },
      "properties": {
        "codigo": "L-193",
        "endereco": "Rua Oswaldo França Junior, 1, Novo Mundo, Uberlândia, Minas Gerais, Brasil",
        "qtld": "42 A"
      }
    },
    {
      "type": "Feature",
      "geometry": {
        "type": "Point",
        "coordinates": [
          -48.20452367,
          -18.92763348
        ]
      },
      "properties": {
        "codigo": "L-195",
        "endereco": "Alameda Primavera do Bosque, 31, Condominio Reserva Novo Mundo, Uberlândia, Minas Gerais, Brasil",
        "qtld": "8 E"
      }
    },
    {
      "type": "Feature",
      "geometry": {
        "type": "Point",
        "coordinates": [
          -48.20468981,
          -18.92460285
        ]
      },
      "properties": {
        "codigo": "L-196",
        "endereco": "Alameda Lirio do Bosque, 1, Condominio Reserva Novo Mundo, Uberlândia, Minas Gerais, Brasil",
        "qtld": "13 C"
      }
    },
    {
      "type": "Feature",
      "geometry": {
        "type": "Point",
        "coordinates": [
          -48.20483084,
          -18.92163097
        ]
      },
      "properties": {
        "codigo": "L-197",
        "endereco": "Avenida Nova York, 1, Novo Mundo, Uberlândia, Minas Gerais, Brasil",
        "qtld": "139 A"
      }
    },
    {
      "type": "Feature",
      "geometry": {
        "type": "Point",
        "coordinates": [
          -48.25534295,
          -18.89753783
        ]
      },
      "properties": {
        "codigo": "L-2",
        "endereco": "Avenida Rondon Pacheco, 6116, Tibery, Uberlândia, Minas Gerais, Brasil",
        "qtld": "141 B"
      }
    },
    {
      "type": "Feature",
      "geometry": {
        "type": "Point",
        "coordinates": [
          -48.25228814,
          -18.9092793
        ]
      },
      "properties": {
        "codigo": "L-20",
        "endereco": "Rua da Bandeira, 1, Tibery, Uberlândia, Minas Gerais, Brasil",
        "qtld": "259 A"
      }
    },
    {
      "type": "Feature",
      "geometry": {
        "type": "Point",
        "coordinates": [
          -48.19933427,
          -18.92519174
        ]
      },
      "properties": {
        "codigo": "L-205",
        "endereco": "Avenida Edgar de Oliveira Castro, 18, Novo Mundo, Uberlândia, Minas Gerais, Brasil",
        "qtld": "131 C"
      }
    },
    {
      "type": "Feature",
      "geometry": {
        "type": "Point",
        "coordinates": [
          -48.24991295,
          -18.90953358
        ]
      },
      "properties": {
        "codigo": "L-21",
        "endereco": "Avenida Anselmo Alves dos Santos, 1001, Tibery, Uberlândia, Minas Gerais, Brasil",
        "qtld": "241 B"
      }
    },
    {
      "type": "Feature",
      "geometry": {
        "type": "Point",
        "coordinates": [
          -48.19921744,
          -18.92182391
        ]
      },
      "properties": {
        "codigo": "L-210",
        "endereco": "Rua Reoron de Matos, 142, Alvorada, Uberlândia, Minas Gerais, Brasil",
        "qtld": "15 A"
      }
    },
    {
      "type": "Feature",
      "geometry": {
        "type": "Point",
        "coordinates": [
          -48.1987618,
          -18.91943032
        ]
      },
      "properties": {
        "codigo": "L-211",
        "endereco": "Rua Aristides Fernades Morais, 405, Alvorada, Uberlândia, Minas Gerais, Brasil",
        "qtld": "12 B"
      }
    },
    {
      "type": "Feature",
      "geometry": {
        "type": "Point",
        "coordinates": [
          -48.19272813,
          -18.92141686
        ]
      },
      "properties": {
        "codigo": "L-213",
        "endereco": "Rua Arruda, 524, Morumbi, Uberlândia, Minas Gerais, Brasil",
        "qtld": "15 D"
      }
    },
    {
      "type": "Feature",
      "geometry": {
        "type": "Point",
        "coordinates": [
          -48.19279936,
          -18.92442874
        ]
      },
      "properties": {
        "codigo": "L-214",
        "endereco": "Rua José Maria Ribeiro, 5, Morumbi, Uberlândia, Minas Gerais, Brasil",
        "qtld": "28 C"
      }
    },
    {
      "type": "Feature",
      "geometry": {
        "type": "Point",
        "coordinates": [
          -48.18967676,
          -18.92457752
        ]
      },
      "properties": {
        "codigo": "L-217",
        "endereco": "Rua Das Borboletas, 233, Morumbi, Uberlândia, Minas Gerais, Brasil",
        "qtld": "37 C"
      }
    },
    {
      "type": "Feature",
      "geometry": {
        "type": "Point",
        "coordinates": [
          -48.187306,
          -18923851
        ]
      },
      "properties": {
        "codigo": "L-218",
        "endereco": "Avenida Doutor Enodes de Oliveira, 1, Morumbi, Uberlândia, Minas Gerais, Brasil",
        "qtld": "40 A"
      }
    },
    {
      "type": "Feature",
      "geometry": {
        "type": "Point",
        "coordinates": [
          -48.184208,
          -18921769
        ]
      },
      "properties": {
        "codigo": "L-219",
        "endereco": "Avenida Doutor Enodes de Oliveira, 777, Morumbi, Uberlândia, Minas Gerais, Brasil",
        "qtld": "225 A"
      }
    },
    {
      "type": "Feature",
      "geometry": {
        "type": "Point",
        "coordinates": [
          -48.24940333,
          -18.90666209
        ]
      },
      "properties": {
        "codigo": "L-22",
        "endereco": "Avenida Africa, 462, Tibery, Uberlândia, Minas Gerais, Brasil",
        "qtld": "99 B"
      }
    },
    {
      "type": "Feature",
      "geometry": {
        "type": "Point",
        "coordinates": [
          -48.18035656,
          -18.91875203
        ]
      },
      "properties": {
        "codigo": "L-220",
        "endereco": "Avenida Doutor Enodes de Oliveira, 1375, Morumbi, Uberlândia, Minas Gerais, Brasil",
        "qtld": "229 A"
      }
    },
    {
      "type": "Feature",
      "geometry": {
        "type": "Point",
        "coordinates": [
          -48.17743427,
          -18.91570031
        ]
      },
      "properties": {
        "codigo": "L-222",
        "endereco": "Avenida James Siqueira, 139, Morumbi, Uberlândia, Minas Gerais, Brasil",
        "qtld": "231 C"
      }
    },
    {
      "type": "Feature",
      "geometry": {
        "type": "Point",
        "coordinates": [
          -48.17518391,
          -18.91464282
        ]
      },
      "properties": {
        "codigo": "L-223",
        "endereco": "Avenida Doutor Enodes de Oliveira, 178, Morumbi, Uberlândia, Minas Gerais, Brasil",
        "qtld": "230 A"
      }
    },
    {
      "type": "Feature",
      "geometry": {
        "type": "Point",
        "coordinates": [
          -48.174581,
          -18912548
        ]
      },
      "properties": {
        "codigo": "L-224",
        "endereco": "Rua 7 - Assentamento Mana, 125, Morumbi, Uberlândia, Minas Gerais, Brasil",
        "qtld": "239 A"
      }
    },
    {
      "type": "Feature",
      "geometry": {
        "type": "Point",
        "coordinates": [
          -48.17422365,
          -18.91103023
        ]
      },
      "properties": {
        "codigo": "L-225",
        "endereco": "Rua Esplendor, 104, Morumbi, Uberlândia, Minas Gerais, Brasil",
        "qtld": "255 B"
      }
    },
    {
      "type": "Feature",
      "geometry": {
        "type": "Point",
        "coordinates": [
          -48.17774831,
          -18.90966213
        ]
      },
      "properties": {
        "codigo": "L-226",
        "endereco": "Rua 05, 619, Morumbi, Uberlândia, Minas Gerais, Brasil",
        "qtld": "259 D"
      }
    },
    {
      "type": "Feature",
      "geometry": {
        "type": "Point",
        "coordinates": [
          -48.181505,
          -18907147
        ]
      },
      "properties": {
        "codigo": "L-227",
        "endereco": "Rua 01, 1, Morumbi, Uberlândia, Minas Gerais, Brasil",
        "qtld": "274 D"
      }
    },
    {
      "type": "Feature",
      "geometry": {
        "type": "Point",
        "coordinates": [
          -48.18373294,
          -18.90665082
        ]
      },
      "properties": {
        "codigo": "L-228",
        "endereco": "Rua Taperas, 250, Morumbi, Uberlândia, Minas Gerais, Brasil",
        "qtld": "164 A"
      }
    },
    {
      "type": "Feature",
      "geometry": {
        "type": "Point",
        "coordinates": [
          -48.18042315,
          -18.90972371
        ]
      },
      "properties": {
        "codigo": "L-229",
        "endereco": "Avenida James Siqueira, 405, Morumbi, Uberlândia, Minas Gerais, Brasil",
        "qtld": "264 C"
      }
    },
    {
      "type": "Feature",
      "geometry": {
        "type": "Point",
        "coordinates": [
          -48.24942128,
          -18.90359123
        ]
      },
      "properties": {
        "codigo": "L-23",
        "endereco": "Avenida Benjamin Magalhaes, 700, Tibery, Uberlândia, Minas Gerais, Brasil",
        "qtld": "114 C"
      }
    },
    {
      "type": "Feature",
      "geometry": {
        "type": "Point",
        "coordinates": [
          -48.177845,
          -18912508
        ]
      },
      "properties": {
        "codigo": "L-230",
        "endereco": "Rua 2-Assentamento Mana, 120, Morumbi, Uberlândia, Minas Gerais, Brasil",
        "qtld": "248 B"
      }
    },
    {
      "type": "Feature",
      "geometry": {
        "type": "Point",
        "coordinates": [
          -48.18085642,
          -18.91236766
        ]
      },
      "properties": {
        "codigo": "L-231",
        "endereco": "Rua Quero Quero, 315, Morumbi, Uberlândia, Minas Gerais, Brasil",
        "qtld": "196 D"
      }
    },
    {
      "type": "Feature",
      "geometry": {
        "type": "Point",
        "coordinates": [
          -48.1808116,
          -18.91564126
        ]
      },
      "properties": {
        "codigo": "L-232",
        "endereco": "Rua Pequis, 228, Morumbi, Uberlândia, Minas Gerais, Brasil",
        "qtld": "206 D"
      }
    },
    {
      "type": "Feature",
      "geometry": {
        "type": "Point",
        "coordinates": [
          -48.18377334,
          -18.91855238
        ]
      },
      "properties": {
        "codigo": "L-233",
        "endereco": "Avenida Felipe Calixto Milken, 1, Morumbi, Uberlândia, Minas Gerais, Brasil",
        "qtld": "121 D"
      }
    },
    {
      "type": "Feature",
      "geometry": {
        "type": "Point",
        "coordinates": [
          -48.18378834,
          -18.91572481
        ]
      },
      "properties": {
        "codigo": "L-234",
        "endereco": "Rua Mutirão, 178, Morumbi, Uberlândia, Minas Gerais, Brasil",
        "qtld": "134 A"
      }
    },
    {
      "type": "Feature",
      "geometry": {
        "type": "Point",
        "coordinates": [
          -48.18371377,
          -18.91235674
        ]
      },
      "properties": {
        "codigo": "L-235",
        "endereco": "Rua Das Cabanas, 572, Morumbi, Uberlândia, Minas Gerais, Brasil",
        "qtld": "181 A"
      }
    },
    {
      "type": "Feature",
      "geometry": {
        "type": "Point",
        "coordinates": [
          -48.1839228,
          -18.90973902
        ]
      },
      "properties": {
        "codigo": "L-236",
        "endereco": "Rua Monjolo, 812, Morumbi, Uberlândia, Minas Gerais, Brasil",
        "qtld": "188 C"
      }
    },
    {
      "type": "Feature",
      "geometry": {
        "type": "Point",
        "coordinates": [
          -48.18642469,
          -18.90732959
        ]
      },
      "properties": {
        "codigo": "L-237",
        "endereco": "Avenida Jose Lopes Filho, 265, Morumbi, Uberlândia, Minas Gerais, Brasil",
        "qtld": "159 C"
      }
    },
    {
      "type": "Feature",
      "geometry": {
        "type": "Point",
        "coordinates": [
          -48.18687124,
          -18.90942871
        ]
      },
      "properties": {
        "codigo": "L-238",
        "endereco": "Rua Campos Gerais, 215, Morumbi, Uberlândia, Minas Gerais, Brasil",
        "qtld": "156 C"
      }
    },
    {
      "type": "Feature",
      "geometry": {
        "type": "Point",
        "coordinates": [
          -48.18691671,
          -18.91273497
        ]
      },
      "properties": {
        "codigo": "L-239",
        "endereco": "Rua Pilão, 336, Morumbi, Uberlândia, Minas Gerais, Brasil",
        "qtld": "141 C"
      }
    },
    {
      "type": "Feature",
      "geometry": {
        "type": "Point",
        "coordinates": [
          -48.24957365,
          -18.90084935
        ]
      },
      "properties": {
        "codigo": "L-24",
        "endereco": "Rua Madri, 1, Tibery, Uberlândia, Minas Gerais, Brasil",
        "qtld": "123 B"
      }
    },
    {
      "type": "Feature",
      "geometry": {
        "type": "Point",
        "coordinates": [
          -48.1865404,
          -18.91561243
        ]
      },
      "properties": {
        "codigo": "L-240",
        "endereco": "Rua Marilene De Fatima Cardoso, 86, Morumbi, Uberlândia, Minas Gerais, Brasil",
        "qtld": "113 B"
      }
    },
    {
      "type": "Feature",
      "geometry": {
        "type": "Point",
        "coordinates": [
          -48.18748423,
          -18.91835053
        ]
      },
      "properties": {
        "codigo": "L-241",
        "endereco": "Rua Sao Sebastiao, 520, Morumbi, Uberlândia, Minas Gerais, Brasil",
        "qtld": "79 C"
      }
    },
    {
      "type": "Feature",
      "geometry": {
        "type": "Point",
        "coordinates": [
          -48.18723944,
          -18921794
        ]
      },
      "properties": {
        "codigo": "L-242",
        "endereco": "Rua Camaleao, 640, Morumbi, Uberlândia, Minas Gerais, Brasil",
        "qtld": "82 B"
      }
    },
    {
      "type": "Feature",
      "geometry": {
        "type": "Point",
        "coordinates": [
          -48.1894772,
          -18.92149761
        ]
      },
      "properties": {
        "codigo": "L-243",
        "endereco": "Rua Lontra, 1, Morumbi, Uberlândia, Minas Gerais, Brasil",
        "qtld": "145 D"
      }
    },
    {
      "type": "Feature",
      "geometry": {
        "type": "Point",
        "coordinates": [
          -48.18960619,
          -18.9183816
        ]
      },
      "properties": {
        "codigo": "L-244",
        "endereco": "Rua Oratorio, 239, Morumbi, Uberlândia, Minas Gerais, Brasil",
        "qtld": "75 D"
      }
    },
    {
      "type": "Feature",
      "geometry": {
        "type": "Point",
        "coordinates": [
          -48.18973324,
          -18.91552004
        ]
      },
      "properties": {
        "codigo": "L-245",
        "endereco": "Rua Cincerro, 525, Morumbi, Uberlândia, Minas Gerais, Brasil",
        "qtld": "92 B"
      }
    },
    {
      "type": "Feature",
      "geometry": {
        "type": "Point",
        "coordinates": [
          -48.1898079,
          -18.91259572
        ]
      },
      "properties": {
        "codigo": "L-246",
        "endereco": "Rua Engenho, 182, Morumbi, Uberlândia, Minas Gerais, Brasil",
        "qtld": "105 B"
      }
    },
    {
      "type": "Feature",
      "geometry": {
        "type": "Point",
        "coordinates": [
          -48.19012983,
          -18.9096258
        ]
      },
      "properties": {
        "codigo": "L-247",
        "endereco": "Rua dos Tropeiros, 220, Morumbi, Uberlândia, Minas Gerais, Brasil",
        "qtld": "151 A"
      }
    },
    {
      "type": "Feature",
      "geometry": {
        "type": "Point",
        "coordinates": [
          -48.19292166,
          -18.91244037
        ]
      },
      "properties": {
        "codigo": "L-248",
        "endereco": "Avenida Jeronimo Jose Alves, 2120, Morumbi, Uberlândia, Minas Gerais, Brasil",
        "qtld": "101 B"
      }
    },
    {
      "type": "Feature",
      "geometry": {
        "type": "Point",
        "coordinates": [
          -48.19242775,
          -18.91559484
        ]
      },
      "properties": {
        "codigo": "L-249",
        "endereco": "1/ frente 370, 1, Morumbi, Uberlândia, Minas Gerais, Brasil",
        "qtld": "68 C"
      }
    },
    {
      "type": "Feature",
      "geometry": {
        "type": "Point",
        "coordinates": [
          -48.24673942,
          -18.89754398
        ]
      },
      "properties": {
        "codigo": "L-25",
        "endereco": "Avenida Inglaterra, 115, Tibery, Uberlândia, Minas Gerais, Brasil",
        "qtld": "35 D"
      }
    },
    {
      "type": "Feature",
      "geometry": {
        "type": "Point",
        "coordinates": [
          -48.19318896,
          -18.91880454
        ]
      },
      "properties": {
        "codigo": "L-250",
        "endereco": "Rua Dedal, 72, Morumbi, Uberlândia, Minas Gerais, Brasil",
        "qtld": "54 C"
      }
    },
    {
      "type": "Feature",
      "geometry": {
        "type": "Point",
        "coordinates": [
          -48.19598561,
          -18.91848075
        ]
      },
      "properties": {
        "codigo": "L-251",
        "endereco": "Rua Do Facão, 93, Morumbi, Uberlândia, Minas Gerais, Brasil",
        "qtld": "4 B"
      }
    },
    {
      "type": "Feature",
      "geometry": {
        "type": "Point",
        "coordinates": [
          -48.19547457,
          -18.91556378
        ]
      },
      "properties": {
        "codigo": "L-252",
        "endereco": "Rua dos Hospitaleiros, 11, Morumbi, Uberlândia, Minas Gerais, Brasil",
        "qtld": "61 A"
      }
    },
    {
      "type": "Feature",
      "geometry": {
        "type": "Point",
        "coordinates": [
          -48.19847244,
          -18.91606165
        ]
      },
      "properties": {
        "codigo": "L-253",
        "endereco": "Avenida Santos Reis, 1, Morumbi, Uberlândia, Minas Gerais, Brasil",
        "qtld": "287 B"
      }
    },
    {
      "type": "Feature",
      "geometry": {
        "type": "Point",
        "coordinates": [
          -48.19571954,
          -18.9127789
        ]
      },
      "properties": {
        "codigo": "L-254",
        "endereco": "Rua Pai Nosso, 110, Morumbi, Uberlândia, Minas Gerais, Brasil",
        "qtld": "280 B"
      }
    },
    {
      "type": "Feature",
      "geometry": {
        "type": "Point",
        "coordinates": [
          -48.19887674,
          -18.91259364
        ]
      },
      "properties": {
        "codigo": "L-255",
        "endereco": "Rua Odilon Costa De Azevedo, 190, Residencial Integração, Uberlândia, Minas Gerais, Brasil",
        "qtld": "156"
      }
    },
    {
      "type": "Feature",
      "geometry": {
        "type": "Point",
        "coordinates": [
          -48.19869255,
          -18.90962801
        ]
      },
      "properties": {
        "codigo": "L-256",
        "endereco": "Rua Alirio Pereira, 415, Residencial Integração, Uberlândia, Minas Gerais, Brasil",
        "qtld": "103"
      }
    },
    {
      "type": "Feature",
      "geometry": {
        "type": "Point",
        "coordinates": [
          -48.195989,
          -18.9094
        ]
      },
      "properties": {
        "codigo": "L-257",
        "endereco": "Rua Odilon Costa Azevedo, 1, Residencial Integração, Uberlândia, Minas Gerais, Brasil",
        "qtld": "176 A"
      }
    },
    {
      "type": "Feature",
      "geometry": {
        "type": "Point",
        "coordinates": [
          -48.24657157,
          -18.90050494
        ]
      },
      "properties": {
        "codigo": "L-26",
        "endereco": "Avenida Espanha, 975, Tibery, Uberlândia, Minas Gerais, Brasil",
        "qtld": "60 C"
      }
    },
    {
      "type": "Feature",
      "geometry": {
        "type": "Point",
        "coordinates": [
          -48.19280388,
          -18.90586552
        ]
      },
      "properties": {
        "codigo": "L-261",
        "endereco": "Rua Murici, 18, Residencial Integração, Uberlândia, Minas Gerais, Brasil",
        "qtld": "178 B"
      }
    },
    {
      "type": "Feature",
      "geometry": {
        "type": "Point",
        "coordinates": [
          -48.19525134,
          -18.90641196
        ]
      },
      "properties": {
        "codigo": "L-262",
        "endereco": "Rua Do Cacau, 17, Residencial Integração, Uberlândia, Minas Gerais, Brasil",
        "qtld": "170"
      }
    },
    {
      "type": "Feature",
      "geometry": {
        "type": "Point",
        "coordinates": [
          -48.20180276,
          -18.90962633
        ]
      },
      "properties": {
        "codigo": "L-265",
        "endereco": "Rua Harmonia, 640, Residencial Integração, Uberlândia, Minas Gerais, Brasil",
        "qtld": "100"
      }
    },
    {
      "type": "Feature",
      "geometry": {
        "type": "Point",
        "coordinates": [
          -48.20175974,
          -18.91260099
        ]
      },
      "properties": {
        "codigo": "L-266",
        "endereco": "Rua Confiança, 40, Residencial Integração, Uberlândia, Minas Gerais, Brasil",
        "qtld": "115"
      }
    },
    {
      "type": "Feature",
      "geometry": {
        "type": "Point",
        "coordinates": [
          -48.2017156,
          -18.91556337
        ]
      },
      "properties": {
        "codigo": "L-267",
        "endereco": "Rua Da Goiabinha, 101, Residencial Integração, Uberlândia, Minas Gerais, Brasil",
        "qtld": "132"
      }
    },
    {
      "type": "Feature",
      "geometry": {
        "type": "Point",
        "coordinates": [
          -48.20463327,
          -18.91558736
        ]
      },
      "properties": {
        "codigo": "L-269",
        "endereco": "Rua Do Pacari, 179, Residencial Integração, Uberlândia, Minas Gerais, Brasil",
        "qtld": "123"
      }
    },
    {
      "type": "Feature",
      "geometry": {
        "type": "Point",
        "coordinates": [
          -48.24666968,
          -18.90388142
        ]
      },
      "properties": {
        "codigo": "L-27",
        "endereco": "Avenida Australia, 974, Tibery, Uberlândia, Minas Gerais, Brasil",
        "qtld": "102 D"
      }
    },
    {
      "type": "Feature",
      "geometry": {
        "type": "Point",
        "coordinates": [
          -48.20471416,
          -18.9186125
        ]
      },
      "properties": {
        "codigo": "L-270",
        "endereco": "Rua Da Goiabinha, 135, Residencial Integração, Uberlândia, Minas Gerais, Brasil",
        "qtld": "135"
      }
    },
    {
      "type": "Feature",
      "geometry": {
        "type": "Point",
        "coordinates": [
          -48.20766054,
          -18.91842164
        ]
      },
      "properties": {
        "codigo": "L-271",
        "endereco": "Rua Gonçal Alves, 1, Residencial Integração, Uberlândia, Minas Gerais, Brasil",
        "qtld": "132"
      }
    },
    {
      "type": "Feature",
      "geometry": {
        "type": "Point",
        "coordinates": [
          -48.20761075,
          -18.91542485
        ]
      },
      "properties": {
        "codigo": "L-272",
        "endereco": "Rua Do Ipê Amarelo, 115, Residencial Integração, Uberlândia, Minas Gerais, Brasil",
        "qtld": "125"
      }
    },
    {
      "type": "Feature",
      "geometry": {
        "type": "Point",
        "coordinates": [
          -48.204565,
          -18.91293402
        ]
      },
      "properties": {
        "codigo": "L-273",
        "endereco": "Rua Das Cangeranas, 25, Residencial Integração, Uberlândia, Minas Gerais, Brasil",
        "qtld": "119"
      }
    },
    {
      "type": "Feature",
      "geometry": {
        "type": "Point",
        "coordinates": [
          -48.20484927,
          -18.90944892
        ]
      },
      "properties": {
        "codigo": "L-274",
        "endereco": "Rua Cirineu Alves De Azevedo, 730, Residencial integração, Uberlândia, Minas Gerais, Brasil",
        "qtld": "89"
      }
    },
    {
      "type": "Feature",
      "geometry": {
        "type": "Point",
        "coordinates": [
          -48.20763023,
          -18.9096339
        ]
      },
      "properties": {
        "codigo": "L-275",
        "endereco": "Avenida Solidariedade, 1315, Residencial Integração, Uberlândia, Minas Gerais, Brasil",
        "qtld": "74"
      }
    },
    {
      "type": "Feature",
      "geometry": {
        "type": "Point",
        "coordinates": [
          -48.20790232,
          -18.91235117
        ]
      },
      "properties": {
        "codigo": "L-276",
        "endereco": "Rua Canaa, 271, Residencial Integração, Uberlândia, Minas Gerais, Brasil",
        "qtld": "71 D"
      }
    },
    {
      "type": "Feature",
      "geometry": {
        "type": "Point",
        "coordinates": [
          -48.21058014,
          -18.91544475
        ]
      },
      "properties": {
        "codigo": "L-277",
        "endereco": "Rua José Souto, 75, Residencial Integração, Uberlândia, Minas Gerais, Brasil",
        "qtld": "56"
      }
    },
    {
      "type": "Feature",
      "geometry": {
        "type": "Point",
        "coordinates": [
          -48.21346676,
          -18.91522576
        ]
      },
      "properties": {
        "codigo": "L-278",
        "endereco": "Rua Das Torres, 1, Residencial Integração, Uberlândia, Minas Gerais, Brasil",
        "qtld": "53"
      }
    },
    {
      "type": "Feature",
      "geometry": {
        "type": "Point",
        "coordinates": [
          -48.21369974,
          -18.9126316
        ]
      },
      "properties": {
        "codigo": "L-279",
        "endereco": "Rua Manuel Lucio, 465, Residencial Integração, Uberlândia, Minas Gerais, Brasil",
        "qtld": "4"
      }
    },
    {
      "type": "Feature",
      "geometry": {
        "type": "Point",
        "coordinates": [
          -48.24625963,
          -18.90659397
        ]
      },
      "properties": {
        "codigo": "L-28",
        "endereco": "Rua Venezuela, 586, Tibery, Uberlândia, Minas Gerais, Brasil",
        "qtld": "96 C"
      }
    },
    {
      "type": "Feature",
      "geometry": {
        "type": "Point",
        "coordinates": [
          -48.20942327,
          -18.91076158
        ]
      },
      "properties": {
        "codigo": "L-280",
        "endereco": "Avenida Joao Costa Azevedo, 330, Residencial Integração, Uberlândia, Minas Gerais, Brasil",
        "qtld": "67"
      }
    },
    {
      "type": "Feature",
      "geometry": {
        "type": "Point",
        "coordinates": [
          -48.21061159,
          -18.90964456
        ]
      },
      "properties": {
        "codigo": "L-281",
        "endereco": "Rua Prelado, 308, Residencial Integração, Uberlândia, Minas Gerais, Brasil",
        "qtld": "17"
      }
    },
    {
      "type": "Feature",
      "geometry": {
        "type": "Point",
        "coordinates": [
          -48.21067952,
          -18.90673774
        ]
      },
      "properties": {
        "codigo": "L-282",
        "endereco": "Rua Sebastiao Caetano De Souza, 37, Residencial Integração, Uberlândia, Minas Gerais, Brasil",
        "qtld": "30"
      }
    },
    {
      "type": "Feature",
      "geometry": {
        "type": "Point",
        "coordinates": [
          -48.20768312,
          -18.90663487
        ]
      },
      "properties": {
        "codigo": "L-283",
        "endereco": "Avenida Esperança, 530, Residencial Integração, Uberlândia, Minas Gerais, Brasil",
        "qtld": "35"
      }
    },
    {
      "type": "Feature",
      "geometry": {
        "type": "Point",
        "coordinates": [
          -48.21375951,
          -18.90970874
        ]
      },
      "properties": {
        "codigo": "L-284",
        "endereco": "Avenida Firmamento, 482, Residencial Integração, Uberlândia, Minas Gerais, Brasil",
        "qtld": "11"
      }
    },
    {
      "type": "Feature",
      "geometry": {
        "type": "Point",
        "coordinates": [
          -48.20520417,
          -18.90643622
        ]
      },
      "properties": {
        "codigo": "L-286",
        "endereco": "Rua Desembargador Ernane Fidelis, 40, Portal do Vale, Uberlândia, Minas Gerais, Brasil",
        "qtld": "15 B"
      }
    },
    {
      "type": "Feature",
      "geometry": {
        "type": "Point",
        "coordinates": [
          -48.21081808,
          -18.90424253
        ]
      },
      "properties": {
        "codigo": "L-287",
        "endereco": "Avenida Anselmo Alves dos Santos, 1, Portal do Vale, Uberlândia, Minas Gerais, Brasil",
        "qtld": "1 C"
      }
    },
    {
      "type": "Feature",
      "geometry": {
        "type": "Point",
        "coordinates": [
          -48.20410361,
          -18.90350659
        ]
      },
      "properties": {
        "codigo": "L-289",
        "endereco": "Rua Pastor Marcondes do Nascimento, 1, Portal do Vale, Uberlândia, Minas Gerais, Brasil",
        "qtld": "24 C"
      }
    },
    {
      "type": "Feature",
      "geometry": {
        "type": "Point",
        "coordinates": [
          -48.20190502,
          -18.90372079
        ]
      },
      "properties": {
        "codigo": "L-290",
        "endereco": "Rua Lazaro Pereira dos Santos, 1, Portal do Vale, Uberlândia, Minas Gerais, Brasil",
        "qtld": "35 A"
      }
    },
    {
      "type": "Feature",
      "geometry": {
        "type": "Point",
        "coordinates": [
          -48.20195506,
          -18.90069515
        ]
      },
      "properties": {
        "codigo": "L-291",
        "endereco": "Rua Benedito Joaquim de Abreu, 1, Portal do Vale, Uberlândia, Minas Gerais, Brasil",
        "qtld": "33 D"
      }
    },
    {
      "type": "Feature",
      "geometry": {
        "type": "Point",
        "coordinates": [
          -48.20454769,
          -18.90069152
        ]
      },
      "properties": {
        "codigo": "L-292",
        "endereco": "Rua Maria Tavares da Silva, 1, Portal do Vale, Uberlândia, Minas Gerais, Brasil",
        "qtld": "30 B"
      }
    },
    {
      "type": "Feature",
      "geometry": {
        "type": "Point",
        "coordinates": [
          -48.25876897,
          -18.90092268
        ]
      },
      "properties": {
        "codigo": "L-3",
        "endereco": "Rua Antonio Rezende Costa, 2038, Tibery, Uberlândia, Minas Gerais, Brasil",
        "qtld": "144 C"
      }
    },
    {
      "type": "Feature",
      "geometry": {
        "type": "Point",
        "coordinates": [
          -48.24365937,
          -18.90880153
        ]
      },
      "properties": {
        "codigo": "L-30",
        "endereco": "Rua Haia, 1, Parque do Sabia, Uberlândia, Minas Gerais, Brasil",
        "qtld": "1 D"
      }
    },
    {
      "type": "Feature",
      "geometry": {
        "type": "Point",
        "coordinates": [
          -48.24337872,
          -18.90660988
        ]
      },
      "properties": {
        "codigo": "L-31",
        "endereco": "Rua Cristovao Marra, 206, Tibery, Uberlândia, Minas Gerais, Brasil",
        "qtld": "80 B"
      }
    },
    {
      "type": "Feature",
      "geometry": {
        "type": "Point",
        "coordinates": [
          -48.21365088,
          -18.90696792
        ]
      },
      "properties": {
        "codigo": "L-311",
        "endereco": "Alameda Dos Mandarins, 500, Grand Ville, Uberlândia, Minas Gerais, Brasil",
        "qtld": "6A"
      }
    },
    {
      "type": "Feature",
      "geometry": {
        "type": "Point",
        "coordinates": [
          -48.21658939,
          -18.9037054
        ]
      },
      "properties": {
        "codigo": "L-314",
        "endereco": "Avenida Anselmo Alves dos Santos, 24, Grand Ville, Uberlândia, Minas Gerais, Brasil",
        "qtld": "8 B"
      }
    },
    {
      "type": "Feature",
      "geometry": {
        "type": "Point",
        "coordinates": [
          -48.21684703,
          -18.90675341
        ]
      },
      "properties": {
        "codigo": "L-315",
        "endereco": "Rua Açanã, 1, Grand Ville, Uberlândia, Minas Gerais, Brasil",
        "qtld": "4 F"
      }
    },
    {
      "type": "Feature",
      "geometry": {
        "type": "Point",
        "coordinates": [
          -48.21669395,
          -18.90950009
        ]
      },
      "properties": {
        "codigo": "L-316",
        "endereco": "Alameda dos Mandarins, 201, Grand Ville, Uberlândia, Minas Gerais, Brasil",
        "qtld": "4 D"
      }
    },
    {
      "type": "Feature",
      "geometry": {
        "type": "Point",
        "coordinates": [
          -48.21788122,
          -18.91255268
        ]
      },
      "properties": {
        "codigo": "L-317",
        "endereco": "Alameda Diamante Azul, 168, Condominio Raros Alto Umuarama, Uberlândia, Minas Gerais, Brasil",
        "qtld": "4A"
      }
    },
    {
      "type": "Feature",
      "geometry": {
        "type": "Point",
        "coordinates": [
          -48.21962606,
          -18.90963473
        ]
      },
      "properties": {
        "codigo": "L-319",
        "endereco": "Avenida Anselmo Alves dos Santos, 4800, Grand Ville, Uberlândia, Minas Gerais, Brasil",
        "qtld": "1 D"
      }
    },
    {
      "type": "Feature",
      "geometry": {
        "type": "Point",
        "coordinates": [
          -48.24356019,
          -18.90354364
        ]
      },
      "properties": {
        "codigo": "L-32",
        "endereco": "Avenida Nicaragua, 1216, Tibery, Uberlândia, Minas Gerais, Brasil",
        "qtld": "74 D"
      }
    },
    {
      "type": "Feature",
      "geometry": {
        "type": "Point",
        "coordinates": [
          -48.21971904,
          -18.90640082
        ]
      },
      "properties": {
        "codigo": "L-320",
        "endereco": "Avenida Rui de Castro, 1991, Grand Ville, Uberlândia, Minas Gerais, Brasil",
        "qtld": "9 C"
      }
    },
    {
      "type": "Feature",
      "geometry": {
        "type": "Point",
        "coordinates": [
          -48.21972161,
          -18.90367492
        ]
      },
      "properties": {
        "codigo": "L-321",
        "endereco": "Avenida Rui de Castro, 1991, Grand Ville, Uberlândia, Minas Gerais, Brasil",
        "qtld": "9 C"
      }
    },
    {
      "type": "Feature",
      "geometry": {
        "type": "Point",
        "coordinates": [
          -48.21952051,
          -18.90084851
        ]
      },
      "properties": {
        "codigo": "L-322",
        "endereco": "Rua Singela, 1, Grand Ville, Uberlândia, Minas Gerais, Brasil",
        "qtld": "24 B"
      }
    },
    {
      "type": "Feature",
      "geometry": {
        "type": "Point",
        "coordinates": [
          -48.21949869,
          -18.89751965
        ]
      },
      "properties": {
        "codigo": "L-323",
        "endereco": "Alameda Everest, 1, Mansões Aeroporto, Uberlândia, Minas Gerais, Brasil",
        "qtld": "5A"
      }
    },
    {
      "type": "Feature",
      "geometry": {
        "type": "Point",
        "coordinates": [
          -48.22269249,
          -18.89766672
        ]
      },
      "properties": {
        "codigo": "L-324",
        "endereco": "Rua Aquarela, 1, Grand Ville, Uberlândia, Minas Gerais, Brasil",
        "qtld": "28 B"
      }
    },
    {
      "type": "Feature",
      "geometry": {
        "type": "Point",
        "coordinates": [
          -48.22268939,
          -18.90060395
        ]
      },
      "properties": {
        "codigo": "L-325",
        "endereco": "Rua do Tom, 1, Grand Ville, Uberlândia, Minas Gerais, Brasil",
        "qtld": "18 A"
      }
    },
    {
      "type": "Feature",
      "geometry": {
        "type": "Point",
        "coordinates": [
          -48.2230653,
          -18.90319717
        ]
      },
      "properties": {
        "codigo": "L-326",
        "endereco": "Rua Marsala, 197, Grand Ville, Uberlândia, Minas Gerais, Brasil",
        "qtld": "10 D"
      }
    },
    {
      "type": "Feature",
      "geometry": {
        "type": "Point",
        "coordinates": [
          -48.22543326,
          -18.90061635
        ]
      },
      "properties": {
        "codigo": "L-327",
        "endereco": "Avenida Dom Estevao Cardoso de Avelar, 770, Grand Ville, Uberlândia, Minas Gerais, Brasil",
        "qtld": "11 B"
      }
    },
    {
      "type": "Feature",
      "geometry": {
        "type": "Point",
        "coordinates": [
          -48.21369637,
          -18.90027958
        ]
      },
      "properties": {
        "codigo": "L-328",
        "endereco": "Alameda Everest, 1380, Mansões Aeroporto, Uberlândia, Minas Gerais, Brasil",
        "qtld": "10 B"
      }
    },
    {
      "type": "Feature",
      "geometry": {
        "type": "Point",
        "coordinates": [
          -48.21326122,
          -18.89712853
        ]
      },
      "properties": {
        "codigo": "L-329",
        "endereco": "Alameda Oceania, 395, Mansões Aeroporto, Uberlândia, Minas Gerais, Brasil",
        "qtld": "9 B"
      }
    },
    {
      "type": "Feature",
      "geometry": {
        "type": "Point",
        "coordinates": [
          -48.24369447,
          -18.90045775
        ]
      },
      "properties": {
        "codigo": "L-33",
        "endereco": "Avenida Europa, 1489, Tibery, Uberlândia, Minas Gerais, Brasil",
        "qtld": "27 C"
      }
    },
    {
      "type": "Feature",
      "geometry": {
        "type": "Point",
        "coordinates": [
          -48.21075771,
          -18.89760571
        ]
      },
      "properties": {
        "codigo": "L-330",
        "endereco": "Alameda Brasil, 1, Mansões Aeroporto, Uberlândia, Minas Gerais, Brasil",
        "qtld": "11 B"
      }
    },
    {
      "type": "Feature",
      "geometry": {
        "type": "Point",
        "coordinates": [
          -48.21134435,
          -18.89441653
        ]
      },
      "properties": {
        "codigo": "L-331",
        "endereco": "Alameda Oceania, 760, Mansões Aeroporto, Uberlândia, Minas Gerais, Brasil",
        "qtld": "12 B"
      }
    },
    {
      "type": "Feature",
      "geometry": {
        "type": "Point",
        "coordinates": [
          -48.20771637,
          -18.89196475
        ]
      },
      "properties": {
        "codigo": "L-332",
        "endereco": "Alameda Brasil, 1153, Mansões Aeroporto, Uberlândia, Minas Gerais, Brasil",
        "qtld": "12 D"
      }
    },
    {
      "type": "Feature",
      "geometry": {
        "type": "Point",
        "coordinates": [
          -48.20984696,
          -18.89222597
        ]
      },
      "properties": {
        "codigo": "L-333",
        "endereco": "Alameda Oceania, 1059, Mansões Aeroporto, Uberlândia, Minas Gerais, Brasil",
        "qtld": "13 C"
      }
    },
    {
      "type": "Feature",
      "geometry": {
        "type": "Point",
        "coordinates": [
          -48.20758401,
          -18.88887606
        ]
      },
      "properties": {
        "codigo": "L-334",
        "endereco": "Alameda Oceania, 1483, Mansões Aeroporto, Uberlândia, Minas Gerais, Brasil",
        "qtld": "25 A"
      }
    },
    {
      "type": "Feature",
      "geometry": {
        "type": "Point",
        "coordinates": [
          -48.21030835,
          -18.88861036
        ]
      },
      "properties": {
        "codigo": "L-335",
        "endereco": "Alameda Africa, 1, Mansões Aeroporto, Uberlândia, Minas Gerais, Brasil",
        "qtld": "24 A"
      }
    },
    {
      "type": "Feature",
      "geometry": {
        "type": "Point",
        "coordinates": [
          -48.21040145,
          -18.88592691
        ]
      },
      "properties": {
        "codigo": "L-336",
        "endereco": "Alameda Asia, 1613, Mansões Aeroporto, Uberlândia, Minas Gerais, Brasil",
        "qtld": "22 A"
      }
    },
    {
      "type": "Feature",
      "geometry": {
        "type": "Point",
        "coordinates": [
          -48.20817175,
          -18.88286953
        ]
      },
      "properties": {
        "codigo": "L-337",
        "endereco": "Alameda Asia, 2010, Mansões Aeroporto, Uberlândia, Minas Gerais, Brasil",
        "qtld": "23 B"
      }
    },
    {
      "type": "Feature",
      "geometry": {
        "type": "Point",
        "coordinates": [
          -48.21055734,
          -18.88264548
        ]
      },
      "properties": {
        "codigo": "L-338",
        "endereco": "Alameda Europa, 1857, Mansões Aeroporto, Uberlândia, Minas Gerais, Brasil",
        "qtld": "21 A"
      }
    },
    {
      "type": "Feature",
      "geometry": {
        "type": "Point",
        "coordinates": [
          -48.21330851,
          -18.88302778
        ]
      },
      "properties": {
        "codigo": "L-339",
        "endereco": "Alameda City Campo, 1509, Mansões Aeroporto, Uberlândia, Minas Gerais, Brasil",
        "qtld": "20 A"
      }
    },
    {
      "type": "Feature",
      "geometry": {
        "type": "Point",
        "coordinates": [
          -48.21411468,
          -18.88542826
        ]
      },
      "properties": {
        "codigo": "L-340",
        "endereco": "Alameda City Campo, 1204, Mansões Aeroporto, Uberlândia, Minas Gerais, Brasil",
        "qtld": "21 C"
      }
    },
    {
      "type": "Feature",
      "geometry": {
        "type": "Point",
        "coordinates": [
          -48.21338088,
          -18.88840596
        ]
      },
      "properties": {
        "codigo": "L-341",
        "endereco": "Alameda dos Andes, 4, Mansões Aeroporto, Uberlândia, Minas Gerais, Brasil",
        "qtld": "15 B"
      }
    },
    {
      "type": "Feature",
      "geometry": {
        "type": "Point",
        "coordinates": [
          -48.21357534,
          -18.89188577
        ]
      },
      "properties": {
        "codigo": "L-342",
        "endereco": "Alameda Asia, 1, Mansões Aeroporto, Uberlândia, Minas Gerais, Brasil",
        "qtld": "14 B"
      }
    },
    {
      "type": "Feature",
      "geometry": {
        "type": "Point",
        "coordinates": [
          -48.21371762,
          -18.89464659
        ]
      },
      "properties": {
        "codigo": "L-343",
        "endereco": "Alameda Africa, 614, Mansões Aeroporto, Uberlândia, Minas Gerais, Brasil",
        "qtld": "8A"
      }
    },
    {
      "type": "Feature",
      "geometry": {
        "type": "Point",
        "coordinates": [
          -48.21669547,
          -18.8975959
        ]
      },
      "properties": {
        "codigo": "L-344",
        "endereco": "Alameda Africa, 101, Mansões Aeroporto, Uberlândia, Minas Gerais, Brasil",
        "qtld": "13 A"
      }
    },
    {
      "type": "Feature",
      "geometry": {
        "type": "Point",
        "coordinates": [
          -48.21665434,
          -18.89524833
        ]
      },
      "properties": {
        "codigo": "L-345",
        "endereco": "Alameda Asia, 1, Mansões Aeroporto, Uberlândia, Minas Gerais, Brasil",
        "qtld": "7 B"
      }
    },
    {
      "type": "Feature",
      "geometry": {
        "type": "Point",
        "coordinates": [
          -48.21659532,
          -18.89170199
        ]
      },
      "properties": {
        "codigo": "L-346",
        "endereco": "Alameda Europa, 714, Mansões Aeroporto, Uberlândia, Minas Gerais, Brasil",
        "qtld": "15 A"
      }
    },
    {
      "type": "Feature",
      "geometry": {
        "type": "Point",
        "coordinates": [
          -48.21658909,
          -18.88869519
        ]
      },
      "properties": {
        "codigo": "L-347",
        "endereco": "Alameda City Campo, 1, Mansões Aeroporto, Uberlândia, Minas Gerais, Brasil",
        "qtld": "17 C"
      }
    },
    {
      "type": "Feature",
      "geometry": {
        "type": "Point",
        "coordinates": [
          -48.21550549,
          -18.88376703
        ]
      },
      "properties": {
        "codigo": "L-348",
        "endereco": "Alameda Aconcagua, 1220, Mansoes Aeroporto, Uberlândia, Minas Gerais, Brasil",
        "qtld": "20 C"
      }
    },
    {
      "type": "Feature",
      "geometry": {
        "type": "Point",
        "coordinates": [
          -48.21901645,
          -18.88923102
        ]
      },
      "properties": {
        "codigo": "L-349",
        "endereco": "Alameda Himalaia, 741, Mansões Aeroporto, Uberlândia, Minas Gerais, Brasil",
        "qtld": "18 D"
      }
    },
    {
      "type": "Feature",
      "geometry": {
        "type": "Point",
        "coordinates": [
          -48.24077132,
          -18.90051388
        ]
      },
      "properties": {
        "codigo": "L-35",
        "endereco": "Rua Florestano de Macedo, 6610, Tibery, Uberlândia, Minas Gerais, Brasil",
        "qtld": "20 D"
      }
    },
    {
      "type": "Feature",
      "geometry": {
        "type": "Point",
        "coordinates": [
          -48.220079,
          -18891652
        ]
      },
      "properties": {
        "codigo": "L-350",
        "endereco": "Alameda Himalaia, 484, Mansões Aeroporto, Uberlândia, Minas Gerais, Brasil",
        "qtld": "3 E"
      }
    },
    {
      "type": "Feature",
      "geometry": {
        "type": "Point",
        "coordinates": [
          -48.21962645,
          -18.8946747
        ]
      },
      "properties": {
        "codigo": "L-351",
        "endereco": "Alameda America, 240, Mansões Aeroporto, Uberlândia, Minas Gerais, Brasil",
        "qtld": "6 C"
      }
    },
    {
      "type": "Feature",
      "geometry": {
        "type": "Point",
        "coordinates": [
          -48.22260095,
          -18.89479213
        ]
      },
      "properties": {
        "codigo": "L-352",
        "endereco": "Alameda Himalaia, 500, Mansões Aeroporto, Uberlândia, Minas Gerais, Brasil",
        "qtld": "5A"
      }
    },
    {
      "type": "Feature",
      "geometry": {
        "type": "Point",
        "coordinates": [
          -48.22242759,
          -18.88903755
        ]
      },
      "properties": {
        "codigo": "L-353",
        "endereco": "Rua Philomena Borges Barcelo, 26, Jardim Ipanema, Uberlândia, Minas Gerais, Brasil",
        "qtld": "101 B"
      }
    },
    {
      "type": "Feature",
      "geometry": {
        "type": "Point",
        "coordinates": [
          -48.22271222,
          -18.88568107
        ]
      },
      "properties": {
        "codigo": "L-354",
        "endereco": "Rua Antonio Luiz de Mendonça, 68, Jardim Ipanema, Uberlândia, Minas Gerais, Brasil",
        "qtld": "93 D"
      }
    },
    {
      "type": "Feature",
      "geometry": {
        "type": "Point",
        "coordinates": [
          -48.21936681,
          -18.88598985
        ]
      },
      "properties": {
        "codigo": "L-355",
        "endereco": "Rua Ocidental, 167, Jardim Ipanema, Uberlândia, Minas Gerais, Brasil",
        "qtld": "88 B"
      }
    },
    {
      "type": "Feature",
      "geometry": {
        "type": "Point",
        "coordinates": [
          -48.21985139,
          -18.88288143
        ]
      },
      "properties": {
        "codigo": "L-356",
        "endereco": "Avenida Sideral, 1270, Jardim Ipanema, Uberlândia, Minas Gerais, Brasil",
        "qtld": "76 D"
      }
    },
    {
      "type": "Feature",
      "geometry": {
        "type": "Point",
        "coordinates": [
          -48.21646171,
          -18.88283964
        ]
      },
      "properties": {
        "codigo": "L-357",
        "endereco": "Rua Marcely Manoel Barcelos, 523, Jardim Ipanema, Uberlândia, Minas Gerais, Brasil",
        "qtld": "70 B"
      }
    },
    {
      "type": "Feature",
      "geometry": {
        "type": "Point",
        "coordinates": [
          -48.21363571,
          -18.87969994
        ]
      },
      "properties": {
        "codigo": "L-358",
        "endereco": "Rua Nilton Ferreira Rodrigues, 680, Jardim Ipanema, Uberlândia, Minas Gerais, Brasil",
        "qtld": "38 B"
      }
    },
    {
      "type": "Feature",
      "geometry": {
        "type": "Point",
        "coordinates": [
          -48.21064167,
          -18.87982136
        ]
      },
      "properties": {
        "codigo": "L-359",
        "endereco": "Rua Chica da Silva, 1, Jardim Ipanema, Uberlândia, Minas Gerais, Brasil",
        "qtld": "48 C"
      }
    },
    {
      "type": "Feature",
      "geometry": {
        "type": "Point",
        "coordinates": [
          -48.24028103,
          -18.90385644
        ]
      },
      "properties": {
        "codigo": "L-36",
        "endereco": "Praça Renato Humberto Calcagno, 100, Tibery, Uberlândia, Minas Gerais, Brasil",
        "qtld": "10 B"
      }
    },
    {
      "type": "Feature",
      "geometry": {
        "type": "Point",
        "coordinates": [
          -48.22272797,
          -18.89170142
        ]
      },
      "properties": {
        "codigo": "L-360",
        "endereco": "Rua Genuveva Resende Santos, 97, Jardim Ipanema, Uberlândia, Minas Gerais, Brasil",
        "qtld": "105 D"
      }
    },
    {
      "type": "Feature",
      "geometry": {
        "type": "Point",
        "coordinates": [
          -48.21071462,
          -18.87706651
        ]
      },
      "properties": {
        "codigo": "L-361",
        "endereco": "Rua Angela Monteiro Galassi, 1, Jardim Ipanema, Uberlândia, Minas Gerais, Brasil",
        "qtld": "44 B"
      }
    },
    {
      "type": "Feature",
      "geometry": {
        "type": "Point",
        "coordinates": [
          -48.21363455,
          -18.87684596
        ]
      },
      "properties": {
        "codigo": "L-362",
        "endereco": "Rua Bianor Alves de Andrade, 548, Jardim Ipanema, Uberlândia, Minas Gerais, Brasil",
        "qtld": "27 C"
      }
    },
    {
      "type": "Feature",
      "geometry": {
        "type": "Point",
        "coordinates": [
          -48.21681064,
          -18.87389601
        ]
      },
      "properties": {
        "codigo": "L-364",
        "endereco": "Rua das Gameleiras, 1, Jardim Ipanema, Uberlândia, Minas Gerais, Brasil",
        "qtld": "2 C"
      }
    },
    {
      "type": "Feature",
      "geometry": {
        "type": "Point",
        "coordinates": [
          -48.21661933,
          -18.8770565
        ]
      },
      "properties": {
        "codigo": "L-365",
        "endereco": "Rua Aristineta Rosa Medeiros, 274, Jardim Ipanema, Uberlândia, Minas Gerais, Brasil",
        "qtld": "22 B"
      }
    },
    {
      "type": "Feature",
      "geometry": {
        "type": "Point",
        "coordinates": [
          -48.2166466,
          -18.87965532
        ]
      },
      "properties": {
        "codigo": "L-366",
        "endereco": "Rua Ocidental, 1, Jardim Ipanema, Uberlândia, Minas Gerais, Brasil",
        "qtld": "18 B"
      }
    },
    {
      "type": "Feature",
      "geometry": {
        "type": "Point",
        "coordinates": [
          -48.21953632,
          -18.87970102
        ]
      },
      "properties": {
        "codigo": "L-367",
        "endereco": "Praça Bandeirante, 100, Jardim Ipanema, Uberlândia, Minas Gerais, Brasil",
        "qtld": "13 D"
      }
    },
    {
      "type": "Feature",
      "geometry": {
        "type": "Point",
        "coordinates": [
          -48.21927745,
          -18.87688531
        ]
      },
      "properties": {
        "codigo": "L-368",
        "endereco": "Rua Oriental, 1, Jardim Ipanema, Uberlândia, Minas Gerais, Brasil",
        "qtld": "9 C"
      }
    },
    {
      "type": "Feature",
      "geometry": {
        "type": "Point",
        "coordinates": [
          -48.24054115,
          -18.90678859
        ]
      },
      "properties": {
        "codigo": "L-37",
        "endereco": "Rua Pirapora, 190, Tibery, Uberlândia, Minas Gerais, Brasil",
        "qtld": "84 B"
      }
    },
    {
      "type": "Feature",
      "geometry": {
        "type": "Point",
        "coordinates": [
          -48.23734994,
          -18.90400824
        ]
      },
      "properties": {
        "codigo": "L-38",
        "endereco": "Avenida Italia, 355, Tibery, Uberlândia, Minas Gerais, Brasil",
        "qtld": "6 D"
      }
    },
    {
      "type": "Feature",
      "geometry": {
        "type": "Point",
        "coordinates": [
          -48.21117267,
          -18.86172359
        ]
      },
      "properties": {
        "codigo": "L-393",
        "endereco": "Rua Ignes Norvina da Conceiçao, 264, Morada dos Passaros, Uberlândia, Minas Gerais, Brasil",
        "qtld": "29 C"
      }
    },
    {
      "type": "Feature",
      "geometry": {
        "type": "Point",
        "coordinates": [
          -48.21332359,
          -18.86195105
        ]
      },
      "properties": {
        "codigo": "L-398",
        "endereco": "Rua Sebastiao Assis Campos, 39, Morada dos Passaros, Uberlândia, Minas Gerais, Brasil",
        "qtld": "30 B"
      }
    },
    {
      "type": "Feature",
      "geometry": {
        "type": "Point",
        "coordinates": [
          -48.2166763,
          -18.86187223
        ]
      },
      "properties": {
        "codigo": "L-399",
        "endereco": "Rua Adevanir Alvarenga da Silva, 1, Morada dos Passaros, Uberlândia, Minas Gerais, Brasil",
        "qtld": "26 B"
      }
    },
    {
      "type": "Feature",
      "geometry": {
        "type": "Point",
        "coordinates": [
          -48.25841684,
          -18.90376261
        ]
      },
      "properties": {
        "codigo": "L-4",
        "endereco": "Rua Curitiba, 1, Tibery, Uberlândia, Minas Gerais, Brasil",
        "qtld": "202 A"
      }
    },
    {
      "type": "Feature",
      "geometry": {
        "type": "Point",
        "coordinates": [
          -48.21730663,
          -18.86506496
        ]
      },
      "properties": {
        "codigo": "L-400",
        "endereco": "Rua dos Balsamos, 1000, Morada dos Passaros, Uberlândia, Minas Gerais, Brasil",
        "qtld": "6 B"
      }
    },
    {
      "type": "Feature",
      "geometry": {
        "type": "Point",
        "coordinates": [
          -48.21656822,
          -18.86738491
        ]
      },
      "properties": {
        "codigo": "L-401",
        "endereco": "Rua das Perobas, 1, Morada dos Passaros, Uberlândia, Minas Gerais, Brasil",
        "qtld": "7 D"
      }
    },
    {
      "type": "Feature",
      "geometry": {
        "type": "Point",
        "coordinates": [
          -48.21652217,
          -18.8712734
        ]
      },
      "properties": {
        "codigo": "L-402",
        "endereco": "Rua Ipe, 599, Morada dos Passaros, Uberlândia, Minas Gerais, Brasil",
        "qtld": "2 D"
      }
    },
    {
      "type": "Feature",
      "geometry": {
        "type": "Point",
        "coordinates": [
          -48.21943741,
          -18.87069451
        ]
      },
      "properties": {
        "codigo": "L-403",
        "endereco": "Rua das Palmeiras, 1, Morada dos Passaros, Uberlândia, Minas Gerais, Brasil",
        "qtld": "9 B"
      }
    },
    {
      "type": "Feature",
      "geometry": {
        "type": "Point",
        "coordinates": [
          -48.21970314,
          -18.86842284
        ]
      },
      "properties": {
        "codigo": "L-404",
        "endereco": "Rua dos Balsamos, 230, Morada dos Passaros, Uberlândia, Minas Gerais, Brasil",
        "qtld": "8 B"
      }
    },
    {
      "type": "Feature",
      "geometry": {
        "type": "Point",
        "coordinates": [
          -48.219584,
          -18.86462381
        ]
      },
      "properties": {
        "codigo": "L-405",
        "endereco": "Rua Sonia Maria Ferreira, 1, Morada dos Passaros, Uberlândia, Minas Gerais, Brasil",
        "qtld": "23 D"
      }
    },
    {
      "type": "Feature",
      "geometry": {
        "type": "Point",
        "coordinates": [
          -48.21959897,
          -18.86185925
        ]
      },
      "properties": {
        "codigo": "L-406",
        "endereco": "Rua Joaquim Quirino da Silva, 418, Morada dos Passaros, Uberlândia, Minas Gerais, Brasil",
        "qtld": "39 D"
      }
    },
    {
      "type": "Feature",
      "geometry": {
        "type": "Point",
        "coordinates": [
          -48.2225834,
          -18.86479788
        ]
      },
      "properties": {
        "codigo": "L-412",
        "endereco": "Rua Conceicao de Araujo Crosara, 1, Morada dos Passaros, Uberlândia, Minas Gerais, Brasil",
        "qtld": "21 C"
      }
    },
    {
      "type": "Feature",
      "geometry": {
        "type": "Point",
        "coordinates": [
          -48.2226718,
          -18.86798307
        ]
      },
      "properties": {
        "codigo": "L-413",
        "endereco": "Rua das Palmeiras, 1, Morada dos Passaros, Uberlândia, Minas Gerais, Brasil",
        "qtld": "12 B"
      }
    },
    {
      "type": "Feature",
      "geometry": {
        "type": "Point",
        "coordinates": [
          -48.22536669,
          -18.8680505
        ]
      },
      "properties": {
        "codigo": "L-415",
        "endereco": "Rua Mario Faria, 1, Aclimação, Uberlândia, Minas Gerais, Brasil",
        "qtld": "7 D"
      }
    },
    {
      "type": "Feature",
      "geometry": {
        "type": "Point",
        "coordinates": [
          -48.22571745,
          -18.87090675
        ]
      },
      "properties": {
        "codigo": "L-416",
        "endereco": "Rua Euclides Ferreira Tavares, 2385, Aclimação, Uberlândia, Minas Gerais, Brasil",
        "qtld": "13 B"
      }
    },
    {
      "type": "Feature",
      "geometry": {
        "type": "Point",
        "coordinates": [
          -48.22558175,
          -18.87373846
        ]
      },
      "properties": {
        "codigo": "L-417",
        "endereco": "Avenida Orlandina Ondina, 1232, Aclimação, Uberlândia, Minas Gerais, Brasil",
        "qtld": "17 D"
      }
    },
    {
      "type": "Feature",
      "geometry": {
        "type": "Point",
        "coordinates": [
          -48.22611469,
          -18.87650573
        ]
      },
      "properties": {
        "codigo": "L-418",
        "endereco": "Rua Jose Cruz Rezende, 919, Aclimação, Uberlândia, Minas Gerais, Brasil",
        "qtld": "23 B"
      }
    },
    {
      "type": "Feature",
      "geometry": {
        "type": "Point",
        "coordinates": [
          -48.22853789,
          -18.87968558
        ]
      },
      "properties": {
        "codigo": "L-419",
        "endereco": "Rua Euclides Ferreira Tavares, 1364, Aclimação, Uberlândia, Minas Gerais, Brasil",
        "qtld": "95 B"
      }
    },
    {
      "type": "Feature",
      "geometry": {
        "type": "Point",
        "coordinates": [
          -48.23725438,
          -18.90609712
        ]
      },
      "properties": {
        "codigo": "L-42",
        "endereco": "Rua Haia, 1, Parque do Sabia, Uberlândia, Minas Gerais, Brasil",
        "qtld": "1 D"
      }
    },
    {
      "type": "Feature",
      "geometry": {
        "type": "Point",
        "coordinates": [
          -48.22873815,
          -18.88301755
        ]
      },
      "properties": {
        "codigo": "L-420",
        "endereco": "Avenida Orlandina Ondina, 172, Aclimação, Uberlândia, Minas Gerais, Brasil",
        "qtld": "130 A"
      }
    },
    {
      "type": "Feature",
      "geometry": {
        "type": "Point",
        "coordinates": [
          -48.23163421,
          -18.8826717
        ]
      },
      "properties": {
        "codigo": "L-421",
        "endereco": "Rua Firmino Grama, 1, Aclimação, Uberlândia, Minas Gerais, Brasil",
        "qtld": "123 B"
      }
    },
    {
      "type": "Feature",
      "geometry": {
        "type": "Point",
        "coordinates": [
          -48.23206087,
          -18.88557735
        ]
      },
      "properties": {
        "codigo": "L-422",
        "endereco": "Alameda Um, 50, Aclimação, Uberlândia, Minas Gerais, Brasil",
        "qtld": "23 B"
      }
    },
    {
      "type": "Feature",
      "geometry": {
        "type": "Point",
        "coordinates": [
          -48.2345626,
          -18885469
        ]
      },
      "properties": {
        "codigo": "L-423",
        "endereco": "Rua Planicie, 1, Aclimação, Uberlândia, Minas Gerais, Brasil",
        "qtld": "137 C"
      }
    },
    {
      "type": "Feature",
      "geometry": {
        "type": "Point",
        "coordinates": [
          -48.2346645,
          -18.8828964
        ]
      },
      "properties": {
        "codigo": "L-424",
        "endereco": "Alameda do Condado, 1, Aclimação, Uberlândia, Minas Gerais, Brasil",
        "qtld": "143 A"
      }
    },
    {
      "type": "Feature",
      "geometry": {
        "type": "Point",
        "coordinates": [
          -48.23161382,
          -18.87970317
        ]
      },
      "properties": {
        "codigo": "L-425",
        "endereco": "Rua Geraldo Rodrigues de Queiroz, 1, Aclimação, Uberlândia, Minas Gerais, Brasil",
        "qtld": "90 D"
      }
    },
    {
      "type": "Feature",
      "geometry": {
        "type": "Point",
        "coordinates": [
          -48.22840846,
          -18.8763673
        ]
      },
      "properties": {
        "codigo": "L-426",
        "endereco": "Rua Mario Faria, 1189, Aclimação, Uberlândia, Minas Gerais, Brasil",
        "qtld": "26 C"
      }
    },
    {
      "type": "Feature",
      "geometry": {
        "type": "Point",
        "coordinates": [
          -48.22849016,
          -18.87340326
        ]
      },
      "properties": {
        "codigo": "L-427",
        "endereco": "Avenida dos Ferreiras, 665, Aclimação, Uberlândia, Minas Gerais, Brasil",
        "qtld": "58 A"
      }
    },
    {
      "type": "Feature",
      "geometry": {
        "type": "Point",
        "coordinates": [
          -48.2285289,
          -18.8706785
        ]
      },
      "properties": {
        "codigo": "L-428",
        "endereco": "Avenida dos Ferreiras - Rua 9, na praça, 525, Aclimação, Uberlândia, Minas Gerais, Brasil",
        "qtld": "58 A"
      }
    },
    {
      "type": "Feature",
      "geometry": {
        "type": "Point",
        "coordinates": [
          -48.2286501,
          -18.8677471
        ]
      },
      "properties": {
        "codigo": "L-429",
        "endereco": "Avenida dos Ferreiras - Rua 18, nº 106, 475, Aclimação, Uberlândia, Minas Gerais, Brasil",
        "qtld": "58 A"
      }
    },
    {
      "type": "Feature",
      "geometry": {
        "type": "Point",
        "coordinates": [
          -48.23150181,
          -18.8678719
        ]
      },
      "properties": {
        "codigo": "L-432",
        "endereco": "Alameda Murici do Cerrado, 135, Aclimação, Uberlândia, Minas Gerais, Brasil",
        "qtld": "66 A"
      }
    },
    {
      "type": "Feature",
      "geometry": {
        "type": "Point",
        "coordinates": [
          -48.23163105,
          -18.87095762
        ]
      },
      "properties": {
        "codigo": "L-433",
        "endereco": "Avenida dos Ferreiras - Cond Terra Nova, Rua 3 nº 360, 475, Aclimação, Uberlândia, Minas Gerais, Brasil",
        "qtld": "58 A"
      }
    },
    {
      "type": "Feature",
      "geometry": {
        "type": "Point",
        "coordinates": [
          -48.2343893,
          -18.87059568
        ]
      },
      "properties": {
        "codigo": "L-434",
        "endereco": "Alameda Ecologica, 1, Aclimação, Uberlândia, Minas Gerais, Brasil",
        "qtld": "68 C"
      }
    },
    {
      "type": "Feature",
      "geometry": {
        "type": "Point",
        "coordinates": [
          -48.2315268,
          -18.87403069
        ]
      },
      "properties": {
        "codigo": "L-435",
        "endereco": "Avenida dos Ferreiras - Cond Terra Nova III, Rua Via 4 nº 328, 530, Aclimação, Uberlândia, Minas Gerais, Brasil",
        "qtld": "57 C"
      }
    },
    {
      "type": "Feature",
      "geometry": {
        "type": "Point",
        "coordinates": [
          -48.23457466,
          -18.87389244
        ]
      },
      "properties": {
        "codigo": "L-436",
        "endereco": "Alameda Mutumba, 20, Aclimação, Uberlândia, Minas Gerais, Brasil",
        "qtld": "54 C"
      }
    },
    {
      "type": "Feature",
      "geometry": {
        "type": "Point",
        "coordinates": [
          -48.23170246,
          -18.87661652
        ]
      },
      "properties": {
        "codigo": "L-437",
        "endereco": "Alameda Paineira da india, 1, Aclimação, Uberlândia, Minas Gerais, Brasil",
        "qtld": "48 A"
      }
    },
    {
      "type": "Feature",
      "geometry": {
        "type": "Point",
        "coordinates": [
          -48.2344,
          -18.87670492
        ]
      },
      "properties": {
        "codigo": "L-438",
        "endereco": "Alameda Pau Brasil, 114, Aclimação, Uberlândia, Minas Gerais, Brasil",
        "qtld": "49 C"
      }
    },
    {
      "type": "Feature",
      "geometry": {
        "type": "Point",
        "coordinates": [
          -48.23463323,
          -18.87993378
        ]
      },
      "properties": {
        "codigo": "L-439",
        "endereco": "Rua Goncalo Patricio Navarro Silveira, 62, Aclimação, Uberlândia, Minas Gerais, Brasil",
        "qtld": "110 A"
      }
    },
    {
      "type": "Feature",
      "geometry": {
        "type": "Point",
        "coordinates": [
          -48.23763154,
          -18.88332838
        ]
      },
      "properties": {
        "codigo": "L-442",
        "endereco": "Avenida dos Tupinambas, 1, Aclimação, Uberlândia, Minas Gerais, Brasil",
        "qtld": "149 B"
      }
    },
    {
      "type": "Feature",
      "geometry": {
        "type": "Point",
        "coordinates": [
          -48.237573,
          -18885586
        ]
      },
      "properties": {
        "codigo": "L-443",
        "endereco": "Alameda Dos Javaes, 1, Aclimação, Uberlândia, Minas Gerais, Brasil",
        "qtld": "146 A"
      }
    },
    {
      "type": "Feature",
      "geometry": {
        "type": "Point",
        "coordinates": [
          -48.24056221,
          -18.88222386
        ]
      },
      "properties": {
        "codigo": "L-444",
        "endereco": "Alameda Dos Terenas, 31, Aclimacao, Uberlândia, Minas Gerais, Brasil",
        "qtld": "175 B"
      }
    },
    {
      "type": "Feature",
      "geometry": {
        "type": "Point",
        "coordinates": [
          -48.24365354,
          -18.87986893
        ]
      },
      "properties": {
        "codigo": "L-445",
        "endereco": "Avenida Maria Silva Garcia, 1, Granja Marileusa, Uberlândia, Minas Gerais, Brasil",
        "qtld": "2 C"
      }
    },
    {
      "type": "Feature",
      "geometry": {
        "type": "Point",
        "coordinates": [
          -48.24644125,
          -18.87959224
        ]
      },
      "properties": {
        "codigo": "L-446",
        "endereco": "Avenida MariaSilva Garcia, 385, Granja Marileusa, Uberlândia, Minas Gerais, Brasil",
        "qtld": "18 C"
      }
    },
    {
      "type": "Feature",
      "geometry": {
        "type": "Point",
        "coordinates": [
          -48.24946261,
          -18.87972034
        ]
      },
      "properties": {
        "codigo": "L-447",
        "endereco": "Avenida Floriano Peixoto, 5525, Granja Marileusa, Uberlândia, Minas Gerais, Brasil",
        "qtld": "29 D"
      }
    },
    {
      "type": "Feature",
      "geometry": {
        "type": "Point",
        "coordinates": [
          -48.25254574,
          -18.87980169
        ]
      },
      "properties": {
        "codigo": "L-448",
        "endereco": "Rua Adhemar Freitas Macedo, 270, Alto Umuarama, Uberlândia, Minas Gerais, Brasil",
        "qtld": "8A"
      }
    },
    {
      "type": "Feature",
      "geometry": {
        "type": "Point",
        "coordinates": [
          -48.24888267,
          -18.87994456
        ]
      },
      "properties": {
        "codigo": "L-449",
        "endereco": "Rua Joao Ratchiff, 116, Granja Marileusa, Uberlândia, Minas Gerais, Brasil",
        "qtld": "20 A"
      }
    },
    {
      "type": "Feature",
      "geometry": {
        "type": "Point",
        "coordinates": [
          -48.24652299,
          -18.8769499
        ]
      },
      "properties": {
        "codigo": "L-453",
        "endereco": "Rua Lapa do Lobo, 75, Granja Marileusa, Uberlândia, Minas Gerais, Brasil",
        "qtld": "15 C"
      }
    },
    {
      "type": "Feature",
      "geometry": {
        "type": "Point",
        "coordinates": [
          -48.24372246,
          -18.87718532
        ]
      },
      "properties": {
        "codigo": "L-454",
        "endereco": "Rua Lapa do Lobo, 16, Cond. Vilage Paradiso 2, Uberlândia, Minas Gerais, Brasil",
        "qtld": "1 B"
      }
    },
    {
      "type": "Feature",
      "geometry": {
        "type": "Point",
        "coordinates": [
          -48.23750935,
          -18.8767785
        ]
      },
      "properties": {
        "codigo": "L-456",
        "endereco": "Alameda dos Ingas, 1, Cond. Paradiso, Uberlândia, Minas Gerais, Brasil",
        "qtld": "09A"
      }
    },
    {
      "type": "Feature",
      "geometry": {
        "type": "Point",
        "coordinates": [
          -48.2376526,
          -18.87372244
        ]
      },
      "properties": {
        "codigo": "L-457",
        "endereco": "Alameda dos Ingas, 305, Cond. Paradiso Ecológico, Uberlândia, Minas Gerais, Brasil",
        "qtld": "09A"
      }
    },
    {
      "type": "Feature",
      "geometry": {
        "type": "Point",
        "coordinates": [
          -48.24342125,
          -18.87355194
        ]
      },
      "properties": {
        "codigo": "L-459",
        "endereco": "Rua Lapa do Lobo, 1, Granja Marileusa, Uberlândia, Minas Gerais, Brasil",
        "qtld": "4 B"
      }
    },
    {
      "type": "Feature",
      "geometry": {
        "type": "Point",
        "coordinates": [
          -48.23370537,
          -18.90623098
        ]
      },
      "properties": {
        "codigo": "L-46",
        "endereco": "Rua Haia, 1, Parque do Sabia, Uberlândia, Minas Gerais, Brasil",
        "qtld": "5A"
      }
    },
    {
      "type": "Feature",
      "geometry": {
        "type": "Point",
        "coordinates": [
          -48.24661619,
          -18.87347423
        ]
      },
      "properties": {
        "codigo": "L-460",
        "endereco": "Avenida Floriano Peixoto, 6495, Granja Marileusa, Uberlândia, Minas Gerais, Brasil",
        "qtld": "11 C"
      }
    },
    {
      "type": "Feature",
      "geometry": {
        "type": "Point",
        "coordinates": [
          -48.25297345,
          -18.87343241
        ]
      },
      "properties": {
        "codigo": "L-462",
        "endereco": "Rua Valenca, 501, Cond. Alphaville II, Uberlândia, Minas Gerais, Brasil",
        "qtld": "8A"
      }
    },
    {
      "type": "Feature",
      "geometry": {
        "type": "Point",
        "coordinates": [
          -48.25241962,
          -18.87071282
        ]
      },
      "properties": {
        "codigo": "L-465",
        "endereco": "Rua Barcelos, 1, Cond. Alphaville II, Uberlândia, Minas Gerais, Brasil",
        "qtld": "5 C"
      }
    },
    {
      "type": "Feature",
      "geometry": {
        "type": "Point",
        "coordinates": [
          -48.24935572,
          -18.87064295
        ]
      },
      "properties": {
        "codigo": "L-466",
        "endereco": "Rua Evora, 1, Cond. Alphaville II, Uberlândia, Minas Gerais, Brasil",
        "qtld": "10A"
      }
    },
    {
      "type": "Feature",
      "geometry": {
        "type": "Point",
        "coordinates": [
          -48.24073717,
          -18.87030625
        ]
      },
      "properties": {
        "codigo": "L-469",
        "endereco": "Rua Lapa do Lobo, 815, Granja Marileusa, Uberlândia, Minas Gerais, Brasil",
        "qtld": "4 B"
      }
    },
    {
      "type": "Feature",
      "geometry": {
        "type": "Point",
        "coordinates": [
          -48.23760733,
          -18.87077618
        ]
      },
      "properties": {
        "codigo": "L-470",
        "endereco": "Rua Pamplona, 1, Cond. Alphaville II, Uberlândia, Minas Gerais, Brasil",
        "qtld": "6A"
      }
    },
    {
      "type": "Feature",
      "geometry": {
        "type": "Point",
        "coordinates": [
          -48.23467803,
          -18.86788146
        ]
      },
      "properties": {
        "codigo": "L-471",
        "endereco": "Rua 2, 11, Granja Marileusa, Uberlândia, Minas Gerais, Brasil",
        "qtld": "5A"
      }
    },
    {
      "type": "Feature",
      "geometry": {
        "type": "Point",
        "coordinates": [
          -48.2377792,
          -18.86757377
        ]
      },
      "properties": {
        "codigo": "L-472",
        "endereco": "Rua Catargena, 1, Cond. Alphaville I, Uberlândia, Minas Gerais, Brasil",
        "qtld": "11A"
      }
    },
    {
      "type": "Feature",
      "geometry": {
        "type": "Point",
        "coordinates": [
          -48.24947093,
          -18.86792286
        ]
      },
      "properties": {
        "codigo": "L-476",
        "endereco": "Rua Valença, 61, Condominio Alphaville 2, Uberlândia, Minas Gerais, Brasil",
        "qtld": "2A"
      }
    },
    {
      "type": "Feature",
      "geometry": {
        "type": "Point",
        "coordinates": [
          -48.23499159,
          -18.91198909
        ]
      },
      "properties": {
        "codigo": "L-48",
        "endereco": "Rua Haia, 1, Parque do Sabia, Uberlândia, Minas Gerais, Brasil",
        "qtld": "1 D"
      }
    },
    {
      "type": "Feature",
      "geometry": {
        "type": "Point",
        "coordinates": [
          -48.23421734,
          -18.86540699
        ]
      },
      "properties": {
        "codigo": "L-484",
        "endereco": "Rua 4, 36, Cond. Casas Alto Paradiso, Uberlândia, Minas Gerais, Brasil",
        "qtld": "2A"
      }
    },
    {
      "type": "Feature",
      "geometry": {
        "type": "Point",
        "coordinates": [
          -48.23082854,
          -18.91264092
        ]
      },
      "properties": {
        "codigo": "L-49",
        "endereco": "Avenida Jose Roberto Migliorini, 1, Parque do Sabia, Uberlândia, Minas Gerais, Brasil",
        "qtld": "2 B"
      }
    },
    {
      "type": "Feature",
      "geometry": {
        "type": "Point",
        "coordinates": [
          -48.24378235,
          -18.86142063
        ]
      },
      "properties": {
        "codigo": "L-490",
        "endereco": "Rua Livorno, 151, Cond. Terras Alpha, Uberlândia, Minas Gerais, Brasil",
        "qtld": "13 A"
      }
    },
    {
      "type": "Feature",
      "geometry": {
        "type": "Point",
        "coordinates": [
          -48.24349187,
          -18.85878077
        ]
      },
      "properties": {
        "codigo": "L-497",
        "endereco": "Rua Benevento, 1, Condominio Terras Alpha, Uberlândia, Minas Gerais, Brasil",
        "qtld": "2 C"
      }
    },
    {
      "type": "Feature",
      "geometry": {
        "type": "Point",
        "coordinates": [
          -48.24667493,
          -18.85584469
        ]
      },
      "properties": {
        "codigo": "L-499",
        "endereco": "Rua Assis, 1, Cond. Terras Alpha, Uberlândia, Minas Gerais, Brasil",
        "qtld": "7 C"
      }
    },
    {
      "type": "Feature",
      "geometry": {
        "type": "Point",
        "coordinates": [
          -48.25888818,
          -18.90666576
        ]
      },
      "properties": {
        "codigo": "L-5",
        "endereco": "Rua Natal, 1624, Tibery, Uberlândia, Minas Gerais, Brasil",
        "qtld": "223 B"
      }
    },
    {
      "type": "Feature",
      "geometry": {
        "type": "Point",
        "coordinates": [
          -48.23184544,
          -18.91050337
        ]
      },
      "properties": {
        "codigo": "L-50",
        "endereco": "Rua Haia, 1, Parque do Sabia, Uberlândia, Minas Gerais, Brasil",
        "qtld": "1 D"
      }
    },
    {
      "type": "Feature",
      "geometry": {
        "type": "Point",
        "coordinates": [
          -48.24341194,
          -18.8559516
        ]
      },
      "properties": {
        "codigo": "L-500",
        "endereco": "Rua Siena, 341, Condominio Terras Alpha, Uberlândia, Minas Gerais, Brasil",
        "qtld": "3A"
      }
    },
    {
      "type": "Feature",
      "geometry": {
        "type": "Point",
        "coordinates": [
          -48.25240277,
          -18.88253688
        ]
      },
      "properties": {
        "codigo": "L-515",
        "endereco": "Avenida Doutor Vicente Salles Guimaraes, 200, Alto Umuarama, Uberlândia, Minas Gerais, Brasil",
        "qtld": "3 D"
      }
    },
    {
      "type": "Feature",
      "geometry": {
        "type": "Point",
        "coordinates": [
          -48.2500339,
          -18.88230537
        ]
      },
      "properties": {
        "codigo": "L-516",
        "endereco": "Avenida Floriano Peixoto, 5214, Alto Umuarama, Uberlândia, Minas Gerais, Brasil",
        "qtld": "20 B"
      }
    },
    {
      "type": "Feature",
      "geometry": {
        "type": "Point",
        "coordinates": [
          -48.24672471,
          -18.88294288
        ]
      },
      "properties": {
        "codigo": "L-517",
        "endereco": "Rua Alberto Gomes, 199, Alto Umuarama, Uberlândia, Minas Gerais, Brasil",
        "qtld": "24 A"
      }
    },
    {
      "type": "Feature",
      "geometry": {
        "type": "Point",
        "coordinates": [
          -48.24332561,
          -18.88268206
        ]
      },
      "properties": {
        "codigo": "L-518",
        "endereco": "Avenida Laerte Caetano, 1, Alto Umuarama, Uberlândia, Minas Gerais, Brasil",
        "qtld": "27 A"
      }
    },
    {
      "type": "Feature",
      "geometry": {
        "type": "Point",
        "coordinates": [
          -48.24650679,
          -18.88579846
        ]
      },
      "properties": {
        "codigo": "L-519",
        "endereco": "Rua Francisco Candido Xavier, 50, Alto Umuarama, Uberlândia, Minas Gerais, Brasil",
        "qtld": "30 D"
      }
    },
    {
      "type": "Feature",
      "geometry": {
        "type": "Point",
        "coordinates": [
          -48.24350532,
          -18.88592284
        ]
      },
      "properties": {
        "codigo": "L-520",
        "endereco": "Rua Anisio Antonio de Carvalho, 239, Alto Umuarama, Uberlândia, Minas Gerais, Brasil",
        "qtld": "105 A"
      }
    },
    {
      "type": "Feature",
      "geometry": {
        "type": "Point",
        "coordinates": [
          -48.24057045,
          -18.88576212
        ]
      },
      "properties": {
        "codigo": "L-521",
        "endereco": "Rua Maria Jose Duraes, 1, Alto Umuarama, Uberlândia, Minas Gerais, Brasil",
        "qtld": "99 B"
      }
    },
    {
      "type": "Feature",
      "geometry": {
        "type": "Point",
        "coordinates": [
          -48.24339772,
          -18.8883949
        ]
      },
      "properties": {
        "codigo": "L-522",
        "endereco": "Rua Pedro Zanata, 1, Alto Umuarama, Uberlândia, Minas Gerais, Brasil",
        "qtld": "28 B"
      }
    },
    {
      "type": "Feature",
      "geometry": {
        "type": "Point",
        "coordinates": [
          -48.24065957,
          -18.88861595
        ]
      },
      "properties": {
        "codigo": "L-523",
        "endereco": "Avenida Dom Pedro II, 472, Alto Umuarama, Uberlândia, Minas Gerais, Brasil",
        "qtld": "39 A"
      }
    },
    {
      "type": "Feature",
      "geometry": {
        "type": "Point",
        "coordinates": [
          -48.23746637,
          -18.8883194
        ]
      },
      "properties": {
        "codigo": "L-524",
        "endereco": "Rua Luis Roberto Alcantara, 1000, Alto Umuarama, Uberlândia, Minas Gerais, Brasil",
        "qtld": "85 B"
      }
    },
    {
      "type": "Feature",
      "geometry": {
        "type": "Point",
        "coordinates": [
          -48.2345482,
          -18.88839135
        ]
      },
      "properties": {
        "codigo": "L-525",
        "endereco": "Rua Jose Humberto Alcantara, 1209, Alto Umuarama, Uberlândia, Minas Gerais, Brasil",
        "qtld": "80 A"
      }
    },
    {
      "type": "Feature",
      "geometry": {
        "type": "Point",
        "coordinates": [
          -48.23164472,
          -18.8887186
        ]
      },
      "properties": {
        "codigo": "L-526",
        "endereco": "Rua Gago Coutinho, 311, Alto Umuarama, Uberlândia, Minas Gerais, Brasil",
        "qtld": "73 A"
      }
    },
    {
      "type": "Feature",
      "geometry": {
        "type": "Point",
        "coordinates": [
          -48.23455227,
          -18.89143675
        ]
      },
      "properties": {
        "codigo": "L-527",
        "endereco": "Rua Jarbas de Oliveira Soares, 1, Alto Umuarama, Uberlândia, Minas Gerais, Brasil",
        "qtld": "61 A"
      }
    },
    {
      "type": "Feature",
      "geometry": {
        "type": "Point",
        "coordinates": [
          -48.23752716,
          -18.89174506
        ]
      },
      "properties": {
        "codigo": "L-528",
        "endereco": "Rua Paulo de Frontin, 820, Alto Umuarama, Uberlândia, Minas Gerais, Brasil",
        "qtld": "56 A"
      }
    },
    {
      "type": "Feature",
      "geometry": {
        "type": "Point",
        "coordinates": [
          -48.24040783,
          -18.89157282
        ]
      },
      "properties": {
        "codigo": "L-529",
        "endereco": "Rua Manoel Gomes dos Santos, 336, Alto Umuarama, Uberlândia, Minas Gerais, Brasil",
        "qtld": "44 B"
      }
    },
    {
      "type": "Feature",
      "geometry": {
        "type": "Point",
        "coordinates": [
          -48.23449327,
          -18.89460875
        ]
      },
      "properties": {
        "codigo": "L-530",
        "endereco": "Avenida Sacadura Cabral, 1, Alto Umuarama, Uberlândia, Minas Gerais, Brasil",
        "qtld": "67 E"
      }
    },
    {
      "type": "Feature",
      "geometry": {
        "type": "Point",
        "coordinates": [
          -48.24939015,
          -18.88642152
        ]
      },
      "properties": {
        "codigo": "L-531",
        "endereco": "Rua Tito Teixeira, 1, Custodio Pereira, Uberlândia, Minas Gerais, Brasil",
        "qtld": "5A"
      }
    },
    {
      "type": "Feature",
      "geometry": {
        "type": "Point",
        "coordinates": [
          -48.25241134,
          -18.88886667
        ]
      },
      "properties": {
        "codigo": "L-532",
        "endereco": "Avenida Cesario Alvim, 4623, Custodio Pereira, Uberlândia, Minas Gerais, Brasil",
        "qtld": "10 D"
      }
    },
    {
      "type": "Feature",
      "geometry": {
        "type": "Point",
        "coordinates": [
          -48.25268339,
          -18.89149126
        ]
      },
      "properties": {
        "codigo": "L-533",
        "endereco": "Rua Jose Rezende, 3726, Custodio Pereira, Uberlândia, Minas Gerais, Brasil",
        "qtld": "17 D"
      }
    },
    {
      "type": "Feature",
      "geometry": {
        "type": "Point",
        "coordinates": [
          -48.24973293,
          -18.8887284
        ]
      },
      "properties": {
        "codigo": "L-534",
        "endereco": "Rua Michele Virno, 3954, Custodio Pereira, Uberlândia, Minas Gerais, Brasil",
        "qtld": "27 A"
      }
    },
    {
      "type": "Feature",
      "geometry": {
        "type": "Point",
        "coordinates": [
          -48.2494691,
          -18.89166529
        ]
      },
      "properties": {
        "codigo": "L-535",
        "endereco": "Rua Angelo Zocoli, 269, Custodio Pereira, Uberlândia, Minas Gerais, Brasil",
        "qtld": "45 A"
      }
    },
    {
      "type": "Feature",
      "geometry": {
        "type": "Point",
        "coordinates": [
          -48.2463059,
          -18.8945765
        ]
      },
      "properties": {
        "codigo": "L-536",
        "endereco": "Rua Ceara, 2840, Custodio Pereira, Uberlândia, Minas Gerais, Brasil",
        "qtld": "80 C"
      }
    },
    {
      "type": "Feature",
      "geometry": {
        "type": "Point",
        "coordinates": [
          -48.246332,
          -18.89175145
        ]
      },
      "properties": {
        "codigo": "L-537",
        "endereco": "Rua Professor Ciro de Castro Almeida, 2930, Custodio Pereira, Uberlândia, Minas Gerais, Brasil",
        "qtld": "59 D"
      }
    },
    {
      "type": "Feature",
      "geometry": {
        "type": "Point",
        "coordinates": [
          -48.24653373,
          -18.88860147
        ]
      },
      "properties": {
        "codigo": "L-538",
        "endereco": "Rua Tito Teixeira, 1, Custodio Pereira, Uberlândia, Minas Gerais, Brasil",
        "qtld": "34 B"
      }
    },
    {
      "type": "Feature",
      "geometry": {
        "type": "Point",
        "coordinates": [
          -48.24339773,
          -18.89168384
        ]
      },
      "properties": {
        "codigo": "L-539",
        "endereco": "Rua Luiz Vieira, 1086, Custodio Pereira, Uberlândia, Minas Gerais, Brasil",
        "qtld": "70 A"
      }
    },
    {
      "type": "Feature",
      "geometry": {
        "type": "Point",
        "coordinates": [
          -48.24369723,
          -18.89532032
        ]
      },
      "properties": {
        "codigo": "L-540",
        "endereco": "Rua Piaui, 3065, Custodio Pereira, Uberlândia, Minas Gerais, Brasil",
        "qtld": "90 A"
      }
    },
    {
      "type": "Feature",
      "geometry": {
        "type": "Point",
        "coordinates": [
          -48.2440575,
          -18.89738294
        ]
      },
      "properties": {
        "codigo": "L-541",
        "endereco": "Rua Jose Rezende, 5980, Custodio Pereira, Uberlândia, Minas Gerais, Brasil",
        "qtld": "84 A"
      }
    },
    {
      "type": "Feature",
      "geometry": {
        "type": "Point",
        "coordinates": [
          -48.24054366,
          -18.89763769
        ]
      },
      "properties": {
        "codigo": "L-542",
        "endereco": "Rua Piaui, 3550, Custodio Pereira, Uberlândia, Minas Gerais, Brasil",
        "qtld": "120 D"
      }
    },
    {
      "type": "Feature",
      "geometry": {
        "type": "Point",
        "coordinates": [
          -48.240376,
          -18.89462277
        ]
      },
      "properties": {
        "codigo": "L-543",
        "endereco": "Rua Dimas Moreira De As, 1, Custodio Pereira, Uberlândia, Minas Gerais, Brasil",
        "qtld": "105 C"
      }
    },
    {
      "type": "Feature",
      "geometry": {
        "type": "Point",
        "coordinates": [
          -48.23721111,
          -18.89456776
        ]
      },
      "properties": {
        "codigo": "L-544",
        "endereco": "Rua Tito Teixeira, 1, Custodio Pereira, Uberlândia, Minas Gerais, Brasil",
        "qtld": "100 A"
      }
    },
    {
      "type": "Feature",
      "geometry": {
        "type": "Point",
        "coordinates": [
          -48.23770056,
          -18.89767641
        ]
      },
      "properties": {
        "codigo": "L-545",
        "endereco": "Rua Petropolis, 328, Custodio Pereira, Uberlândia, Minas Gerais, Brasil",
        "qtld": "140 C"
      }
    },
    {
      "type": "Feature",
      "geometry": {
        "type": "Point",
        "coordinates": [
          -48.23740103,
          -18.90067413
        ]
      },
      "properties": {
        "codigo": "L-546",
        "endereco": "Rua Ceara, 3980, Custodio Pereira, Uberlândia, Minas Gerais, Brasil",
        "qtld": "146 A"
      }
    },
    {
      "type": "Feature",
      "geometry": {
        "type": "Point",
        "coordinates": [
          -48.24920747,
          -18.89424072
        ]
      },
      "properties": {
        "codigo": "L-547",
        "endereco": "Avenida Joao Leao, 5570, Tibery, Uberlândia, Minas Gerais, Brasil",
        "qtld": "50 B"
      }
    },
    {
      "type": "Feature",
      "geometry": {
        "type": "Point",
        "coordinates": [
          -48.24038333,
          -18.91298043
        ]
      },
      "properties": {
        "codigo": "L-55",
        "endereco": "Avenida Anselmo Alves dos Santos, 1196, Santa Monica, Uberlândia, Minas Gerais, Brasil",
        "qtld": "92 A"
      }
    },
    {
      "type": "Feature",
      "geometry": {
        "type": "Point",
        "coordinates": [
          -48.23159083,
          -18.90398329
        ]
      },
      "properties": {
        "codigo": "L-552",
        "endereco": "Avenida Joao Leao, 7085, Custodio Pereira, Uberlândia, Minas Gerais, Brasil",
        "qtld": "149 B"
      }
    },
    {
      "type": "Feature",
      "geometry": {
        "type": "Point",
        "coordinates": [
          -48.22848846,
          -18.90620959
        ]
      },
      "properties": {
        "codigo": "L-553",
        "endereco": "Rua Ernesto Che Guevara, 73, Custodio Pereira, Uberlândia, Minas Gerais, Brasil",
        "qtld": "163 E"
      }
    },
    {
      "type": "Feature",
      "geometry": {
        "type": "Point",
        "coordinates": [
          -48.22569331,
          -18.90672549
        ]
      },
      "properties": {
        "codigo": "L-557",
        "endereco": "Rua Zumbi Dos Palmares, 134, Custodio Pereira, Uberlândia, Minas Gerais, Brasil",
        "qtld": "162 B"
      }
    },
    {
      "type": "Feature",
      "geometry": {
        "type": "Point",
        "coordinates": [
          -48.222663,
          -18.90943377
        ]
      },
      "properties": {
        "codigo": "L-559",
        "endereco": "Rua Ernesto Che Guevara, 217, Custodio Pereira, Uberlândia, Minas Gerais, Brasil",
        "qtld": "163 E"
      }
    },
    {
      "type": "Feature",
      "geometry": {
        "type": "Point",
        "coordinates": [
          -48.22556586,
          -18.91309689
        ]
      },
      "properties": {
        "codigo": "L-56",
        "endereco": "Avenida Anselmo Alves dos Santos, 3982, Segismundo Pereira, Uberlândia, Minas Gerais, Brasil",
        "qtld": "3 B"
      }
    },
    {
      "type": "Feature",
      "geometry": {
        "type": "Point",
        "coordinates": [
          -48.2524664,
          -18.88557155
        ]
      },
      "properties": {
        "codigo": "L-560",
        "endereco": "Avenida Floriano Peixoto, 4685, Umuarama, Uberlândia, Minas Gerais, Brasil",
        "qtld": "102 D"
      }
    },
    {
      "type": "Feature",
      "geometry": {
        "type": "Point",
        "coordinates": [
          -48.25550441,
          -18.88857498
        ]
      },
      "properties": {
        "codigo": "L-561",
        "endereco": "Avenida Afonso Pena, 4396, Umuarama, Uberlândia, Minas Gerais, Brasil",
        "qtld": "107 C"
      }
    },
    {
      "type": "Feature",
      "geometry": {
        "type": "Point",
        "coordinates": [
          -48.25845251,
          -18.8886197
        ]
      },
      "properties": {
        "codigo": "L-562",
        "endereco": "Rua Paraiba, 1156, Umuarama, Uberlândia, Minas Gerais, Brasil",
        "qtld": "88 B"
      }
    },
    {
      "type": "Feature",
      "geometry": {
        "type": "Point",
        "coordinates": [
          -48.25557232,
          -18.88614859
        ]
      },
      "properties": {
        "codigo": "L-563",
        "endereco": "Avenida Joao Pinheiro, 4670, Umuarama, Uberlândia, Minas Gerais, Brasil",
        "qtld": "93 A"
      }
    },
    {
      "type": "Feature",
      "geometry": {
        "type": "Point",
        "coordinates": [
          -48.25545844,
          -18.88284257
        ]
      },
      "properties": {
        "codigo": "L-564",
        "endereco": "Avenida Mato Grosso, 3740, Umuarama, Uberlândia, Minas Gerais, Brasil",
        "qtld": "75 D"
      }
    },
    {
      "type": "Feature",
      "geometry": {
        "type": "Point",
        "coordinates": [
          -48.25576476,
          -18.8796924
        ]
      },
      "properties": {
        "codigo": "L-565",
        "endereco": "Avenida Amazonas, 2472, Umuarama, Uberlândia, Minas Gerais, Brasil",
        "qtld": "56 B"
      }
    },
    {
      "type": "Feature",
      "geometry": {
        "type": "Point",
        "coordinates": [
          -48.25849874,
          -18.8797856
        ]
      },
      "properties": {
        "codigo": "L-566",
        "endereco": "Avenida Para, 2060, Umuarama, Uberlândia, Minas Gerais, Brasil",
        "qtld": "32 A"
      }
    },
    {
      "type": "Feature",
      "geometry": {
        "type": "Point",
        "coordinates": [
          -48.25833128,
          -18.88263861
        ]
      },
      "properties": {
        "codigo": "L-567",
        "endereco": "Avenida Amazonas, 1, Umuarama, Uberlândia, Minas Gerais, Brasil",
        "qtld": "2 B"
      }
    },
    {
      "type": "Feature",
      "geometry": {
        "type": "Point",
        "coordinates": [
          -48.25819394,
          -18.88556045
        ]
      },
      "properties": {
        "codigo": "L-568",
        "endereco": "Avenida Professor Jose Inacio De Souza, 2710, Umuarama, Uberlândia, Minas Gerais, Brasil",
        "qtld": "64 C"
      }
    },
    {
      "type": "Feature",
      "geometry": {
        "type": "Point",
        "coordinates": [
          -48.26123297,
          -18.88579565
        ]
      },
      "properties": {
        "codigo": "L-569",
        "endereco": "Rua Rio Grande do Norte, 2750, Umuarama, Uberlândia, Minas Gerais, Brasil",
        "qtld": "49 C"
      }
    },
    {
      "type": "Feature",
      "geometry": {
        "type": "Point",
        "coordinates": [
          -48.25817337,
          -18.91271247
        ]
      },
      "properties": {
        "codigo": "L-57",
        "endereco": "Avenida Anselmo Alves dos Santos, 1, Santa Monica, Uberlândia, Minas Gerais, Brasil",
        "qtld": "2 C"
      }
    },
    {
      "type": "Feature",
      "geometry": {
        "type": "Point",
        "coordinates": [
          -48.26142413,
          -18.88242752
        ]
      },
      "properties": {
        "codigo": "L-570",
        "endereco": "Rua Acre, 1, Umuarama, Uberlândia, Minas Gerais, Brasil",
        "qtld": "36 A"
      }
    },
    {
      "type": "Feature",
      "geometry": {
        "type": "Point",
        "coordinates": [
          -48.26152453,
          -18.87966426
        ]
      },
      "properties": {
        "codigo": "L-571",
        "endereco": "Avenida Terezina, 2017, Umuarama, Uberlândia, Minas Gerais, Brasil",
        "qtld": "17 D"
      }
    },
    {
      "type": "Feature",
      "geometry": {
        "type": "Point",
        "coordinates": [
          -48.26427177,
          -18.88288885
        ]
      },
      "properties": {
        "codigo": "L-572",
        "endereco": "Avenida Professora Minervina Candido Oliveira, 4724, Umuarama, Uberlândia, Minas Gerais, Brasil",
        "qtld": "7 C"
      }
    },
    {
      "type": "Feature",
      "geometry": {
        "type": "Point",
        "coordinates": [
          -48.25557916,
          -18.91260419
        ]
      },
      "properties": {
        "codigo": "L-58",
        "endereco": "Avenida Ortizio Borges, 25, Santa Monica, Uberlândia, Minas Gerais, Brasil",
        "qtld": "6 B"
      }
    },
    {
      "type": "Feature",
      "geometry": {
        "type": "Point",
        "coordinates": [
          -48.25233522,
          -18.91267586
        ]
      },
      "properties": {
        "codigo": "L-59",
        "endereco": "Rua Joao Velasco de Andrade, 207, Santa Monica, Uberlândia, Minas Gerais, Brasil",
        "qtld": "26 D"
      }
    },
    {
      "type": "Feature",
      "geometry": {
        "type": "Point",
        "coordinates": [
          -48.24960104,
          -18.91271937
        ]
      },
      "properties": {
        "codigo": "L-60",
        "endereco": "Rua Antonio Fortunato da Silva, 263, Santa Monica, Uberlândia, Minas Gerais, Brasil",
        "qtld": "44 D"
      }
    },
    {
      "type": "Feature",
      "geometry": {
        "type": "Point",
        "coordinates": [
          -48.18284041,
          -18.93484421
        ]
      },
      "properties": {
        "codigo": "L-605",
        "endereco": "Br 452, Km 140, Vila Marieza, Uberlândia, Minas Gerais, Brasil",
        "qtld": "1 B"
      }
    },
    {
      "type": "Feature",
      "geometry": {
        "type": "Point",
        "coordinates": [
          -48.2465968,
          -18.9124953
        ]
      },
      "properties": {
        "codigo": "L-61",
        "endereco": "Rua Nordau Gonçalves de Melo, 271, Santa Monica, Uberlândia, Minas Gerais, Brasil",
        "qtld": "64 A"
      }
    },
    {
      "type": "Feature",
      "geometry": {
        "type": "Point",
        "coordinates": [
          -48.18035062,
          -18.92077554
        ]
      },
      "properties": {
        "codigo": "L-610",
        "endereco": "Br 365, Km 608, Vila Marielza, Uberlândia, Minas Gerais, Brasil",
        "qtld": "1 B"
      }
    },
    {
      "type": "Feature",
      "geometry": {
        "type": "Point",
        "coordinates": [
          -48.18345142,
          -18.92286161
        ]
      },
      "properties": {
        "codigo": "L-611",
        "endereco": "Br 365, Km 612, Vila Marielza, Uberlândia, Minas Gerais, Brasil",
        "qtld": "1 B"
      }
    },
    {
      "type": "Feature",
      "geometry": {
        "type": "Point",
        "coordinates": [
          -48.24376942,
          -18.91266764
        ]
      },
      "properties": {
        "codigo": "L-62",
        "endereco": "Rua Alberto Alves Cabral, 163, Santa Monica, Uberlândia, Minas Gerais, Brasil",
        "qtld": "82 A"
      }
    },
    {
      "type": "Feature",
      "geometry": {
        "type": "Point",
        "coordinates": [
          -48.25831938,
          -18.9155971
        ]
      },
      "properties": {
        "codigo": "L-63",
        "endereco": "Rua Mateus Lucas Martins, 97, Santa Monica, Uberlândia, Minas Gerais, Brasil",
        "qtld": "399 C"
      }
    },
    {
      "type": "Feature",
      "geometry": {
        "type": "Point",
        "coordinates": [
          -48.25548188,
          -18.91549107
        ]
      },
      "properties": {
        "codigo": "L-64",
        "endereco": "Rua Cecilio Jorge, 110, Santa Monica, Uberlândia, Minas Gerais, Brasil",
        "qtld": "14 C"
      }
    },
    {
      "type": "Feature",
      "geometry": {
        "type": "Point",
        "coordinates": [
          -48.25240501,
          -18.91572379
        ]
      },
      "properties": {
        "codigo": "L-65",
        "endereco": "Avenida Belarmino Cotta Pacheco, 652, Santa Monica, Uberlândia, Minas Gerais, Brasil",
        "qtld": "31 D"
      }
    },
    {
      "type": "Feature",
      "geometry": {
        "type": "Point",
        "coordinates": [
          -48.24970791,
          -18.91566517
        ]
      },
      "properties": {
        "codigo": "L-66",
        "endereco": "Rua Hildebrando Oliva, 621, Santa Monica, Uberlândia, Minas Gerais, Brasil",
        "qtld": "48 B"
      }
    },
    {
      "type": "Feature",
      "geometry": {
        "type": "Point",
        "coordinates": [
          -48.24633824,
          -18.91549986
        ]
      },
      "properties": {
        "codigo": "L-67",
        "endereco": "Avenida Ortizio Borges, 1264, Santa Monica, Uberlândia, Minas Gerais, Brasil",
        "qtld": "68 C"
      }
    },
    {
      "type": "Feature",
      "geometry": {
        "type": "Point",
        "coordinates": [
          -48.2436734,
          -18.91551478
        ]
      },
      "properties": {
        "codigo": "L-68",
        "endereco": "Praça Americo Ferreira de Abreu, Praça, Santa Monica, Uberlândia, Minas Gerais, Brasil",
        "qtld": "80 B"
      }
    },
    {
      "type": "Feature",
      "geometry": {
        "type": "Point",
        "coordinates": [
          -48.24050035,
          -18.91567492
        ]
      },
      "properties": {
        "codigo": "L-69",
        "endereco": "Rua Antonio Rezende Chaves, 202, Santa Monica, Uberlândia, Minas Gerais, Brasil",
        "qtld": "102 A"
      }
    },
    {
      "type": "Feature",
      "geometry": {
        "type": "Point",
        "coordinates": [
          -48.26125327,
          -18.90983799
        ]
      },
      "properties": {
        "codigo": "L-7",
        "endereco": "Rua da Bandeira, 400, Tibery, Uberlândia, Minas Gerais, Brasil",
        "qtld": "257 B"
      }
    },
    {
      "type": "Feature",
      "geometry": {
        "type": "Point",
        "coordinates": [
          -48.23800204,
          -18.91516094
        ]
      },
      "properties": {
        "codigo": "L-70",
        "endereco": "Avenida Salomao Abrahao, 1757, Santa Monica, Uberlândia, Minas Gerais, Brasil",
        "qtld": "120 A"
      }
    },
    {
      "type": "Feature",
      "geometry": {
        "type": "Point",
        "coordinates": [
          -48.23447769,
          -18.91576889
        ]
      },
      "properties": {
        "codigo": "L-71",
        "endereco": "Avenida Ubiratan Honorio de Castro, 1557, Santa Monica, Uberlândia, Minas Gerais, Brasil",
        "qtld": "137 B"
      }
    },
    {
      "type": "Feature",
      "geometry": {
        "type": "Point",
        "coordinates": [
          -48.23174388,
          -18.91568897
        ]
      },
      "properties": {
        "codigo": "L-72",
        "endereco": "Rua Manoel Ascenço Batista, 1, Santa Monica, Uberlândia, Minas Gerais, Brasil",
        "qtld": "158 D"
      }
    },
    {
      "type": "Feature",
      "geometry": {
        "type": "Point",
        "coordinates": [
          -48.23162652,
          -18.91861884
        ]
      },
      "properties": {
        "codigo": "L-73",
        "endereco": "Rua Professora Maria Alves Castilho, 425, Santa Monica, Uberlândia, Minas Gerais, Brasil",
        "qtld": "170 D"
      }
    },
    {
      "type": "Feature",
      "geometry": {
        "type": "Point",
        "coordinates": [
          -48.23451375,
          -18.91857388
        ]
      },
      "properties": {
        "codigo": "L-74",
        "endereco": "Rua Licydio Paes, 403, Santa Monica, Uberlândia, Minas Gerais, Brasil",
        "qtld": "149 B"
      }
    },
    {
      "type": "Feature",
      "geometry": {
        "type": "Point",
        "coordinates": [
          -48.23744433,
          -18.91864964
        ]
      },
      "properties": {
        "codigo": "L-75",
        "endereco": "Rua Manoel Serralha, 361, Santa Monica, Uberlândia, Minas Gerais, Brasil",
        "qtld": "131 B"
      }
    },
    {
      "type": "Feature",
      "geometry": {
        "type": "Point",
        "coordinates": [
          -48.24062701,
          -18.91853483
        ]
      },
      "properties": {
        "codigo": "L-76",
        "endereco": "Avenida Belarmino Cotta Pacheco, 1957, Santa Monica, Uberlândia, Minas Gerais, Brasil",
        "qtld": "106 D"
      }
    },
    {
      "type": "Feature",
      "geometry": {
        "type": "Point",
        "coordinates": [
          -48.24353143,
          -18.9186784
        ]
      },
      "properties": {
        "codigo": "L-77",
        "endereco": "Rua Patrulheiro Osmar Tavares, 646, Santa Monica, Uberlândia, Minas Gerais, Brasil",
        "qtld": "88 B"
      }
    },
    {
      "type": "Feature",
      "geometry": {
        "type": "Point",
        "coordinates": [
          -48.24647047,
          -18.91881
        ]
      },
      "properties": {
        "codigo": "L-78",
        "endereco": "Avenida Segismundo Pereira, 1355, Santa Monica, Uberlândia, Minas Gerais, Brasil",
        "qtld": "70 C"
      }
    },
    {
      "type": "Feature",
      "geometry": {
        "type": "Point",
        "coordinates": [
          -48.15773672,
          -18.89963443
        ]
      },
      "properties": {
        "codigo": "L-786",
        "endereco": "Rua nove, 57, Vila Marielza, Uberlândia, Minas Gerais, Brasil",
        "qtld": "09A"
      }
    },
    {
      "type": "Feature",
      "geometry": {
        "type": "Point",
        "coordinates": [
          -48.15396636,
          -18.89693877
        ]
      },
      "properties": {
        "codigo": "L-788",
        "endereco": "Rua Joao Martins de Lima, 457, Vila Marielza, Uberlândia, Minas Gerais, Brasil",
        "qtld": "15 D"
      }
    },
    {
      "type": "Feature",
      "geometry": {
        "type": "Point",
        "coordinates": [
          -48.24940234,
          -18.91847314
        ]
      },
      "properties": {
        "codigo": "L-79",
        "endereco": "Avenida Segismundo Pereira, 1, Santa Monica, Uberlândia, Minas Gerais, Brasil",
        "qtld": "320 B"
      }
    },
    {
      "type": "Feature",
      "geometry": {
        "type": "Point",
        "coordinates": [
          -48.1473099,
          -18.89252387
        ]
      },
      "properties": {
        "codigo": "L-794",
        "endereco": "Br 365, Km 14, Vila Marielza, Uberlândia, Minas Gerais, Brasil",
        "qtld": "17 A"
      }
    },
    {
      "type": "Feature",
      "geometry": {
        "type": "Point",
        "coordinates": [
          -48.14013603,
          -18.89183384
        ]
      },
      "properties": {
        "codigo": "L-797",
        "endereco": "Br 365, Km 604, Vila Marielza, Uberlândia, Minas Gerais, Brasil",
        "qtld": "19 A"
      }
    },
    {
      "type": "Feature",
      "geometry": {
        "type": "Point",
        "coordinates": [
          -48.25276867,
          -18.91872874
        ]
      },
      "properties": {
        "codigo": "L-80",
        "endereco": "Rua Maria das Dores Dias, 967, Santa Monica, Uberlândia, Minas Gerais, Brasil",
        "qtld": "351 A"
      }
    },
    {
      "type": "Feature",
      "geometry": {
        "type": "Point",
        "coordinates": [
          -48.25556812,
          -18.91870016
        ]
      },
      "properties": {
        "codigo": "L-81",
        "endereco": "Avenida Joao Naves de Ávila, 2121, UFU Santa Mônica, Uberlândia, Minas Gerais, Brasil",
        "qtld": "8A"
      }
    },
    {
      "type": "Feature",
      "geometry": {
        "type": "Point",
        "coordinates": [
          -48.25856223,
          -18.91852765
        ]
      },
      "properties": {
        "codigo": "L-82",
        "endereco": "Avenida Joao Naves de Ávila, 2121, UFU Santa Mônica, Uberlândia, Minas Gerais, Brasil",
        "qtld": "10 B"
      }
    },
    {
      "type": "Feature",
      "geometry": {
        "type": "Point",
        "coordinates": [
          -48.26139632,
          -18.92177003
        ]
      },
      "properties": {
        "codigo": "L-84",
        "endereco": "Rua Maria Esperança, 25, Santa Monica, Uberlândia, Minas Gerais, Brasil",
        "qtld": "392 C"
      }
    },
    {
      "type": "Feature",
      "geometry": {
        "type": "Point",
        "coordinates": [
          -48.25862203,
          -18.92157353
        ]
      },
      "properties": {
        "codigo": "L-85",
        "endereco": "Rua Izaac Antonio Silva, 128, Santa Monica, Uberlândia, Minas Gerais, Brasil",
        "qtld": "379 B"
      }
    },
    {
      "type": "Feature",
      "geometry": {
        "type": "Point",
        "coordinates": [
          -48.25556556,
          -18.92155309
        ]
      },
      "properties": {
        "codigo": "L-86",
        "endereco": "Rua Mario Pinto Sobrinho, 207, Santa Monica, Uberlândia, Minas Gerais, Brasil",
        "qtld": "367 A"
      }
    },
    {
      "type": "Feature",
      "geometry": {
        "type": "Point",
        "coordinates": [
          -48.2523799,
          -18.92154752
        ]
      },
      "properties": {
        "codigo": "L-87",
        "endereco": "Avenida Doutor Laerte Vieira Gonçalves, 150, Santa Monica, Uberlândia, Minas Gerais, Brasil",
        "qtld": "339 B"
      }
    },
    {
      "type": "Feature",
      "geometry": {
        "type": "Point",
        "coordinates": [
          -48.24942747,
          -18.92158747
        ]
      },
      "properties": {
        "codigo": "L-88",
        "endereco": "Rua Nordau Goncalves de Melo, 1316, Santa Monica, Uberlândia, Minas Gerais, Brasil",
        "qtld": "308 A"
      }
    },
    {
      "type": "Feature",
      "geometry": {
        "type": "Point",
        "coordinates": [
          -48.24645843,
          -18.92134875
        ]
      },
      "properties": {
        "codigo": "L-89",
        "endereco": "Rua Alberto Alves Cabral, 1164, Santa Monica, Uberlândia, Minas Gerais, Brasil",
        "qtld": "284 A"
      }
    },
    {
      "type": "Feature",
      "geometry": {
        "type": "Point",
        "coordinates": [
          -48.25909377,
          -18.90954642
        ]
      },
      "properties": {
        "codigo": "L-9",
        "endereco": "Rua Antilhas, 50, Tibery, Uberlândia, Minas Gerais, Brasil",
        "qtld": "249 C"
      }
    },
    {
      "type": "Feature",
      "geometry": {
        "type": "Point",
        "coordinates": [
          -48.24386992,
          -18.92154664
        ]
      },
      "properties": {
        "codigo": "L-90",
        "endereco": "Avenida Ana Godoy de Sousa, 1187, Santa Monica, Uberlândia, Minas Gerais, Brasil",
        "qtld": "262 A"
      }
    },
    {
      "type": "Feature",
      "geometry": {
        "type": "Point",
        "coordinates": [
          -48.24047833,
          -18.92159773
        ]
      },
      "properties": {
        "codigo": "L-91",
        "endereco": "Rua Joao Catanduva, 807, Santa Monica, Uberlândia, Minas Gerais, Brasil",
        "qtld": "240 A"
      }
    },
    {
      "type": "Feature",
      "geometry": {
        "type": "Point",
        "coordinates": [
          -48.23759508,
          -18.92160081
        ]
      },
      "properties": {
        "codigo": "L-92",
        "endereco": "Avenida Segismundo Pereira, 2300, Santa Monica, Uberlândia, Minas Gerais, Brasil",
        "qtld": "221 B"
      }
    },
    {
      "type": "Feature",
      "geometry": {
        "type": "Point",
        "coordinates": [
          -48.23456778,
          -18.92176151
        ]
      },
      "properties": {
        "codigo": "L-93",
        "endereco": "Avenida Segismundo Pereira, 2559, Santa Monica, Uberlândia, Minas Gerais, Brasil",
        "qtld": "151 C"
      }
    },
    {
      "type": "Feature",
      "geometry": {
        "type": "Point",
        "coordinates": [
          -48.23470672,
          -18.92452547
        ]
      },
      "properties": {
        "codigo": "L-94",
        "endereco": "Rua Francisco Antonio de Oliveira, 1135, Santa Monica, Uberlândia, Minas Gerais, Brasil",
        "qtld": "86 C"
      }
    },
    {
      "type": "Feature",
      "geometry": {
        "type": "Point",
        "coordinates": [
          -48.23766167,
          -18.92453768
        ]
      },
      "properties": {
        "codigo": "L-95",
        "endereco": "Rua Sebastiao Rangel, 1051, Santa Monica, Uberlândia, Minas Gerais, Brasil",
        "qtld": "214 C"
      }
    },
    {
      "type": "Feature",
      "geometry": {
        "type": "Point",
        "coordinates": [
          -48.24087125,
          -18.92454613
        ]
      },
      "properties": {
        "codigo": "L-96",
        "endereco": "Rua Orozimbo Ribeiro, 1124, Santa Monica, Uberlândia, Minas Gerais, Brasil",
        "qtld": "238 C"
      }
    },
    {
      "type": "Feature",
      "geometry": {
        "type": "Point",
        "coordinates": [
          -48.24354447,
          -18.92464609
        ]
      },
      "properties": {
        "codigo": "L-97",
        "endereco": "Rua Jose Lelis França, 1253, Santa Monica, Uberlândia, Minas Gerais, Brasil",
        "qtld": "254 B"
      }
    },
    {
      "type": "Feature",
      "geometry": {
        "type": "Point",
        "coordinates": [
          -48.24645812,
          -18.92469068
        ]
      },
      "properties": {
        "codigo": "L-98",
        "endereco": "Praça Said Chacur, Praça, Santa Monica, Uberlândia, Minas Gerais, Brasil",
        "qtld": "275 B"
      }
    },
    {
      "type": "Feature",
      "geometry": {
        "type": "Point",
        "coordinates": [
          -48.24956302,
          -18.92459207
        ]
      },
      "properties": {
        "codigo": "L-99",
        "endereco": "Rua Pericles Vieira da Mota, 1500/1, Santa Monica, Uberlândia, Minas Gerais, Brasil",
        "qtld": "303 B"
      }
    },
    {
      "type": "Feature",
      "geometry": {
        "type": "Point",
        "coordinates": [
          -48.2732383,
          -18897655
        ]
      },
      "properties": {
        "codigo": "N-1",
        "endereco": "Rua Rubens Chaves, 20, Presidente Roosevelt, Uberlândia, Minas Gerais, Brasil",
        "qtld": "17 C"
      }
    },
    {
      "type": "Feature",
      "geometry": {
        "type": "Point",
        "coordinates": [
          -48.282689,
          -18.89189938
        ]
      },
      "properties": {
        "codigo": "N-10",
        "endereco": "Avenida Cesario Crosara, 4328, Presidente Roosevelt, Uberlândia, Minas Gerais, Brasil",
        "qtld": "190 A"
      }
    },
    {
      "type": "Feature",
      "geometry": {
        "type": "Point",
        "coordinates": [
          -48.29155587,
          -18.8772859
        ]
      },
      "properties": {
        "codigo": "N-100",
        "endereco": "Rua Jose Eduardo Gadia, 1, Santa Rosa, Uberlândia, Minas Gerais, Brasil",
        "qtld": "134 A"
      }
    },
    {
      "type": "Feature",
      "geometry": {
        "type": "Point",
        "coordinates": [
          -48.28821512,
          -18.87624314
        ]
      },
      "properties": {
        "codigo": "N-101",
        "endereco": "Avenida Analia Resende Siquieroli, 1636, Santa Rosa, Uberlândia, Minas Gerais, Brasil",
        "qtld": "133"
      }
    },
    {
      "type": "Feature",
      "geometry": {
        "type": "Point",
        "coordinates": [
          -48.28514242,
          -18.87710355
        ]
      },
      "properties": {
        "codigo": "N-102",
        "endereco": "Avenida Nossa Senhora Do Carmo, 1, Santa Rosa, Uberlândia, Minas Gerais, Brasil",
        "qtld": "138 A"
      }
    },
    {
      "type": "Feature",
      "geometry": {
        "type": "Point",
        "coordinates": [
          -48.28542535,
          -18.87979761
        ]
      },
      "properties": {
        "codigo": "N-103",
        "endereco": "Rua Emilia Fernandes De Brito, 1, Santa Rosa, Uberlândia, Minas Gerais, Brasil",
        "qtld": "107"
      }
    },
    {
      "type": "Feature",
      "geometry": {
        "type": "Point",
        "coordinates": [
          -48.2821152,
          -18883023
        ]
      },
      "properties": {
        "codigo": "N-104",
        "endereco": "Rua Francisco Gomes Sobrinho, 1, Santa Rosa, Uberlândia, Minas Gerais, Brasil",
        "qtld": "70 B"
      }
    },
    {
      "type": "Feature",
      "geometry": {
        "type": "Point",
        "coordinates": [
          -48.27955891,
          -18.88580816
        ]
      },
      "properties": {
        "codigo": "N-105",
        "endereco": "Rua Cartola, 95, Santa Rosa, Uberlândia, Minas Gerais, Brasil",
        "qtld": "76 C"
      }
    },
    {
      "type": "Feature",
      "geometry": {
        "type": "Point",
        "coordinates": [
          -48.27638104,
          -18.8887279
        ]
      },
      "properties": {
        "codigo": "N-106",
        "endereco": "Rua Santa Catarina, 1, Santa Rosa, Uberlândia, Minas Gerais, Brasil",
        "qtld": "29 C"
      }
    },
    {
      "type": "Feature",
      "geometry": {
        "type": "Point",
        "coordinates": [
          -48.27637877,
          -18.88567
        ]
      },
      "properties": {
        "codigo": "N-107",
        "endereco": "Rua Cumari, 180, Santa Rosa, Uberlândia, Minas Gerais, Brasil",
        "qtld": "42 A"
      }
    },
    {
      "type": "Feature",
      "geometry": {
        "type": "Point",
        "coordinates": [
          -48.27965226,
          -18.88278411
        ]
      },
      "properties": {
        "codigo": "N-108",
        "endereco": "Rua Lupicinio Rodrigues, 349, Santa Rosa, Uberlândia, Minas Gerais, Brasil",
        "qtld": "87 B"
      }
    },
    {
      "type": "Feature",
      "geometry": {
        "type": "Point",
        "coordinates": [
          -48.28245273,
          -18.87985
        ]
      },
      "properties": {
        "codigo": "N-109",
        "endereco": "Avenida Elis Regina, 1, Santa Rosa, Uberlândia, Minas Gerais, Brasil",
        "qtld": "153"
      }
    },
    {
      "type": "Feature",
      "geometry": {
        "type": "Point",
        "coordinates": [
          -48.28235776,
          -18.89441651
        ]
      },
      "properties": {
        "codigo": "N-11",
        "endereco": "Rua Leônidas De Castro Serra, 204, Presidente Roosevelt, Uberlândia, Minas Gerais, Brasil",
        "qtld": "203 C"
      }
    },
    {
      "type": "Feature",
      "geometry": {
        "type": "Point",
        "coordinates": [
          -48.28240925,
          -18.87685072
        ]
      },
      "properties": {
        "codigo": "N-110",
        "endereco": "Rua Sergio Pereira De Carvalho, 110, Santa Rosa, Uberlândia, Minas Gerais, Brasil",
        "qtld": "141"
      }
    },
    {
      "type": "Feature",
      "geometry": {
        "type": "Point",
        "coordinates": [
          -48.27950639,
          -18.88036367
        ]
      },
      "properties": {
        "codigo": "N-111",
        "endereco": "Avenida Elis Regina, 354, Santa Rosa, Uberlândia, Minas Gerais, Brasil",
        "qtld": "93 A"
      }
    },
    {
      "type": "Feature",
      "geometry": {
        "type": "Point",
        "coordinates": [
          -48.2765188,
          -18.8826817
        ]
      },
      "properties": {
        "codigo": "N-112",
        "endereco": "Avenida Vinicius De Moraes, 1, Santa Rosa, Uberlândia, Minas Gerais, Brasil",
        "qtld": "38 C"
      }
    },
    {
      "type": "Feature",
      "geometry": {
        "type": "Point",
        "coordinates": [
          -48.27668131,
          -18.8793849
        ]
      },
      "properties": {
        "codigo": "N-113",
        "endereco": "Avenida Rebeliao Praieira, 100, Nossa Senhora das Graças, Uberlândia, Minas Gerais, Brasil",
        "qtld": "33"
      }
    },
    {
      "type": "Feature",
      "geometry": {
        "type": "Point",
        "coordinates": [
          -48.27954592,
          -18.87684505
        ]
      },
      "properties": {
        "codigo": "N-114",
        "endereco": "Rua Jerci Rodrigues Braga, 22, Santa Rosa, Uberlândia, Minas Gerais, Brasil",
        "qtld": "158"
      }
    },
    {
      "type": "Feature",
      "geometry": {
        "type": "Point",
        "coordinates": [
          -48.28323049999999,
          -18.8800415
        ]
      },
      "properties": {
        "codigo": "N-115",
        "endereco": "Avenida Elis Regina, 1, Santa Rosa, Uberlândia, Minas Gerais, Brasil",
        "qtld": "33 D"
      }
    },
    {
      "type": "Feature",
      "geometry": {
        "type": "Point",
        "coordinates": [
          -48.27266239999999,
          -18.8796435
        ]
      },
      "properties": {
        "codigo": "N-116",
        "endereco": "Avenida Antonio Tomaz Ferreira De Rezende, 776, Santa Rosa, Uberlândia, Minas Gerais, Brasil",
        "qtld": "3 B"
      }
    },
    {
      "type": "Feature",
      "geometry": {
        "type": "Point",
        "coordinates": [
          -48.282535,
          -18.874659
        ]
      },
      "properties": {
        "codigo": "N-117",
        "endereco": "Avenida Jose de Castro, 99, Santa Rosa, Uberlândia, Minas Gerais, Brasil",
        "qtld": "145 A"
      }
    },
    {
      "type": "Feature",
      "geometry": {
        "type": "Point",
        "coordinates": [
          -48.273534,
          -18.88541868
        ]
      },
      "properties": {
        "codigo": "N-118",
        "endereco": "Avenida Balaiadas, 1, Santa Rosa, Uberlândia, Minas Gerais, Brasil",
        "qtld": "30"
      }
    },
    {
      "type": "Feature",
      "geometry": {
        "type": "Point",
        "coordinates": [
          -48.2737273,
          -18.8914662
        ]
      },
      "properties": {
        "codigo": "N-119",
        "endereco": "Avenida Rio Grande do Sul, 1782, Marta Helena, Uberlândia, Minas Gerais, Brasil",
        "qtld": "16 B"
      }
    },
    {
      "type": "Feature",
      "geometry": {
        "type": "Point",
        "coordinates": [
          -48.2825329,
          -18.8978897
        ]
      },
      "properties": {
        "codigo": "N-12",
        "endereco": "Rua João Borges, 402, Presidente Roosevelt, Uberlândia, Minas Gerais, Brasil",
        "qtld": "41 B"
      }
    },
    {
      "type": "Feature",
      "geometry": {
        "type": "Point",
        "coordinates": [
          -48.27346989999999,
          -18.8885909
        ]
      },
      "properties": {
        "codigo": "N-120",
        "endereco": "Avenida Comendador Alexandrino Garcia, 415, Marta Helena, Uberlândia, Minas Gerais, Brasil",
        "qtld": "28 D"
      }
    },
    {
      "type": "Feature",
      "geometry": {
        "type": "Point",
        "coordinates": [
          -48.2714866,
          -18.8880285
        ]
      },
      "properties": {
        "codigo": "N-121",
        "endereco": "Rua Espirito Santo, R1, Marta Helena, Uberlândia, Minas Gerais, Brasil",
        "qtld": "35 A"
      }
    },
    {
      "type": "Feature",
      "geometry": {
        "type": "Point",
        "coordinates": [
          -48.2706564,
          -18.8859128
        ]
      },
      "properties": {
        "codigo": "N-122",
        "endereco": "Rua Alagoas, 1923, Marta Helena, Uberlândia, Minas Gerais, Brasil",
        "qtld": "108 D"
      }
    },
    {
      "type": "Feature",
      "geometry": {
        "type": "Point",
        "coordinates": [
          -48.2679449,
          -18.8854548
        ]
      },
      "properties": {
        "codigo": "N-123",
        "endereco": "Rua Jose Rezende dos Santos, 1995, Marta Helena, Uberlândia, Minas Gerais, Brasil",
        "qtld": "52 B"
      }
    },
    {
      "type": "Feature",
      "geometry": {
        "type": "Point",
        "coordinates": [
          -48.2979815,
          -18.8498892
        ]
      },
      "properties": {
        "codigo": "N-124",
        "endereco": "Avenida Antonio Tomaz Ferreira De Rezende, 1, Marta Helena, Uberlândia, Minas Gerais, Brasil",
        "qtld": "67 B"
      }
    },
    {
      "type": "Feature",
      "geometry": {
        "type": "Point",
        "coordinates": [
          -48.2698148,
          -18.8832975
        ]
      },
      "properties": {
        "codigo": "N-125",
        "endereco": "Avenida Comendador Alexandrino Garcia, 1139, Marta Helena, Uberlândia, Minas Gerais, Brasil",
        "qtld": "46 D"
      }
    },
    {
      "type": "Feature",
      "geometry": {
        "type": "Point",
        "coordinates": [
          -48.2675283,
          -18.8795718
        ]
      },
      "properties": {
        "codigo": "N-126",
        "endereco": "Rua Jose do Patrocinio, 344, Marta Helena, Uberlândia, Minas Gerais, Brasil",
        "qtld": "76 B"
      }
    },
    {
      "type": "Feature",
      "geometry": {
        "type": "Point",
        "coordinates": [
          -48.26432459999999,
          -18.8800147
        ]
      },
      "properties": {
        "codigo": "N-127",
        "endereco": "Avenida Arnaldo Contursi, 1785, Marta Helena, Uberlândia, Minas Gerais, Brasil",
        "qtld": "96 D"
      }
    },
    {
      "type": "Feature",
      "geometry": {
        "type": "Point",
        "coordinates": [
          -48.26167179999999,
          -18.877115
        ]
      },
      "properties": {
        "codigo": "N-128",
        "endereco": "Rua David Canabarro, 2245, Marta Helena, Uberlândia, Minas Gerais, Brasil",
        "qtld": "136 C"
      }
    },
    {
      "type": "Feature",
      "geometry": {
        "type": "Point",
        "coordinates": [
          -48.2645304,
          -18.8770196
        ]
      },
      "properties": {
        "codigo": "N-129",
        "endereco": "Avenida Comendador Alexandrino Garcia, 1890, Marta Helena, Uberlândia, Minas Gerais, Brasil",
        "qtld": "132 D"
      }
    },
    {
      "type": "Feature",
      "geometry": {
        "type": "Point",
        "coordinates": [
          -48.282502,
          -18.9003836
        ]
      },
      "properties": {
        "codigo": "N-13",
        "endereco": "Rua Cairo do Egito, 34, Presidente Roosevelt, Uberlândia, Minas Gerais, Brasil",
        "qtld": "54 C"
      }
    },
    {
      "type": "Feature",
      "geometry": {
        "type": "Point",
        "coordinates": [
          -48.2672165,
          -18.8766954
        ]
      },
      "properties": {
        "codigo": "N-130",
        "endereco": "Rua Pedro Quirino da Silva, 320, Marta Helena, Uberlândia, Minas Gerais, Brasil",
        "qtld": "111 D"
      }
    },
    {
      "type": "Feature",
      "geometry": {
        "type": "Point",
        "coordinates": [
          -48.255275,
          -18.8807419
        ]
      },
      "properties": {
        "codigo": "N-131",
        "endereco": "Rua Maria Quiteria, 1, Marta Helena, Uberlândia, Minas Gerais, Brasil",
        "qtld": "157 B"
      }
    },
    {
      "type": "Feature",
      "geometry": {
        "type": "Point",
        "coordinates": [
          -48.2672576,
          -18.8739566
        ]
      },
      "properties": {
        "codigo": "N-132",
        "endereco": "Rua Osmar Silverio da Silva, 105, Marta Helena, Uberlândia, Minas Gerais, Brasil",
        "qtld": "140 C"
      }
    },
    {
      "type": "Feature",
      "geometry": {
        "type": "Point",
        "coordinates": [
          -48.2700243,
          -18.8745911
        ]
      },
      "properties": {
        "codigo": "N-133",
        "endereco": "Rua Pedro Quirino da Silva, 1, Nossa Senhora das Graças, Uberlândia, Minas Gerais, Brasil",
        "qtld": "20 A"
      }
    },
    {
      "type": "Feature",
      "geometry": {
        "type": "Point",
        "coordinates": [
          -48.270624,
          -18.8767867
        ]
      },
      "properties": {
        "codigo": "N-134",
        "endereco": "Avenida Dr. Rofles Cecilio, 315, Nossa Senhora das Graças, Uberlândia, Minas Gerais, Brasil",
        "qtld": "16 D"
      }
    },
    {
      "type": "Feature",
      "geometry": {
        "type": "Point",
        "coordinates": [
          -48.2710386,
          -18.8808463
        ]
      },
      "properties": {
        "codigo": "N-135",
        "endereco": "Rua Cabanadas, 10, Nossa Senhora das Graças, Uberlândia, Minas Gerais, Brasil",
        "qtld": "9 B"
      }
    },
    {
      "type": "Feature",
      "geometry": {
        "type": "Point",
        "coordinates": [
          -48.2738224,
          -18.8768072
        ]
      },
      "properties": {
        "codigo": "N-136",
        "endereco": "Avenida Sabinadas, 535, Nossa Senhora das Graças, Uberlândia, Minas Gerais, Brasil",
        "qtld": "31 B"
      }
    },
    {
      "type": "Feature",
      "geometry": {
        "type": "Point",
        "coordinates": [
          -48.273002,
          -18.873969
        ]
      },
      "properties": {
        "codigo": "N-137",
        "endereco": "Avenida Rebeliao Praieira, 837, Nossa Senhora das Graças, Uberlândia, Minas Gerais, Brasil",
        "qtld": "46 D"
      }
    },
    {
      "type": "Feature",
      "geometry": {
        "type": "Point",
        "coordinates": [
          -48.2734929,
          -18.8707989
        ]
      },
      "properties": {
        "codigo": "N-138",
        "endereco": "Rua Frei Caneca, 1117, Nossa Senhora das Graças, Uberlândia, Minas Gerais, Brasil",
        "qtld": "57 A"
      }
    },
    {
      "type": "Feature",
      "geometry": {
        "type": "Point",
        "coordinates": [
          -48.2770423,
          -18.8672861
        ]
      },
      "properties": {
        "codigo": "N-139",
        "endereco": "Rua Siqueira Campos, 550, Nossa Senhora das Graças, Uberlândia, Minas Gerais, Brasil",
        "qtld": "98 B"
      }
    },
    {
      "type": "Feature",
      "geometry": {
        "type": "Point",
        "coordinates": [
          -48.2832328,
          -18.9033878
        ]
      },
      "properties": {
        "codigo": "N-14",
        "endereco": "Avenida Paulo Roberto Cunha Santos, 2225, Presidente Roosevelt, Uberlândia, Minas Gerais, Brasil",
        "qtld": "72 B"
      }
    },
    {
      "type": "Feature",
      "geometry": {
        "type": "Point",
        "coordinates": [
          -48.2763282,
          -18.8706567
        ]
      },
      "properties": {
        "codigo": "N-140",
        "endereco": "Rua Pedro Quirino da Silva, 776, Nossa Senhora das Graças, Uberlândia, Minas Gerais, Brasil",
        "qtld": "85 D"
      }
    },
    {
      "type": "Feature",
      "geometry": {
        "type": "Point",
        "coordinates": [
          -48.2764493,
          -18.8736747
        ]
      },
      "properties": {
        "codigo": "N-141",
        "endereco": "Avenida Barbara Eleodora, 426, Nossa Senhora das Graças, Uberlândia, Minas Gerais, Brasil",
        "qtld": "66 B"
      }
    },
    {
      "type": "Feature",
      "geometry": {
        "type": "Point",
        "coordinates": [
          -48.2765333,
          -18.8769028
        ]
      },
      "properties": {
        "codigo": "N-142",
        "endereco": "Avenida Confederaçao do Equador, 335, Nossa Senhora das Graças, Uberlândia, Minas Gerais, Brasil",
        "qtld": "37 B"
      }
    },
    {
      "type": "Feature",
      "geometry": {
        "type": "Point",
        "coordinates": [
          -48.2792146,
          -18.873996
        ]
      },
      "properties": {
        "codigo": "N-143",
        "endereco": "Rua Rio Grande do Norte, 10, Nossa Senhora das Graças, Uberlândia, Minas Gerais, Brasil",
        "qtld": "74 C"
      }
    },
    {
      "type": "Feature",
      "geometry": {
        "type": "Point",
        "coordinates": [
          -48.27988269999999,
          -18.8703876
        ]
      },
      "properties": {
        "codigo": "N-144",
        "endereco": "Avenida Siqueira Campos, 101, Nossa Senhora das Graças, Uberlândia, Minas Gerais, Brasil",
        "qtld": "108 C"
      }
    },
    {
      "type": "Feature",
      "geometry": {
        "type": "Point",
        "coordinates": [
          -48.2793332,
          -18.8680726
        ]
      },
      "properties": {
        "codigo": "N-145",
        "endereco": "Avenida Clara Camarao, 351, Nossa Senhora das Graças, Uberlândia, Minas Gerais, Brasil",
        "qtld": "114 D"
      }
    },
    {
      "type": "Feature",
      "geometry": {
        "type": "Point",
        "coordinates": [
          -48.2853731,
          -18.8709231
        ]
      },
      "properties": {
        "codigo": "N-148",
        "endereco": "Rua Ana Paula, 14, Nossa Senhora das Graças, Uberlândia, Minas Gerais, Brasil",
        "qtld": "125 B"
      }
    },
    {
      "type": "Feature",
      "geometry": {
        "type": "Point",
        "coordinates": [
          -48.28553669999999,
          -18.8676335
        ]
      },
      "properties": {
        "codigo": "N-149",
        "endereco": "Rua Leste, 51, Nossa Senhora das Graças, Uberlândia, Minas Gerais, Brasil",
        "qtld": "119 D"
      }
    },
    {
      "type": "Feature",
      "geometry": {
        "type": "Point",
        "coordinates": [
          -48.2853253,
          -18.9031432
        ]
      },
      "properties": {
        "codigo": "N-15",
        "endereco": "Avenida Cesario Crosara, 1546, Presidente Roosevelt, Uberlândia, Minas Gerais, Brasil",
        "qtld": "70 B"
      }
    },
    {
      "type": "Feature",
      "geometry": {
        "type": "Point",
        "coordinates": [
          -48.2885222,
          -18.8692952
        ]
      },
      "properties": {
        "codigo": "N-150",
        "endereco": "Avenida Ramiro Pedrosa, 1, Nossa Senhora das Graças, Uberlândia, Minas Gerais, Brasil",
        "qtld": "115 H"
      }
    },
    {
      "type": "Feature",
      "geometry": {
        "type": "Point",
        "coordinates": [
          -48.2882998,
          -18.8707116
        ]
      },
      "properties": {
        "codigo": "N-151",
        "endereco": "Alameda Cesar Augusto de Faria, 80, Residencial Gramado, Uberlândia, Minas Gerais, Brasil",
        "qtld": "2 C"
      }
    },
    {
      "type": "Feature",
      "geometry": {
        "type": "Point",
        "coordinates": [
          -48.2887507,
          -18.8721706
        ]
      },
      "properties": {
        "codigo": "N-152",
        "endereco": "Alameda Laura de Faria Santos, 1, Residencial Gramado, Uberlândia, Minas Gerais, Brasil",
        "qtld": "32 A"
      }
    },
    {
      "type": "Feature",
      "geometry": {
        "type": "Point",
        "coordinates": [
          -48.2914987,
          -18.8749286
        ]
      },
      "properties": {
        "codigo": "N-153",
        "endereco": "Praça Tuffic Issa, 2, Residencial Gramado, Uberlândia, Minas Gerais, Brasil",
        "qtld": "11 B"
      }
    },
    {
      "type": "Feature",
      "geometry": {
        "type": "Point",
        "coordinates": [
          -48.29368789999999,
          -18.8751373
        ]
      },
      "properties": {
        "codigo": "N-154",
        "endereco": "Rua Saul Pinheiro Barbosa, 1, Residencial Gramado, Uberlândia, Minas Gerais, Brasil",
        "qtld": "16 A"
      }
    },
    {
      "type": "Feature",
      "geometry": {
        "type": "Point",
        "coordinates": [
          -48.2943941,
          -18.8755874
        ]
      },
      "properties": {
        "codigo": "N-156",
        "endereco": "Rua Liomar, 1, Residencial Gramado, Uberlândia, Minas Gerais, Brasil",
        "qtld": "23 A"
      }
    },
    {
      "type": "Feature",
      "geometry": {
        "type": "Point",
        "coordinates": [
          -48.2589072,
          -18.873903
        ]
      },
      "properties": {
        "codigo": "N-157",
        "endereco": "Rua Gumercindo Silva, 40, Minas Gerais, Uberlândia, Minas Gerais, Brasil",
        "qtld": "2 D"
      }
    },
    {
      "type": "Feature",
      "geometry": {
        "type": "Point",
        "coordinates": [
          -48.2584278,
          -18.8708839
        ]
      },
      "properties": {
        "codigo": "N-158",
        "endereco": "Rua do Amendoim, 3100, Minas Gerais, Uberlândia, Minas Gerais, Brasil",
        "qtld": "14 C"
      }
    },
    {
      "type": "Feature",
      "geometry": {
        "type": "Point",
        "coordinates": [
          -48.2593685,
          -18.8696804
        ]
      },
      "properties": {
        "codigo": "N-159",
        "endereco": "Avenida Comendador Alexandrino Garcia - Rua JU 02, TB QT 1 B, 3441, Minas Gerais, Uberlândia, Minas Gerais, Brasil",
        "qtld": "27 A"
      }
    },
    {
      "type": "Feature",
      "geometry": {
        "type": "Point",
        "coordinates": [
          -48.2854002,
          -18.9005674
        ]
      },
      "properties": {
        "codigo": "N-16",
        "endereco": "João Justino Fernandes, 535, Presidente Roosevelt, Uberlândia, Minas Gerais, Brasil",
        "qtld": "69 A"
      }
    },
    {
      "type": "Feature",
      "geometry": {
        "type": "Point",
        "coordinates": [
          -48.2557762,
          -18.8675736
        ]
      },
      "properties": {
        "codigo": "N-160",
        "endereco": "Rua da Lavoura, 3330, Minas Gerais, Uberlândia, Minas Gerais, Brasil",
        "qtld": "9 D"
      }
    },
    {
      "type": "Feature",
      "geometry": {
        "type": "Point",
        "coordinates": [
          -48.25489349999999,
          -18.8634575
        ]
      },
      "properties": {
        "codigo": "N-161",
        "endereco": "Rodovia BR 050, KM 66, 3, Minas Gerais, Uberlândia, Minas Gerais, Brasil",
        "qtld": "152 D"
      }
    },
    {
      "type": "Feature",
      "geometry": {
        "type": "Point",
        "coordinates": [
          -48.25489349999999,
          -18.8634575
        ]
      },
      "properties": {
        "codigo": "N-162",
        "endereco": "Rodovia BR 050, KM 66, Minas Gerais, Uberlândia, Minas Gerais, Brasil",
        "qtld": "152 D"
      }
    },
    {
      "type": "Feature",
      "geometry": {
        "type": "Point",
        "coordinates": [
          -48.2615527,
          -18.8649375
        ]
      },
      "properties": {
        "codigo": "N-166",
        "endereco": "Rua Manoel Bandeira, 824, Minas Gerais, Uberlândia, Minas Gerais, Brasil",
        "qtld": "66 A"
      }
    },
    {
      "type": "Feature",
      "geometry": {
        "type": "Point",
        "coordinates": [
          -48.2607794,
          -18.8680949
        ]
      },
      "properties": {
        "codigo": "N-167",
        "endereco": "Rua da Tulia, 2985, Minas Gerais, Uberlândia, Minas Gerais, Brasil",
        "qtld": "46 D"
      }
    },
    {
      "type": "Feature",
      "geometry": {
        "type": "Point",
        "coordinates": [
          -48.26151249999999,
          -18.8708302
        ]
      },
      "properties": {
        "codigo": "N-168",
        "endereco": "Rua das Sementes, 1413, Minas Gerais, Uberlândia, Minas Gerais, Brasil",
        "qtld": "37 B"
      }
    },
    {
      "type": "Feature",
      "geometry": {
        "type": "Point",
        "coordinates": [
          -48.26470459999999,
          -18.8711854
        ]
      },
      "properties": {
        "codigo": "N-169",
        "endereco": "Avenida Jose Andraus Gassani, 730, Minas Gerais, Uberlândia, Minas Gerais, Brasil",
        "qtld": "75 B"
      }
    },
    {
      "type": "Feature",
      "geometry": {
        "type": "Point",
        "coordinates": [
          -48.2851672,
          -18.8974914
        ]
      },
      "properties": {
        "codigo": "N-17",
        "endereco": "Praça Lincoln, 153, Presidente Roosevelt, Uberlândia, Minas Gerais, Brasil",
        "qtld": "56 D"
      }
    },
    {
      "type": "Feature",
      "geometry": {
        "type": "Point",
        "coordinates": [
          -48.26439569999999,
          -18.8677029
        ]
      },
      "properties": {
        "codigo": "N-170",
        "endereco": "Rua Jose Novato Filho, 15, Minas Gerais, Uberlândia, Minas Gerais, Brasil",
        "qtld": "81 A"
      }
    },
    {
      "type": "Feature",
      "geometry": {
        "type": "Point",
        "coordinates": [
          -48.2642269,
          -18.8647625
        ]
      },
      "properties": {
        "codigo": "N-171",
        "endereco": "Rua da Produção, 1818, Minas Gerais, Uberlândia, Minas Gerais, Brasil",
        "qtld": "90 B"
      }
    },
    {
      "type": "Feature",
      "geometry": {
        "type": "Point",
        "coordinates": [
          -48.2640961,
          -18.8625209
        ]
      },
      "properties": {
        "codigo": "N-172",
        "endereco": "Rua dos Silos, 2035, Minas Gerais, Uberlândia, Minas Gerais, Brasil",
        "qtld": "106 A"
      }
    },
    {
      "type": "Feature",
      "geometry": {
        "type": "Point",
        "coordinates": [
          -48.2656398,
          -18.8583972
        ]
      },
      "properties": {
        "codigo": "N-173",
        "endereco": "Anel Viario Ayrton Senna, 2001, Minas Gerais, Uberlândia, Minas Gerais, Brasil",
        "qtld": "152 C"
      }
    },
    {
      "type": "Feature",
      "geometry": {
        "type": "Point",
        "coordinates": [
          -48.2676075,
          -18.8647933
        ]
      },
      "properties": {
        "codigo": "N-175",
        "endereco": "Rua Alexandre Zuchetti, 106, Minas Gerais, Uberlândia, Minas Gerais, Brasil",
        "qtld": "100 A"
      }
    },
    {
      "type": "Feature",
      "geometry": {
        "type": "Point",
        "coordinates": [
          -48.2670654,
          -18.8680968
        ]
      },
      "properties": {
        "codigo": "N-176",
        "endereco": "Rua da Produção, 1278, Minas Gerais, Uberlândia, Minas Gerais, Brasil",
        "qtld": "93 B"
      }
    },
    {
      "type": "Feature",
      "geometry": {
        "type": "Point",
        "coordinates": [
          -48.2705356,
          -18.8650492
        ]
      },
      "properties": {
        "codigo": "N-177",
        "endereco": "Rua Gonçalves Ledo, 1528, Minas Gerais, Uberlândia, Minas Gerais, Brasil",
        "qtld": "118 C"
      }
    },
    {
      "type": "Feature",
      "geometry": {
        "type": "Point",
        "coordinates": [
          -48.2708362,
          -18.8590104
        ]
      },
      "properties": {
        "codigo": "N-179",
        "endereco": "Rua Jose de Alencar, 11, Minas Gerais, Uberlândia, Minas Gerais, Brasil",
        "qtld": "140 C"
      }
    },
    {
      "type": "Feature",
      "geometry": {
        "type": "Point",
        "coordinates": [
          -48.2854783,
          -18.8944717
        ]
      },
      "properties": {
        "codigo": "N-18",
        "endereco": "Rua Ordália Carneiro De Oliveira, 139, Presidente Roosevelt, Uberlândia, Minas Gerais, Brasil",
        "qtld": "171 B"
      }
    },
    {
      "type": "Feature",
      "geometry": {
        "type": "Point",
        "coordinates": [
          -48.25375100000001,
          -18.8583699
        ]
      },
      "properties": {
        "codigo": "N-180",
        "endereco": "Anel Viario Ayrton Senna, 1, Minas Gerais, Uberlândia, Minas Gerais, Brasil",
        "qtld": "152 C"
      }
    },
    {
      "type": "Feature",
      "geometry": {
        "type": "Point",
        "coordinates": [
          -48.25375100000001,
          -18.8583699
        ]
      },
      "properties": {
        "codigo": "N-181",
        "endereco": "Anel Viario Ayrton Senna, 1, Minas Gerais, Uberlândia, Minas Gerais, Brasil",
        "qtld": "152 C"
      }
    },
    {
      "type": "Feature",
      "geometry": {
        "type": "Point",
        "coordinates": [
          -48.2732089,
          -18.859167
        ]
      },
      "properties": {
        "codigo": "N-182",
        "endereco": "Rua Fernando Sabino, 15, Minas Gerais, Uberlândia, Minas Gerais, Brasil",
        "qtld": "151 A"
      }
    },
    {
      "type": "Feature",
      "geometry": {
        "type": "Point",
        "coordinates": [
          -48.2733383,
          -18.8620205
        ]
      },
      "properties": {
        "codigo": "N-183",
        "endereco": "Rua da Soja, 800, Minas Gerais, Uberlândia, Minas Gerais, Brasil",
        "qtld": "129 A"
      }
    },
    {
      "type": "Feature",
      "geometry": {
        "type": "Point",
        "coordinates": [
          -48.2759612,
          -18.8586587
        ]
      },
      "properties": {
        "codigo": "N-184",
        "endereco": "Avenida Tom Jobim, 58, Minas Gerais, Uberlândia, Minas Gerais, Brasil",
        "qtld": "136 D"
      }
    },
    {
      "type": "Feature",
      "geometry": {
        "type": "Point",
        "coordinates": [
          -48.2774888,
          -18.8563689
        ]
      },
      "properties": {
        "codigo": "N-185",
        "endereco": "Avenida Airton Borges da Silva, 1128, Minas Gerais, Uberlândia, Minas Gerais, Brasil",
        "qtld": "152 B"
      }
    },
    {
      "type": "Feature",
      "geometry": {
        "type": "Point",
        "coordinates": [
          -48.27948689999999,
          -18.8532533
        ]
      },
      "properties": {
        "codigo": "N-187",
        "endereco": "Avenida Airton Borges da Silva, 1530, Minas Gerais, Uberlândia, Minas Gerais, Brasil",
        "qtld": "152 B"
      }
    },
    {
      "type": "Feature",
      "geometry": {
        "type": "Point",
        "coordinates": [
          -48.2614577,
          -18.8738471
        ]
      },
      "properties": {
        "codigo": "N-188",
        "endereco": "Avenida Jose Andraus Gassani, 299, Industrial, Uberlândia, Minas Gerais, Brasil",
        "qtld": "1 B"
      }
    },
    {
      "type": "Feature",
      "geometry": {
        "type": "Point",
        "coordinates": [
          -48.2667927,
          -18.8699964
        ]
      },
      "properties": {
        "codigo": "N-189",
        "endereco": "Avenida Jose Andraus Gassani, 1003, Industrial, Uberlândia, Minas Gerais, Brasil",
        "qtld": "2 B"
      }
    },
    {
      "type": "Feature",
      "geometry": {
        "type": "Point",
        "coordinates": [
          -48.28570939999999,
          -18.8912427
        ]
      },
      "properties": {
        "codigo": "N-19",
        "endereco": "Avenida Cesario Crosara, 4000, Presidente Roosevelt, Uberlândia, Minas Gerais, Brasil",
        "qtld": "178 A"
      }
    },
    {
      "type": "Feature",
      "geometry": {
        "type": "Point",
        "coordinates": [
          -48.2703108,
          -18.8673104
        ]
      },
      "properties": {
        "codigo": "N-191",
        "endereco": "Avenida Jose Andraus Gassani, 1, Industrial, Uberlândia, Minas Gerais, Brasil",
        "qtld": "2 B"
      }
    },
    {
      "type": "Feature",
      "geometry": {
        "type": "Point",
        "coordinates": [
          -48.2733146,
          -18.865237
        ]
      },
      "properties": {
        "codigo": "N-193",
        "endereco": "Avenida Jose Andraus Gassani, 1898, Industrial, Uberlândia, Minas Gerais, Brasil",
        "qtld": "5 E"
      }
    },
    {
      "type": "Feature",
      "geometry": {
        "type": "Point",
        "coordinates": [
          -48.2731848,
          -18.8948181
        ]
      },
      "properties": {
        "codigo": "N-2",
        "endereco": "Rua Orlando Aguiar Da Silva, 100, Presidente Roosevelt, Uberlândia, Minas Gerais, Brasil",
        "qtld": "3 D"
      }
    },
    {
      "type": "Feature",
      "geometry": {
        "type": "Point",
        "coordinates": [
          -48.2884214,
          -18.8919469
        ]
      },
      "properties": {
        "codigo": "N-20",
        "endereco": "Rua Treviso, 10, Presidente Roosevelt, Uberlândia, Minas Gerais, Brasil",
        "qtld": "154 B"
      }
    },
    {
      "type": "Feature",
      "geometry": {
        "type": "Point",
        "coordinates": [
          -48.2703108,
          -18.8673104
        ]
      },
      "properties": {
        "codigo": "N-205",
        "endereco": "Avenida Jose Andraus Gassani, 1, Industrial, Uberlândia, Minas Gerais, Brasil",
        "qtld": "8A"
      }
    },
    {
      "type": "Feature",
      "geometry": {
        "type": "Point",
        "coordinates": [
          -48.2885452,
          -18.8577116
        ]
      },
      "properties": {
        "codigo": "N-208",
        "endereco": "Anel Viario Setor Norte, 175, Industrial, Uberlândia, Minas Gerais, Brasil",
        "qtld": "9 D"
      }
    },
    {
      "type": "Feature",
      "geometry": {
        "type": "Point",
        "coordinates": [
          -48.2896653,
          -18.86113
        ]
      },
      "properties": {
        "codigo": "N-209",
        "endereco": "Rua Nivaldo Guerreiro Nunes, 450, Industrial, Uberlândia, Minas Gerais, Brasil",
        "qtld": "8 C"
      }
    },
    {
      "type": "Feature",
      "geometry": {
        "type": "Point",
        "coordinates": [
          -48.2881082,
          -18.8945282
        ]
      },
      "properties": {
        "codigo": "N-21",
        "endereco": "Avenida Peru, 197, Presidente Roosevelt, Uberlândia, Minas Gerais, Brasil",
        "qtld": "163 C"
      }
    },
    {
      "type": "Feature",
      "geometry": {
        "type": "Point",
        "coordinates": [
          -48.2897551,
          -18.8659587
        ]
      },
      "properties": {
        "codigo": "N-210",
        "endereco": "Avenida Jose Andraus Gassani, 4280, Industrial, Uberlândia, Minas Gerais, Brasil",
        "qtld": "8A"
      }
    },
    {
      "type": "Feature",
      "geometry": {
        "type": "Point",
        "coordinates": [
          -48.2910747,
          -18.8699765
        ]
      },
      "properties": {
        "codigo": "N-212",
        "endereco": "Avenida Jose Andraus Gassani, 4655, Industrial, Uberlândia, Minas Gerais, Brasil",
        "qtld": "17 C"
      }
    },
    {
      "type": "Feature",
      "geometry": {
        "type": "Point",
        "coordinates": [
          -48.2935162,
          -18.8622006
        ]
      },
      "properties": {
        "codigo": "N-216",
        "endereco": "Rua Setembrino Rodrigues Silveira, 385, Industrial, Uberlândia, Minas Gerais, Brasil",
        "qtld": "9 B"
      }
    },
    {
      "type": "Feature",
      "geometry": {
        "type": "Point",
        "coordinates": [
          -48.2945791,
          -18.869764
        ]
      },
      "properties": {
        "codigo": "N-219",
        "endereco": "Avenida Jose Andraus Gassani, 4800, Industrial, Uberlândia, Minas Gerais, Brasil",
        "qtld": "15 B"
      }
    },
    {
      "type": "Feature",
      "geometry": {
        "type": "Point",
        "coordinates": [
          -48.28795059999999,
          -18.8977434
        ]
      },
      "properties": {
        "codigo": "N-22",
        "endereco": "Rua Virgilio Mineiro, 62, Presidente Roosevelt, Uberlândia, Minas Gerais, Brasil",
        "qtld": "83 A"
      }
    },
    {
      "type": "Feature",
      "geometry": {
        "type": "Point",
        "coordinates": [
          -48.2986468,
          -18.8764288
        ]
      },
      "properties": {
        "codigo": "N-220",
        "endereco": "Rua dos Teofilos, 150, Industrial, Uberlândia, Minas Gerais, Brasil",
        "qtld": "17 A"
      }
    },
    {
      "type": "Feature",
      "geometry": {
        "type": "Point",
        "coordinates": [
          -48.2896337,
          -18.8924839
        ]
      },
      "properties": {
        "codigo": "N-23",
        "endereco": "Rua Tufi Mámer, 289, Presidente Roosevelt, Uberlândia, Minas Gerais, Brasil",
        "qtld": "89 A"
      }
    },
    {
      "type": "Feature",
      "geometry": {
        "type": "Point",
        "coordinates": [
          -48.30169979999999,
          -18.8748963
        ]
      },
      "properties": {
        "codigo": "N-232",
        "endereco": "Rua Ignez Favato, 1, Industrial, Uberlândia, Minas Gerais, Brasil",
        "qtld": "19 C"
      }
    },
    {
      "type": "Feature",
      "geometry": {
        "type": "Point",
        "coordinates": [
          -48.3057047,
          -18.8804824
        ]
      },
      "properties": {
        "codigo": "N-239",
        "endereco": "Rua Decio Spirandeli Carvalho, 200, Industrial, Uberlândia, Minas Gerais, Brasil",
        "qtld": "22 C"
      }
    },
    {
      "type": "Feature",
      "geometry": {
        "type": "Point",
        "coordinates": [
          -48.2885708,
          -18.9034699
        ]
      },
      "properties": {
        "codigo": "N-24",
        "endereco": "Rua Carlos Vilela Marquez, 61, Presidente Roosevelt, Uberlândia, Minas Gerais, Brasil",
        "qtld": "93 B"
      }
    },
    {
      "type": "Feature",
      "geometry": {
        "type": "Point",
        "coordinates": [
          -48.30514729999999,
          -18.8839003
        ]
      },
      "properties": {
        "codigo": "N-240",
        "endereco": "Rua Rafael Lucas Xavier Santos, 11, Industrial, Uberlândia, Minas Gerais, Brasil",
        "qtld": "22 G"
      }
    },
    {
      "type": "Feature",
      "geometry": {
        "type": "Point",
        "coordinates": [
          -48.291676,
          -18.9038153
        ]
      },
      "properties": {
        "codigo": "N-25",
        "endereco": "Rua Osmar Sales Monteiro, 582, Presidente Roosevelt, Uberlândia, Minas Gerais, Brasil",
        "qtld": "97 B"
      }
    },
    {
      "type": "Feature",
      "geometry": {
        "type": "Point",
        "coordinates": [
          -48.3134216,
          -18.883816
        ]
      },
      "properties": {
        "codigo": "N-250",
        "endereco": "Rua Lineu Anterino Mariano, 280, Industrial, Uberlândia, Minas Gerais, Brasil",
        "qtld": "23 C"
      }
    },
    {
      "type": "Feature",
      "geometry": {
        "type": "Point",
        "coordinates": [
          -48.3021208,
          -18.9081185
        ]
      },
      "properties": {
        "codigo": "N-254",
        "endereco": "Avenida Coronel Jose Teofilo Carneiro, 1, Industrial, Uberlândia, Minas Gerais, Brasil",
        "qtld": "24 A"
      }
    },
    {
      "type": "Feature",
      "geometry": {
        "type": "Point",
        "coordinates": [
          -48.2913355,
          -18.9006597
        ]
      },
      "properties": {
        "codigo": "N-26",
        "endereco": "Avenida Cesario Crosara, 2268, Presidente Roosevelt, Uberlândia, Minas Gerais, Brasil",
        "qtld": "103 D"
      }
    },
    {
      "type": "Feature",
      "geometry": {
        "type": "Point",
        "coordinates": [
          -48.2914856,
          -18.8984379
        ]
      },
      "properties": {
        "codigo": "N-27",
        "endereco": "R. Ana de Oliveira Lomônaco, 1315, Presidente Roosevelt, Uberlândia, Minas Gerais, Brasil",
        "qtld": "107 A"
      }
    },
    {
      "type": "Feature",
      "geometry": {
        "type": "Point",
        "coordinates": [
          -48.2814381,
          -18.8735115
        ]
      },
      "properties": {
        "codigo": "N-276",
        "endereco": "Avenida Antonio Thomaz Ferreira De Rezende, 4240, Industrial, Uberlândia, Minas Gerais, Brasil",
        "qtld": "41 A"
      }
    },
    {
      "type": "Feature",
      "geometry": {
        "type": "Point",
        "coordinates": [
          -48.2986278,
          -18.8544122
        ]
      },
      "properties": {
        "codigo": "N-279",
        "endereco": "Rua Angelo Naghettini, 200, Industrial, Uberlândia, Minas Gerais, Brasil",
        "qtld": "33 D"
      }
    },
    {
      "type": "Feature",
      "geometry": {
        "type": "Point",
        "coordinates": [
          -48.2913749,
          -18.8947769
        ]
      },
      "properties": {
        "codigo": "N-28",
        "endereco": "Rua Sátiro José De Araújo, 254, Presidente Roosevelt, Uberlândia, Minas Gerais, Brasil",
        "qtld": "158 C"
      }
    },
    {
      "type": "Feature",
      "geometry": {
        "type": "Point",
        "coordinates": [
          -48.2951927,
          -18.8541693
        ]
      },
      "properties": {
        "codigo": "N-281",
        "endereco": "Rua Edwards Manuel da Silva, 175, Industrial, Uberlândia, Minas Gerais, Brasil",
        "qtld": "39 B"
      }
    },
    {
      "type": "Feature",
      "geometry": {
        "type": "Point",
        "coordinates": [
          -48.2912177,
          -18.8505714
        ]
      },
      "properties": {
        "codigo": "N-282",
        "endereco": "Rua Will Cargill, 880, Industrial, Uberlândia, Minas Gerais, Brasil",
        "qtld": "41 B"
      }
    },
    {
      "type": "Feature",
      "geometry": {
        "type": "Point",
        "coordinates": [
          -48.2912177,
          -18.8505714
        ]
      },
      "properties": {
        "codigo": "N-288",
        "endereco": "Rua Will Cargill, 880, Industrial, Uberlândia, Minas Gerais, Brasil",
        "qtld": "41 B"
      }
    },
    {
      "type": "Feature",
      "geometry": {
        "type": "Point",
        "coordinates": [
          -48.2912177,
          -18.8505714
        ]
      },
      "properties": {
        "codigo": "N-289",
        "endereco": "Rua Will Cargill, 880, Industrial, Uberlândia, Minas Gerais, Brasil",
        "qtld": "41 B"
      }
    },
    {
      "type": "Feature",
      "geometry": {
        "type": "Point",
        "coordinates": [
          -48.2914901,
          -18.8917709
        ]
      },
      "properties": {
        "codigo": "N-29",
        "endereco": "Avenida Olivia De Freitas Guimaraes, 953, Presidente Roosevelt, Uberlândia, Minas Gerais, Brasil",
        "qtld": "152 C"
      }
    },
    {
      "type": "Feature",
      "geometry": {
        "type": "Point",
        "coordinates": [
          -48.2973094,
          -18.8515525
        ]
      },
      "properties": {
        "codigo": "N-290",
        "endereco": "Rua Laide Virginia Costa, 1, Industrial, Uberlândia, Minas Gerais, Brasil",
        "qtld": "40 B"
      }
    },
    {
      "type": "Feature",
      "geometry": {
        "type": "Point",
        "coordinates": [
          -48.2993793,
          -18.8501898
        ]
      },
      "properties": {
        "codigo": "N-292",
        "endereco": "Rua Joaquim Pedro Gonçalves, 190, Industrial, Uberlândia, Minas Gerais, Brasil",
        "qtld": "34 C"
      }
    },
    {
      "type": "Feature",
      "geometry": {
        "type": "Point",
        "coordinates": [
          -48.3028212,
          -18.847947
        ]
      },
      "properties": {
        "codigo": "N-293",
        "endereco": "Rua Cesar Mugnato, 351, Industrial, Uberlândia, Minas Gerais, Brasil",
        "qtld": "34 A"
      }
    },
    {
      "type": "Feature",
      "geometry": {
        "type": "Point",
        "coordinates": [
          -48.276633,
          -18.8947796
        ]
      },
      "properties": {
        "codigo": "N-3",
        "endereco": "Rua João Tobias, 468, Presidente Roosevelt, Uberlândia, Minas Gerais, Brasil",
        "qtld": "09A"
      }
    },
    {
      "type": "Feature",
      "geometry": {
        "type": "Point",
        "coordinates": [
          -48.2946722,
          -18.8915903
        ]
      },
      "properties": {
        "codigo": "N-30",
        "endereco": "Rua Elpídio Aristides De Freitas, 1385, Presidente Roosevelt, Uberlândia, Minas Gerais, Brasil",
        "qtld": "149 D"
      }
    },
    {
      "type": "Feature",
      "geometry": {
        "type": "Point",
        "coordinates": [
          -48.283456,
          -18.8480561
        ]
      },
      "properties": {
        "codigo": "N-301",
        "endereco": "Avenida Airton Borges da Silva, 2520, Industrial, Uberlândia, Minas Gerais, Brasil",
        "qtld": "42 B"
      }
    },
    {
      "type": "Feature",
      "geometry": {
        "type": "Point",
        "coordinates": [
          -48.3004275,
          -18.8426581
        ]
      },
      "properties": {
        "codigo": "N-307",
        "endereco": "Rodovia Neuza Rezende, 6000, Industrial, Uberlândia, Minas Gerais, Brasil",
        "qtld": "36 B"
      }
    },
    {
      "type": "Feature",
      "geometry": {
        "type": "Point",
        "coordinates": [
          -48.2940715,
          -18.8943158
        ]
      },
      "properties": {
        "codigo": "N-31",
        "endereco": "Rua Joao Clemente De Oliveira, 150, Presidente Roosevelt, Uberlândia, Minas Gerais, Brasil",
        "qtld": "145 B"
      }
    },
    {
      "type": "Feature",
      "geometry": {
        "type": "Point",
        "coordinates": [
          -48.2941786,
          -18.8972302
        ]
      },
      "properties": {
        "codigo": "N-32",
        "endereco": "Rua António Carrijo, 114, Presidente Roosevelt, Uberlândia, Minas Gerais, Brasil",
        "qtld": "110 C"
      }
    },
    {
      "type": "Feature",
      "geometry": {
        "type": "Point",
        "coordinates": [
          -48.2940583,
          -18.900572
        ]
      },
      "properties": {
        "codigo": "N-33",
        "endereco": "Rua Pedro Damis, 85, Presidente Roosevelt, Uberlândia, Minas Gerais, Brasil",
        "qtld": "117 A"
      }
    },
    {
      "type": "Feature",
      "geometry": {
        "type": "Point",
        "coordinates": [
          -48.2944475,
          -18.9037594
        ]
      },
      "properties": {
        "codigo": "N-34",
        "endereco": "Rua Osmar Sáles Monteiro, 860, Presidente Roosevelt, Uberlândia, Minas Gerais, Brasil",
        "qtld": "120 D"
      }
    },
    {
      "type": "Feature",
      "geometry": {
        "type": "Point",
        "coordinates": [
          -48.3152646,
          -18.8945208
        ]
      },
      "properties": {
        "codigo": "N-35",
        "endereco": "Rua Basalto, 136, Sao Jose, Uberlândia, Minas Gerais, Brasil",
        "qtld": "4 C"
      }
    },
    {
      "type": "Feature",
      "geometry": {
        "type": "Point",
        "coordinates": [
          -48.31106760000001,
          -18.8982189
        ]
      },
      "properties": {
        "codigo": "N-36",
        "endereco": "Avenida Coronel Jose Teofilo Carneiro, 1001, Sao Jose, Uberlândia, Minas Gerais, Brasil",
        "qtld": "7 B"
      }
    },
    {
      "type": "Feature",
      "geometry": {
        "type": "Point",
        "coordinates": [
          -48.31106760000001,
          -18.8982189
        ]
      },
      "properties": {
        "codigo": "N-38",
        "endereco": "Avenida Coronel Jose Teofilo Carneiro, 1001, Sao Jose, Uberlândia, Minas Gerais, Brasil",
        "qtld": "7 B"
      }
    },
    {
      "type": "Feature",
      "geometry": {
        "type": "Point",
        "coordinates": [
          -48.3106569,
          -18.9051954
        ]
      },
      "properties": {
        "codigo": "N-39",
        "endereco": "Rua Do Niquel, 1, Sao Jose, Uberlândia, Minas Gerais, Brasil",
        "qtld": "7 C"
      }
    },
    {
      "type": "Feature",
      "geometry": {
        "type": "Point",
        "coordinates": [
          -48.2767871,
          -18.8973979
        ]
      },
      "properties": {
        "codigo": "N-4",
        "endereco": "Rua Ademar Margonari, 145, Presidente Roosevelt, Uberlândia, Minas Gerais, Brasil",
        "qtld": "21 C"
      }
    },
    {
      "type": "Feature",
      "geometry": {
        "type": "Point",
        "coordinates": [
          -48.306024,
          -18.9033896
        ]
      },
      "properties": {
        "codigo": "N-42",
        "endereco": "Avenida Coronel Jose Teofilo Carneiro, 640, Jardim Brasília, Uberlândia, Minas Gerais, Brasil",
        "qtld": "144 B"
      }
    },
    {
      "type": "Feature",
      "geometry": {
        "type": "Point",
        "coordinates": [
          -48.3046558,
          -18.9070049
        ]
      },
      "properties": {
        "codigo": "N-43",
        "endereco": "Avenida Moizes de Freitas, 1, Jardim Brasília, Uberlândia, Minas Gerais, Brasil",
        "qtld": "130 A"
      }
    },
    {
      "type": "Feature",
      "geometry": {
        "type": "Point",
        "coordinates": [
          -48.3006651,
          -18.9067139
        ]
      },
      "properties": {
        "codigo": "N-44",
        "endereco": "Rua Modesta Candida Pereira, 44, Jardim Brasília, Uberlândia, Minas Gerais, Brasil",
        "qtld": "115 D"
      }
    },
    {
      "type": "Feature",
      "geometry": {
        "type": "Point",
        "coordinates": [
          -48.303241,
          -18.903961
        ]
      },
      "properties": {
        "codigo": "N-45",
        "endereco": "Rua Mercurio, 28, Jardim Brasília, Uberlândia, Minas Gerais, Brasil",
        "qtld": "108 C"
      }
    },
    {
      "type": "Feature",
      "geometry": {
        "type": "Point",
        "coordinates": [
          -48.3063843,
          -18.9007083
        ]
      },
      "properties": {
        "codigo": "N-46",
        "endereco": "Rua Globo, 399, Jardim Brasília, Uberlândia, Minas Gerais, Brasil",
        "qtld": "149 A"
      }
    },
    {
      "type": "Feature",
      "geometry": {
        "type": "Point",
        "coordinates": [
          -48.30519950000001,
          -18.8959651
        ]
      },
      "properties": {
        "codigo": "N-47",
        "endereco": "Rua Mercurio, 895, Jardim Brasília, Uberlândia, Minas Gerais, Brasil",
        "qtld": "157 C"
      }
    },
    {
      "type": "Feature",
      "geometry": {
        "type": "Point",
        "coordinates": [
          -48.3094748,
          -18.8976053
        ]
      },
      "properties": {
        "codigo": "N-48",
        "endereco": "Rua Marco Aurelio Pereira, 229, Jardim Brasília, Uberlândia, Minas Gerais, Brasil",
        "qtld": "159 A"
      }
    },
    {
      "type": "Feature",
      "geometry": {
        "type": "Point",
        "coordinates": [
          -48.3041351,
          -18.8307804
        ]
      },
      "properties": {
        "codigo": "N-484",
        "endereco": "Rua Camburiu, 200, Chacaras Vale do Sol, Uberlândia, Minas Gerais, Brasil",
        "qtld": "7 D"
      }
    },
    {
      "type": "Feature",
      "geometry": {
        "type": "Point",
        "coordinates": [
          -4830623616421330,
          -18834893832860700
        ]
      },
      "properties": {
        "codigo": "N-486",
        "endereco": "Rua da Enseada, 102, Chacaras Vale do Sol, Uberlândia, Minas Gerais, Brasil",
        "qtld": "3A"
      }
    },
    {
      "type": "Feature",
      "geometry": {
        "type": "Point",
        "coordinates": [
          -48.3094284,
          -18.8946352
        ]
      },
      "properties": {
        "codigo": "N-49",
        "endereco": "Rua Fabio Rafael Felice, 20, Jardim Brasília, Uberlândia, Minas Gerais, Brasil",
        "qtld": "175 B"
      }
    },
    {
      "type": "Feature",
      "geometry": {
        "type": "Point",
        "coordinates": [
          -48.2769702,
          -18.9008466
        ]
      },
      "properties": {
        "codigo": "N-5",
        "endereco": "Rua Cesário Crosara, 630, Presidente Roosevelt, Uberlândia, Minas Gerais, Brasil",
        "qtld": "29 C"
      }
    },
    {
      "type": "Feature",
      "geometry": {
        "type": "Point",
        "coordinates": [
          -48.312048,
          -18.895028
        ]
      },
      "properties": {
        "codigo": "N-50",
        "endereco": "Rua Maria Helena de Sousa, 915, Jardim Brasília, Uberlândia, Minas Gerais, Brasil",
        "qtld": "615 A"
      }
    },
    {
      "type": "Feature",
      "geometry": {
        "type": "Point",
        "coordinates": [
          -48.312162,
          -18.891928
        ]
      },
      "properties": {
        "codigo": "N-51",
        "endereco": "Rua Joao Alves Rodrigues, 22, Jardim Brasília, Uberlândia, Minas Gerais, Brasil",
        "qtld": "187 A"
      }
    },
    {
      "type": "Feature",
      "geometry": {
        "type": "Point",
        "coordinates": [
          -48.3093126,
          -18.8919877
        ]
      },
      "properties": {
        "codigo": "N-52",
        "endereco": "Rua Fernando Pereira dos Santos, 1, Jardim Brasília, Uberlândia, Minas Gerais, Brasil",
        "qtld": "188 C"
      }
    },
    {
      "type": "Feature",
      "geometry": {
        "type": "Point",
        "coordinates": [
          -48.30346530000001,
          -18.8921764
        ]
      },
      "properties": {
        "codigo": "N-53",
        "endereco": "Rua dos Tropicos, 1, Jardim Brasília, Uberlândia, Minas Gerais, Brasil",
        "qtld": "191 B"
      }
    },
    {
      "type": "Feature",
      "geometry": {
        "type": "Point",
        "coordinates": [
          -48.3190927,
          -18.8400209
        ]
      },
      "properties": {
        "codigo": "N-537",
        "endereco": "Av. Acir de Almeida, 2, Chacaras Val Paraiso, Uberlândia, Minas Gerais, Brasil",
        "qtld": "6 D"
      }
    },
    {
      "type": "Feature",
      "geometry": {
        "type": "Point",
        "coordinates": [
          -48.3190927,
          -18.8400209
        ]
      },
      "properties": {
        "codigo": "N-538",
        "endereco": "Rua Ademir Martis Costa, 191, Chacaras Val Paraiso, Uberlândia, Minas Gerais, Brasil",
        "qtld": "09A"
      }
    },
    {
      "type": "Feature",
      "geometry": {
        "type": "Point",
        "coordinates": [
          -48.3064877,
          -18.8949426
        ]
      },
      "properties": {
        "codigo": "N-54",
        "endereco": "Rua Maria Abadia Silva, 110, Jardim Brasília, Uberlândia, Minas Gerais, Brasil",
        "qtld": "161 C"
      }
    },
    {
      "type": "Feature",
      "geometry": {
        "type": "Point",
        "coordinates": [
          -48.3207512,
          -18.8402316
        ]
      },
      "properties": {
        "codigo": "N-545",
        "endereco": "Rua Jose Bezerra, 429, Chacaras Val Paraiso, Uberlândia, Minas Gerais, Brasil",
        "qtld": "14 A"
      }
    },
    {
      "type": "Feature",
      "geometry": {
        "type": "Point",
        "coordinates": [
          -48.3026006,
          -18.8980716
        ]
      },
      "properties": {
        "codigo": "N-55",
        "endereco": "Rua Netuno, 1, Jardim Brasília, Uberlândia, Minas Gerais, Brasil",
        "qtld": "82 A"
      }
    },
    {
      "type": "Feature",
      "geometry": {
        "type": "Point",
        "coordinates": [
          -48.30322169999999,
          -18.8979909
        ]
      },
      "properties": {
        "codigo": "N-56",
        "endereco": "Rua Nosso Lar, 615, Jardim Brasília, Uberlândia, Minas Gerais, Brasil",
        "qtld": "88 C"
      }
    },
    {
      "type": "Feature",
      "geometry": {
        "type": "Point",
        "coordinates": [
          -48.3033308,
          -18.9007418
        ]
      },
      "properties": {
        "codigo": "N-57",
        "endereco": "Avenida das Maes, 809, Jardim Brasília, Uberlândia, Minas Gerais, Brasil",
        "qtld": "97 D"
      }
    },
    {
      "type": "Feature",
      "geometry": {
        "type": "Point",
        "coordinates": [
          -48.3001066,
          -18.9038234
        ]
      },
      "properties": {
        "codigo": "N-58",
        "endereco": "Rua Euripedes Barsanulfo, 422, Jardim Brasília, Uberlândia, Minas Gerais, Brasil",
        "qtld": "41 C"
      }
    },
    {
      "type": "Feature",
      "geometry": {
        "type": "Point",
        "coordinates": [
          -48.299344,
          -18.9073059
        ]
      },
      "properties": {
        "codigo": "N-59",
        "endereco": "Avenida Paulo Roberto Cunha Santos, 1, Jardim Brasília, Uberlândia, Minas Gerais, Brasil",
        "qtld": "35 D"
      }
    },
    {
      "type": "Feature",
      "geometry": {
        "type": "Point",
        "coordinates": [
          -48.2971399,
          -18.9036654
        ]
      },
      "properties": {
        "codigo": "N-60",
        "endereco": "Rua Euripedes Barsanulfo, 96, Jardim Brasília, Uberlândia, Minas Gerais, Brasil",
        "qtld": "39 A"
      }
    },
    {
      "type": "Feature",
      "geometry": {
        "type": "Point",
        "coordinates": [
          -48.3001718,
          -18.901247
        ]
      },
      "properties": {
        "codigo": "N-61",
        "endereco": "Rua Capela, 464, Jardim Brasília, Uberlândia, Minas Gerais, Brasil",
        "qtld": "49 C"
      }
    },
    {
      "type": "Feature",
      "geometry": {
        "type": "Point",
        "coordinates": [
          -48.2973288,
          -18.9008152
        ]
      },
      "properties": {
        "codigo": "N-62",
        "endereco": "Rua Capela, 143, Jardim Brasília, Uberlândia, Minas Gerais, Brasil",
        "qtld": "26 B"
      }
    },
    {
      "type": "Feature",
      "geometry": {
        "type": "Point",
        "coordinates": [
          -48.2973597,
          -18.897884
        ]
      },
      "properties": {
        "codigo": "N-63",
        "endereco": "Rua Cruzeiro do Sul, 100, Jardim Brasília, Uberlândia, Minas Gerais, Brasil",
        "qtld": "18 C"
      }
    },
    {
      "type": "Feature",
      "geometry": {
        "type": "Point",
        "coordinates": [
          -48.3002028,
          -18.8977737
        ]
      },
      "properties": {
        "codigo": "N-64",
        "endereco": "Rua Plutao, 440, Jardim Brasília, Uberlândia, Minas Gerais, Brasil",
        "qtld": "60 A"
      }
    },
    {
      "type": "Feature",
      "geometry": {
        "type": "Point",
        "coordinates": [
          -48.2972842,
          -18.894742
        ]
      },
      "properties": {
        "codigo": "N-65",
        "endereco": "Rua Mundial, 199, Jardim Brasília, Uberlândia, Minas Gerais, Brasil",
        "qtld": "10A"
      }
    },
    {
      "type": "Feature",
      "geometry": {
        "type": "Point",
        "coordinates": [
          -48.3005466,
          -18.8945725
        ]
      },
      "properties": {
        "codigo": "N-66",
        "endereco": "Rua Capricornio, 550, Jardim Brasília, Uberlândia, Minas Gerais, Brasil",
        "qtld": "69 B"
      }
    },
    {
      "type": "Feature",
      "geometry": {
        "type": "Point",
        "coordinates": [
          -48.2958213,
          -18.8996076
        ]
      },
      "properties": {
        "codigo": "N-67",
        "endereco": "Rua Cometa, 1, Jardim Brasília, Uberlândia, Minas Gerais, Brasil",
        "qtld": "3A"
      }
    },
    {
      "type": "Feature",
      "geometry": {
        "type": "Point",
        "coordinates": [
          -48.3001196,
          -18.8920724
        ]
      },
      "properties": {
        "codigo": "N-68",
        "endereco": "Avenida Rural, 500, Jardim Brasília, Uberlândia, Minas Gerais, Brasil",
        "qtld": "75 B"
      }
    },
    {
      "type": "Feature",
      "geometry": {
        "type": "Point",
        "coordinates": [
          -48.3032196,
          -18.8921439
        ]
      },
      "properties": {
        "codigo": "N-69",
        "endereco": "Rua Aquario, 1, Jardim Brasília, Uberlândia, Minas Gerais, Brasil",
        "qtld": "76 A"
      }
    },
    {
      "type": "Feature",
      "geometry": {
        "type": "Point",
        "coordinates": [
          -48.27929330000001,
          -18.9008386
        ]
      },
      "properties": {
        "codigo": "N-7",
        "endereco": "Rua Promotor Osvaldo Afonso Borges, 50, Presidente Roosevelt, Uberlândia, Minas Gerais, Brasil",
        "qtld": "30 B"
      }
    },
    {
      "type": "Feature",
      "geometry": {
        "type": "Point",
        "coordinates": [
          -48.3066097,
          -18.8886747
        ]
      },
      "properties": {
        "codigo": "N-70",
        "endereco": "Rua Joaquim Pereira Dos Santos, 247, Maravilha, Uberlândia, Minas Gerais, Brasil",
        "qtld": "73 C"
      }
    },
    {
      "type": "Feature",
      "geometry": {
        "type": "Point",
        "coordinates": [
          -48.3033793,
          -18.8886444
        ]
      },
      "properties": {
        "codigo": "N-71",
        "endereco": "Rua Mateus, 918, Maravilha, Uberlândia, Minas Gerais, Brasil",
        "qtld": "64 C"
      }
    },
    {
      "type": "Feature",
      "geometry": {
        "type": "Point",
        "coordinates": [
          -48.3002551,
          -18.8887979
        ]
      },
      "properties": {
        "codigo": "N-72",
        "endereco": "Rua Geraldo Jose Da Costa, 211, Maravilha, Uberlândia, Minas Gerais, Brasil",
        "qtld": "43 D"
      }
    },
    {
      "type": "Feature",
      "geometry": {
        "type": "Point",
        "coordinates": [
          -48.2973244,
          -18.8889263
        ]
      },
      "properties": {
        "codigo": "N-73",
        "endereco": "Rua Paulo De Tarso, 544, Maravilha, Uberlândia, Minas Gerais, Brasil",
        "qtld": "9 D"
      }
    },
    {
      "type": "Feature",
      "geometry": {
        "type": "Point",
        "coordinates": [
          -48.3030056,
          -18.8860109
        ]
      },
      "properties": {
        "codigo": "N-74",
        "endereco": "Rua Jose Rosa Neto, 622, Maravilha, Uberlândia, Minas Gerais, Brasil",
        "qtld": "50 A"
      }
    },
    {
      "type": "Feature",
      "geometry": {
        "type": "Point",
        "coordinates": [
          -48.3001099,
          -18.8861133
        ]
      },
      "properties": {
        "codigo": "N-75",
        "endereco": "Rua Dom Bosco, 500, Maravilha, Uberlândia, Minas Gerais, Brasil",
        "qtld": "32 B"
      }
    },
    {
      "type": "Feature",
      "geometry": {
        "type": "Point",
        "coordinates": [
          -48.2987575,
          -18.8825051
        ]
      },
      "properties": {
        "codigo": "N-76",
        "endereco": "Rua Helena Vilas Boas, 1, Maravilha, Uberlândia, Minas Gerais, Brasil",
        "qtld": "25 C"
      }
    },
    {
      "type": "Feature",
      "geometry": {
        "type": "Point",
        "coordinates": [
          -48.297186,
          -18.8854545
        ]
      },
      "properties": {
        "codigo": "N-77",
        "endereco": "Rua Dom Bosco, 124, Maravilha, Uberlândia, Minas Gerais, Brasil",
        "qtld": "14 C"
      }
    },
    {
      "type": "Feature",
      "geometry": {
        "type": "Point",
        "coordinates": [
          -48.2940973,
          -18.8887308
        ]
      },
      "properties": {
        "codigo": "N-78",
        "endereco": "Rua Felipe, 30, Maravilha, Uberlândia, Minas Gerais, Brasil",
        "qtld": "05A"
      }
    },
    {
      "type": "Feature",
      "geometry": {
        "type": "Point",
        "coordinates": [
          -48.2914444,
          -18.8886002
        ]
      },
      "properties": {
        "codigo": "N-79",
        "endereco": "Rua Antonio de Oliveira Silva, 93, Pacaembu, Uberlândia, Minas Gerais, Brasil",
        "qtld": "27 A"
      }
    },
    {
      "type": "Feature",
      "geometry": {
        "type": "Point",
        "coordinates": [
          -48.2795818,
          -18.897685
        ]
      },
      "properties": {
        "codigo": "N-8",
        "endereco": "Rua Godofredo Machado, 314, Presidente Roosevelt, Uberlândia, Minas Gerais, Brasil",
        "qtld": "44 C"
      }
    },
    {
      "type": "Feature",
      "geometry": {
        "type": "Point",
        "coordinates": [
          -48.2943655,
          -18.8858772
        ]
      },
      "properties": {
        "codigo": "N-80",
        "endereco": "Rua Jose Cafelista, 165, Pacaembu, Uberlândia, Minas Gerais, Brasil",
        "qtld": "33 D"
      }
    },
    {
      "type": "Feature",
      "geometry": {
        "type": "Point",
        "coordinates": [
          -48.297422,
          -18.8827967
        ]
      },
      "properties": {
        "codigo": "N-81",
        "endereco": "Rua da Ameixa, 81, Pacaembu, Uberlândia, Minas Gerais, Brasil",
        "qtld": "75 A"
      }
    },
    {
      "type": "Feature",
      "geometry": {
        "type": "Point",
        "coordinates": [
          -48.23347769999999,
          -18.9705467
        ]
      },
      "properties": {
        "codigo": "N-82",
        "endereco": "Rua do Conde - Rua 03, 62, 1306, Pacaembu, Uberlândia, Minas Gerais, Brasil",
        "qtld": "87 C"
      }
    },
    {
      "type": "Feature",
      "geometry": {
        "type": "Point",
        "coordinates": [
          -48.2943449,
          -18.8798306
        ]
      },
      "properties": {
        "codigo": "N-83",
        "endereco": "Rua São Joao, 1217, Pacaembu, Uberlândia, Minas Gerais, Brasil",
        "qtld": "66 C"
      }
    },
    {
      "type": "Feature",
      "geometry": {
        "type": "Point",
        "coordinates": [
          -48.2940947,
          -18.8830027
        ]
      },
      "properties": {
        "codigo": "N-84",
        "endereco": "Rua Maracuja, 1, Pacaembu, Uberlândia, Minas Gerais, Brasil",
        "qtld": "56 C"
      }
    },
    {
      "type": "Feature",
      "geometry": {
        "type": "Point",
        "coordinates": [
          -48.291515,
          -18.882583
        ]
      },
      "properties": {
        "codigo": "N-85",
        "endereco": "Rua São Joao, 769, Pacaembu, Uberlândia, Minas Gerais, Brasil",
        "qtld": "59 B"
      }
    },
    {
      "type": "Feature",
      "geometry": {
        "type": "Point",
        "coordinates": [
          -48.2913427,
          -18.8857957
        ]
      },
      "properties": {
        "codigo": "N-86",
        "endereco": "Rua Edise Cardoso Moreira, 116, Pacaembu, Uberlândia, Minas Gerais, Brasil",
        "qtld": "37 B"
      }
    },
    {
      "type": "Feature",
      "geometry": {
        "type": "Point",
        "coordinates": [
          -48.288335,
          -18.8855777
        ]
      },
      "properties": {
        "codigo": "N-87",
        "endereco": "Rua Sete Junho, 110, Pacaembu, Uberlândia, Minas Gerais, Brasil",
        "qtld": "22 B"
      }
    },
    {
      "type": "Feature",
      "geometry": {
        "type": "Point",
        "coordinates": [
          -48.2884505,
          -18.8887047
        ]
      },
      "properties": {
        "codigo": "N-88",
        "endereco": "Rua Sady Carnot Alves, 85, Pacaembu, Uberlândia, Minas Gerais, Brasil",
        "qtld": "10 D"
      }
    },
    {
      "type": "Feature",
      "geometry": {
        "type": "Point",
        "coordinates": [
          -48.28586749999999,
          -18.8887539
        ]
      },
      "properties": {
        "codigo": "N-89",
        "endereco": "Praça Chico Mendes, Praça, Pacaembu, Uberlândia, Minas Gerais, Brasil",
        "qtld": "14 A"
      }
    },
    {
      "type": "Feature",
      "geometry": {
        "type": "Point",
        "coordinates": [
          -48.2793158,
          -18.8949114
        ]
      },
      "properties": {
        "codigo": "N-9",
        "endereco": "Rua Domingos Antonio Calábria, 80, Presidente Roosevelt, Uberlândia, Minas Gerais, Brasil",
        "qtld": "210 D"
      }
    },
    {
      "type": "Feature",
      "geometry": {
        "type": "Point",
        "coordinates": [
          -48.2910938,
          -18.87975678
        ]
      },
      "properties": {
        "codigo": "N-90",
        "endereco": "Avenida Analia Resende Siquieroli, 2625, Santa Rosa, Uberlândia, Minas Gerais, Brasil",
        "qtld": "126"
      }
    },
    {
      "type": "Feature",
      "geometry": {
        "type": "Point",
        "coordinates": [
          -48.28822743,
          -18.88282996
        ]
      },
      "properties": {
        "codigo": "N-91",
        "endereco": "Rua Jozino Pereira Carrijo, 49, Santa Rosa, Uberlândia, Minas Gerais, Brasil",
        "qtld": "115"
      }
    },
    {
      "type": "Feature",
      "geometry": {
        "type": "Point",
        "coordinates": [
          -48.28517998,
          -18.88579679
        ]
      },
      "properties": {
        "codigo": "N-92",
        "endereco": "Rua Adilson Do Carmo Marques, 48, Santa Rosa, Uberlândia, Minas Gerais, Brasil",
        "qtld": "65"
      }
    },
    {
      "type": "Feature",
      "geometry": {
        "type": "Point",
        "coordinates": [
          -48.28252702,
          -18.88881067
        ]
      },
      "properties": {
        "codigo": "N-93",
        "endereco": "Rua Antenor Rangel, 40, Santa Rosa, Uberlândia, Minas Gerais, Brasil",
        "qtld": "56"
      }
    },
    {
      "type": "Feature",
      "geometry": {
        "type": "Point",
        "coordinates": [
          -48.27957455,
          -18.89175236
        ]
      },
      "properties": {
        "codigo": "N-94",
        "endereco": "Rua Florianopolis, 30, Santa Rosa, Uberlândia, Minas Gerais, Brasil",
        "qtld": "15"
      }
    },
    {
      "type": "Feature",
      "geometry": {
        "type": "Point",
        "coordinates": [
          -48.2762796,
          -18.8916692
        ]
      },
      "properties": {
        "codigo": "N-95",
        "endereco": "Rua Guapore, 1, Santa Rosa, Uberlândia, Minas Gerais, Brasil",
        "qtld": "6"
      }
    },
    {
      "type": "Feature",
      "geometry": {
        "type": "Point",
        "coordinates": [
          -48.2794963,
          -18.8883608
        ]
      },
      "properties": {
        "codigo": "N-96",
        "endereco": "Rua Aracaju, 280, Santa Rosa, Uberlândia, Minas Gerais, Brasil",
        "qtld": "53 C"
      }
    },
    {
      "type": "Feature",
      "geometry": {
        "type": "Point",
        "coordinates": [
          -48.2822787,
          -18.8858285
        ]
      },
      "properties": {
        "codigo": "N-97",
        "endereco": "Rua Ettora Masini, 1, Santa Rosa, Uberlândia, Minas Gerais, Brasil",
        "qtld": "68"
      }
    },
    {
      "type": "Feature",
      "geometry": {
        "type": "Point",
        "coordinates": [
          -48.2851235,
          -18.8823785
        ]
      },
      "properties": {
        "codigo": "N-98",
        "endereco": "Rua Doutor Vivaldi Cunha, 1, Santa Rosa, Uberlândia, Minas Gerais, Brasil",
        "qtld": "108"
      }
    },
    {
      "type": "Feature",
      "geometry": {
        "type": "Point",
        "coordinates": [
          -48.28832616,
          -18.87983205
        ]
      },
      "properties": {
        "codigo": "N-99",
        "endereco": "Rua Antonio De Oliveira Gouveia, 203, Santa Rosa, Uberlândia, Minas Gerais, Brasil",
        "qtld": "121"
      }
    },
    {
      "type": "Feature",
      "geometry": {
        "type": "Point",
        "coordinates": [
          -48.30526680000001,
          -18.9205993
        ]
      },
      "properties": {
        "codigo": "O-1",
        "endereco": "Avenida Henry Valle, 141, Jaraguá, Uberlândia, Minas Gerais, Brasil",
        "qtld": "11 B"
      }
    },
    {
      "type": "Feature",
      "geometry": {
        "type": "Point",
        "coordinates": [
          -48.3008832,
          -18.9283897
        ]
      },
      "properties": {
        "codigo": "O-10",
        "endereco": "Rua Das Siringueiras, 11, Jaraguá, Uberlândia, Minas Gerais, Brasil",
        "qtld": "30 D"
      }
    },
    {
      "type": "Feature",
      "geometry": {
        "type": "Point",
        "coordinates": [
          -48.32771962,
          -18924174
        ]
      },
      "properties": {
        "codigo": "O-100",
        "endereco": "Rua Paulo Luiz Rotelli, 1, Luizote de Freitas, Uberlândia, Minas Gerais, Brasil",
        "qtld": "97"
      }
    },
    {
      "type": "Feature",
      "geometry": {
        "type": "Point",
        "coordinates": [
          -48.3272302,
          -18.92158837
        ]
      },
      "properties": {
        "codigo": "O-101",
        "endereco": "Rua Sebastiao Silveira Santos, 161, Luizote de Freitas, Uberlândia, Minas Gerais, Brasil",
        "qtld": "43"
      }
    },
    {
      "type": "Feature",
      "geometry": {
        "type": "Point",
        "coordinates": [
          -48.32728369,
          -18.91856143
        ]
      },
      "properties": {
        "codigo": "O-102",
        "endereco": "Rua Jose Mamed Junior, 41, Luizote de Freitas, Uberlândia, Minas Gerais, Brasil",
        "qtld": "27"
      }
    },
    {
      "type": "Feature",
      "geometry": {
        "type": "Point",
        "coordinates": [
          -48.3258182,
          -18.9151132
        ]
      },
      "properties": {
        "codigo": "O-103",
        "endereco": "Rua Nilton Dabert, 1, Luizote de Freitas, Uberlândia, Minas Gerais, Brasil",
        "qtld": "16 D"
      }
    },
    {
      "type": "Feature",
      "geometry": {
        "type": "Point",
        "coordinates": [
          -48.33026698,
          -18.91565949
        ]
      },
      "properties": {
        "codigo": "O-104",
        "endereco": "Rua Antonio Rufino Borges, 82, Luizote de Freitas, Uberlândia, Minas Gerais, Brasil",
        "qtld": "128"
      }
    },
    {
      "type": "Feature",
      "geometry": {
        "type": "Point",
        "coordinates": [
          -48.33033076,
          -18.91866891
        ]
      },
      "properties": {
        "codigo": "O-105",
        "endereco": "Avenida Jose Fonseca E Silva, 583, Luizote De Freitas, Uberlândia, Minas Gerais, Brasil",
        "qtld": "38"
      }
    },
    {
      "type": "Feature",
      "geometry": {
        "type": "Point",
        "coordinates": [
          -48.33012489,
          -18.92152106
        ]
      },
      "properties": {
        "codigo": "O-106",
        "endereco": "Rua Matheus Vaz, 465, Luizote de Freitas, Uberlândia, Minas Gerais, Brasil",
        "qtld": "45"
      }
    },
    {
      "type": "Feature",
      "geometry": {
        "type": "Point",
        "coordinates": [
          -48.33024604,
          -18.92453223
        ]
      },
      "properties": {
        "codigo": "O-107",
        "endereco": "Rua Vitorio Zumpano, 335, Luizote de Freitas, Uberlândia, Minas Gerais, Brasil",
        "qtld": "55"
      }
    },
    {
      "type": "Feature",
      "geometry": {
        "type": "Point",
        "coordinates": [
          -48.33338260000001,
          -18.924545
        ]
      },
      "properties": {
        "codigo": "O-108",
        "endereco": "Rua Marath Neves, 92, Luizote de Freitas, Uberlândia, Minas Gerais, Brasil",
        "qtld": "65 B"
      }
    },
    {
      "type": "Feature",
      "geometry": {
        "type": "Point",
        "coordinates": [
          -48.3331729,
          -18.9215755
        ]
      },
      "properties": {
        "codigo": "O-109",
        "endereco": "Rua Joao De Deus Faria, 142, Luizote de Freitas, Uberlândia, Minas Gerais, Brasil",
        "qtld": "96 D"
      }
    },
    {
      "type": "Feature",
      "geometry": {
        "type": "Point",
        "coordinates": [
          -48.3093625,
          -18.9156068
        ]
      },
      "properties": {
        "codigo": "O-11",
        "endereco": "Avenida Do Balsamo, 160, Jaraguá, Uberlândia, Minas Gerais, Brasil",
        "qtld": "07A"
      }
    },
    {
      "type": "Feature",
      "geometry": {
        "type": "Point",
        "coordinates": [
          -48.3337018,
          -18.9187422
        ]
      },
      "properties": {
        "codigo": "O-110",
        "endereco": "Rua Matheus Vaz, 865, Luizote de Freitas, Uberlândia, Minas Gerais, Brasil",
        "qtld": "98 A"
      }
    },
    {
      "type": "Feature",
      "geometry": {
        "type": "Point",
        "coordinates": [
          -48.33324572,
          -18.9157105
        ]
      },
      "properties": {
        "codigo": "O-111",
        "endereco": "Rua Augusto Machado, 330, Luizote de Freitas, Uberlândia, Minas Gerais, Brasil",
        "qtld": "119"
      }
    },
    {
      "type": "Feature",
      "geometry": {
        "type": "Point",
        "coordinates": [
          -48.33323477,
          -18.91259583
        ]
      },
      "properties": {
        "codigo": "O-112",
        "endereco": "Rua Joao Bernarde Da Silva, 79, Luizote de Freitas, Uberlândia, Minas Gerais, Brasil",
        "qtld": "136"
      }
    },
    {
      "type": "Feature",
      "geometry": {
        "type": "Point",
        "coordinates": [
          -48.33613889999999,
          -18.9102966
        ]
      },
      "properties": {
        "codigo": "O-113",
        "endereco": "Rua Paulo Margonari, 15, Luizote De Freitas, Uberlândia, Minas Gerais, Brasil",
        "qtld": "148 B"
      }
    },
    {
      "type": "Feature",
      "geometry": {
        "type": "Point",
        "coordinates": [
          -48.3360615,
          -18.9127709
        ]
      },
      "properties": {
        "codigo": "O-114",
        "endereco": "Rua Rio Corumba, 1, Luizote de Freitas, Uberlândia, Minas Gerais, Brasil",
        "qtld": "147"
      }
    },
    {
      "type": "Feature",
      "geometry": {
        "type": "Point",
        "coordinates": [
          -48.3349053,
          -18.9097956
        ]
      },
      "properties": {
        "codigo": "O-115",
        "endereco": "Rua Luiz Jose Alves, 1, Luizote de Freitas, Uberlândia, Minas Gerais, Brasil",
        "qtld": "152 C"
      }
    },
    {
      "type": "Feature",
      "geometry": {
        "type": "Point",
        "coordinates": [
          -48.3363415,
          -18.9189217
        ]
      },
      "properties": {
        "codigo": "O-116",
        "endereco": "Rua Fábio Araújo, 47, Luizote de Freitas, Uberlândia, Minas Gerais, Brasil",
        "qtld": "89 C"
      }
    },
    {
      "type": "Feature",
      "geometry": {
        "type": "Point",
        "coordinates": [
          -48.33611303,
          -18.92161263
        ]
      },
      "properties": {
        "codigo": "O-117",
        "endereco": "Rua Geraldino Carneiro, 375, Luizote de Freitas, Uberlândia, Minas Gerais, Brasil",
        "qtld": "85"
      }
    },
    {
      "type": "Feature",
      "geometry": {
        "type": "Point",
        "coordinates": [
          -48.3359953,
          -18.92465944
        ]
      },
      "properties": {
        "codigo": "O-118",
        "endereco": "Rua Rio Parnaiba, 1, Luizote de Freitas, Uberlândia, Minas Gerais, Brasil",
        "qtld": "69"
      }
    },
    {
      "type": "Feature",
      "geometry": {
        "type": "Point",
        "coordinates": [
          -48.33871209,
          -18.92449116
        ]
      },
      "properties": {
        "codigo": "O-119",
        "endereco": "Avenida Veridiano Teodoro Dos Santos, 1, Luizote de Freitas, Uberlândia, Minas Gerais, Brasil",
        "qtld": "159"
      }
    },
    {
      "type": "Feature",
      "geometry": {
        "type": "Point",
        "coordinates": [
          -48.3091976,
          -18.9184051
        ]
      },
      "properties": {
        "codigo": "O-12",
        "endereco": "Rua Das Seringueiras, 1412, Jaraguá, Uberlândia, Minas Gerais, Brasil",
        "qtld": "19 B"
      }
    },
    {
      "type": "Feature",
      "geometry": {
        "type": "Point",
        "coordinates": [
          -48.33919992,
          -18.92155879
        ]
      },
      "properties": {
        "codigo": "O-120",
        "endereco": "Avenida Veridiano Teodoro Dos Santos, 1, Luizote de Freitas, Uberlândia, Minas Gerais, Brasil",
        "qtld": "162"
      }
    },
    {
      "type": "Feature",
      "geometry": {
        "type": "Point",
        "coordinates": [
          -48.33917789,
          -18.91863755
        ]
      },
      "properties": {
        "codigo": "O-121",
        "endereco": "Avenida Veridiano Teodoro Dos Santos, 991, Luizote de Freitas, Uberlândia, Minas Gerais, Brasil",
        "qtld": "166"
      }
    },
    {
      "type": "Feature",
      "geometry": {
        "type": "Point",
        "coordinates": [
          -48.33901452,
          -18.91555604
        ]
      },
      "properties": {
        "codigo": "O-122",
        "endereco": "Rua Drua Miron De Menezes, 177, Luizote de Freitas, Uberlândia, Minas Gerais, Brasil",
        "qtld": "172"
      }
    },
    {
      "type": "Feature",
      "geometry": {
        "type": "Point",
        "coordinates": [
          -48.3295049,
          -18.9165099
        ]
      },
      "properties": {
        "codigo": "O-123",
        "endereco": "Rua Genarino Casabona, 1, Luizote de Freitas, Uberlândia, Minas Gerais, Brasil",
        "qtld": "121 B"
      }
    },
    {
      "type": "Feature",
      "geometry": {
        "type": "Point",
        "coordinates": [
          -48.3094254,
          -18.9070031
        ]
      },
      "properties": {
        "codigo": "O-125",
        "endereco": "Rua do Ferro, 225, Taiamam, Uberlândia, Minas Gerais, Brasil",
        "qtld": "05A"
      }
    },
    {
      "type": "Feature",
      "geometry": {
        "type": "Point",
        "coordinates": [
          -48.312078,
          -18.9053328
        ]
      },
      "properties": {
        "codigo": "O-126",
        "endereco": "Avenida Topazio, 1, Taiamam, Uberlândia, Minas Gerais, Brasil",
        "qtld": "8 B"
      }
    },
    {
      "type": "Feature",
      "geometry": {
        "type": "Point",
        "coordinates": [
          -48.3143018,
          -18.9063762
        ]
      },
      "properties": {
        "codigo": "O-127",
        "endereco": "Rua Biotita, 92, Taiamam, Uberlândia, Minas Gerais, Brasil",
        "qtld": "17 D"
      }
    },
    {
      "type": "Feature",
      "geometry": {
        "type": "Point",
        "coordinates": [
          -48.31333859999999,
          -18.9070668
        ]
      },
      "properties": {
        "codigo": "O-128",
        "endereco": "Avenida Safira, 1, Taiamam, Uberlândia, Minas Gerais, Brasil",
        "qtld": "25 B"
      }
    },
    {
      "type": "Feature",
      "geometry": {
        "type": "Point",
        "coordinates": [
          -48.315726,
          -18.9014327
        ]
      },
      "properties": {
        "codigo": "O-129",
        "endereco": "Rua Jose Pires Defensor, 1, Taiamam, Uberlândia, Minas Gerais, Brasil",
        "qtld": "25 F"
      }
    },
    {
      "type": "Feature",
      "geometry": {
        "type": "Point",
        "coordinates": [
          -48.30670929999999,
          -18.9274597
        ]
      },
      "properties": {
        "codigo": "O-13",
        "endereco": "Rua Dos Bacuris, 830, Jaraguá, Uberlândia, Minas Gerais, Brasil",
        "qtld": "81 A"
      }
    },
    {
      "type": "Feature",
      "geometry": {
        "type": "Point",
        "coordinates": [
          -48.3155811,
          -18.89768
        ]
      },
      "properties": {
        "codigo": "O-130",
        "endereco": "Avenida Izeth Domingos, 640, Taiamam, Uberlândia, Minas Gerais, Brasil",
        "qtld": "33 C"
      }
    },
    {
      "type": "Feature",
      "geometry": {
        "type": "Point",
        "coordinates": [
          -48.3183691,
          -18.8950782
        ]
      },
      "properties": {
        "codigo": "O-131",
        "endereco": "Rua Mauro Cotta Pacheco, 50, Taiamam, Uberlândia, Minas Gerais, Brasil",
        "qtld": "42 D"
      }
    },
    {
      "type": "Feature",
      "geometry": {
        "type": "Point",
        "coordinates": [
          -48.3183995,
          -18.8974418
        ]
      },
      "properties": {
        "codigo": "O-132",
        "endereco": "Rua Jose Honorato Mendes, 400, Taiaman, Uberlândia, Minas Gerais, Brasil",
        "qtld": "38 A"
      }
    },
    {
      "type": "Feature",
      "geometry": {
        "type": "Point",
        "coordinates": [
          -48.3181644,
          -18.900645
        ]
      },
      "properties": {
        "codigo": "O-133",
        "endereco": "Rua Marcos Rodrigues do Prado, 20, Taiamam, Uberlândia, Minas Gerais, Brasil",
        "qtld": "53 C"
      }
    },
    {
      "type": "Feature",
      "geometry": {
        "type": "Point",
        "coordinates": [
          -48.3183283,
          -18.9035723
        ]
      },
      "properties": {
        "codigo": "O-134",
        "endereco": "Rua Caiapo, 329, Taiamam, Uberlândia, Minas Gerais, Brasil",
        "qtld": "31 D"
      }
    },
    {
      "type": "Feature",
      "geometry": {
        "type": "Point",
        "coordinates": [
          -48.3183162,
          -18.9063699
        ]
      },
      "properties": {
        "codigo": "O-135",
        "endereco": "Avenida Juscelino Kubitscheck, 1362, Taiamam, Uberlândia, Minas Gerais, Brasil",
        "qtld": "20 B"
      }
    },
    {
      "type": "Feature",
      "geometry": {
        "type": "Point",
        "coordinates": [
          -48.3211243,
          -18.9036839
        ]
      },
      "properties": {
        "codigo": "O-136",
        "endereco": "Avenida dos Tarois, 288, Taiamam, Uberlândia, Minas Gerais, Brasil",
        "qtld": "76 A"
      }
    },
    {
      "type": "Feature",
      "geometry": {
        "type": "Point",
        "coordinates": [
          -48.3206128,
          -18.9006464
        ]
      },
      "properties": {
        "codigo": "O-137",
        "endereco": "Lamartine Antonio de Lima, 74, Taiamam, Uberlândia, Minas Gerais, Brasil",
        "qtld": "57 M"
      }
    },
    {
      "type": "Feature",
      "geometry": {
        "type": "Point",
        "coordinates": [
          -48.3216811,
          -18.8980809
        ]
      },
      "properties": {
        "codigo": "O-138",
        "endereco": "Rua Jose Pires Defensor, 600, Taiamam, Uberlândia, Minas Gerais, Brasil",
        "qtld": "2 C"
      }
    },
    {
      "type": "Feature",
      "geometry": {
        "type": "Point",
        "coordinates": [
          -48.32420339999999,
          -18.9035581
        ]
      },
      "properties": {
        "codigo": "O-139",
        "endereco": "Rua das Guitarras, 237, Taiamam, Uberlândia, Minas Gerais, Brasil",
        "qtld": "84 D"
      }
    },
    {
      "type": "Feature",
      "geometry": {
        "type": "Point",
        "coordinates": [
          -48.306596,
          -18.9307066
        ]
      },
      "properties": {
        "codigo": "O-14",
        "endereco": "Rua Francisco Bellorio, 587, Jaraguá, Uberlândia, Minas Gerais, Brasil",
        "qtld": "84 B"
      }
    },
    {
      "type": "Feature",
      "geometry": {
        "type": "Point",
        "coordinates": [
          -48.3251734,
          -18.9011532
        ]
      },
      "properties": {
        "codigo": "O-140",
        "endereco": "Rua Jose Cyrillo das Neves, 1, Taiamam, Uberlândia, Minas Gerais, Brasil",
        "qtld": "88 B"
      }
    },
    {
      "type": "Feature",
      "geometry": {
        "type": "Point",
        "coordinates": [
          -48.3242465,
          -18.9007403
        ]
      },
      "properties": {
        "codigo": "O-141",
        "endereco": "Avenida dos Tarois, 746, Taiamam, Uberlândia, Minas Gerais, Brasil",
        "qtld": "63 B"
      }
    },
    {
      "type": "Feature",
      "geometry": {
        "type": "Point",
        "coordinates": [
          -48.3222616,
          -18.8965532
        ]
      },
      "properties": {
        "codigo": "O-142",
        "endereco": "Rua Ivete Cordeiro Pacheco, 1, Taiamam, Uberlândia, Minas Gerais, Brasil",
        "qtld": "45 A"
      }
    },
    {
      "type": "Feature",
      "geometry": {
        "type": "Point",
        "coordinates": [
          -48.3272121,
          -18.891921
        ]
      },
      "properties": {
        "codigo": "O-148",
        "endereco": "Rumba, 173, Guarani, Uberlândia, Minas Gerais, Brasil",
        "qtld": "15 A"
      }
    },
    {
      "type": "Feature",
      "geometry": {
        "type": "Point",
        "coordinates": [
          -48.3240378,
          -18.8913364
        ]
      },
      "properties": {
        "codigo": "O-149",
        "endereco": "Rua do Vaneirao, 1, Guarani, Uberlândia, Minas Gerais, Brasil",
        "qtld": "1 C"
      }
    },
    {
      "type": "Feature",
      "geometry": {
        "type": "Point",
        "coordinates": [
          -48.3063306,
          -18.9337074
        ]
      },
      "properties": {
        "codigo": "O-15",
        "endereco": "Rua Dos Angicos, 167, Jaraguá, Uberlândia, Minas Gerais, Brasil",
        "qtld": "87 A"
      }
    },
    {
      "type": "Feature",
      "geometry": {
        "type": "Point",
        "coordinates": [
          -48.3262072,
          -18.889903
        ]
      },
      "properties": {
        "codigo": "O-150",
        "endereco": "Rua do Rock, 1071, Guarani, Uberlândia, Minas Gerais, Brasil",
        "qtld": "24 B"
      }
    },
    {
      "type": "Feature",
      "geometry": {
        "type": "Point",
        "coordinates": [
          -48.32999119999999,
          -18.8888437
        ]
      },
      "properties": {
        "codigo": "O-151",
        "endereco": "Rua do Bolero, 621, Guarani, Uberlândia, Minas Gerais, Brasil",
        "qtld": "32 A"
      }
    },
    {
      "type": "Feature",
      "geometry": {
        "type": "Point",
        "coordinates": [
          -48.3302055,
          -18.8918482
        ]
      },
      "properties": {
        "codigo": "O-152",
        "endereco": "Rua Guarania, 307, Guarani, Uberlândia, Minas Gerais, Brasil",
        "qtld": "41 C"
      }
    },
    {
      "type": "Feature",
      "geometry": {
        "type": "Point",
        "coordinates": [
          -48.3303337,
          -18.8946652
        ]
      },
      "properties": {
        "codigo": "O-153",
        "endereco": "Rua do Samba, 136, Guarani, Uberlândia, Minas Gerais, Brasil",
        "qtld": "6 D"
      }
    },
    {
      "type": "Feature",
      "geometry": {
        "type": "Point",
        "coordinates": [
          -48.3332825,
          -18.8946239
        ]
      },
      "properties": {
        "codigo": "O-154",
        "endereco": "Avenida Taylor Silva, 1028, Guarani, Uberlândia, Minas Gerais, Brasil",
        "qtld": "54 C"
      }
    },
    {
      "type": "Feature",
      "geometry": {
        "type": "Point",
        "coordinates": [
          -48.3331515,
          -18.8915514
        ]
      },
      "properties": {
        "codigo": "O-155",
        "endereco": "Rua Serenatas, 556, Guarani, Uberlândia, Minas Gerais, Brasil",
        "qtld": "66 A"
      }
    },
    {
      "type": "Feature",
      "geometry": {
        "type": "Point",
        "coordinates": [
          -48.3332007,
          -18.8886628
        ]
      },
      "properties": {
        "codigo": "O-156",
        "endereco": "Rua do Tango, 849, Guarani, Uberlândia, Minas Gerais, Brasil",
        "qtld": "72 D"
      }
    },
    {
      "type": "Feature",
      "geometry": {
        "type": "Point",
        "coordinates": [
          -48.33604589999999,
          -18.8918608
        ]
      },
      "properties": {
        "codigo": "O-157",
        "endereco": "Rua da Batucada, 781, Guarani, Uberlândia, Minas Gerais, Brasil",
        "qtld": "57 B"
      }
    },
    {
      "type": "Feature",
      "geometry": {
        "type": "Point",
        "coordinates": [
          -48.3280794,
          -18.8937509
        ]
      },
      "properties": {
        "codigo": "O-158",
        "endereco": "Rua das Valsas, 1, Guarani, Uberlândia, Minas Gerais, Brasil",
        "qtld": "81 B"
      }
    },
    {
      "type": "Feature",
      "geometry": {
        "type": "Point",
        "coordinates": [
          -48.3249437,
          -18.8919966
        ]
      },
      "properties": {
        "codigo": "O-159",
        "endereco": "Rua do Bolero, 1, Guarani, Uberlândia, Minas Gerais, Brasil",
        "qtld": "81 A"
      }
    },
    {
      "type": "Feature",
      "geometry": {
        "type": "Point",
        "coordinates": [
          -48.30584950000001,
          -18.9352283
        ]
      },
      "properties": {
        "codigo": "O-16",
        "endereco": "Avenida Indiá, 95, Jaraguá, Uberlândia, Minas Gerais, Brasil",
        "qtld": "86 C"
      }
    },
    {
      "type": "Feature",
      "geometry": {
        "type": "Point",
        "coordinates": [
          -48.2990294,
          -18.9277563
        ]
      },
      "properties": {
        "codigo": "O-17",
        "endereco": "Avenida Getulio Vargas, 2380, Jaragua, Uberlândia, Minas Gerais, Brasil",
        "qtld": "59 A"
      }
    },
    {
      "type": "Feature",
      "geometry": {
        "type": "Point",
        "coordinates": [
          -48.3391685,
          -18.8916989
        ]
      },
      "properties": {
        "codigo": "O-173",
        "endereco": "Rua Jose Higino De Oliveira, 85, Tocantins, Uberlândia, Minas Gerais, Brasil",
        "qtld": "23 C"
      }
    },
    {
      "type": "Feature",
      "geometry": {
        "type": "Point",
        "coordinates": [
          -48.339035,
          -18.894554
        ]
      },
      "properties": {
        "codigo": "O-174",
        "endereco": "Rua Olinto Soares, 491, Tocantins, Uberlândia, Minas Gerais, Brasil",
        "qtld": "18 C"
      }
    },
    {
      "type": "Feature",
      "geometry": {
        "type": "Point",
        "coordinates": [
          -48.33910119999999,
          -18.8975688
        ]
      },
      "properties": {
        "codigo": "O-175",
        "endereco": "R Jose Gomes Ribeiro, 811, Tocantins, Uberlândia, Minas Gerais, Brasil",
        "qtld": "13 C"
      }
    },
    {
      "type": "Feature",
      "geometry": {
        "type": "Point",
        "coordinates": [
          -48.3392169,
          -18.9007785
        ]
      },
      "properties": {
        "codigo": "O-176",
        "endereco": "Rua Lazaro Herculano França, 76, Tocantins, Uberlândia, Minas Gerais, Brasil",
        "qtld": "10 C"
      }
    },
    {
      "type": "Feature",
      "geometry": {
        "type": "Point",
        "coordinates": [
          -48.3386988,
          -18.9041067
        ]
      },
      "properties": {
        "codigo": "O-177",
        "endereco": "Rua Bernadete Silva Arantes, 310, Tocantins, Uberlândia, Minas Gerais, Brasil",
        "qtld": "49 C"
      }
    },
    {
      "type": "Feature",
      "geometry": {
        "type": "Point",
        "coordinates": [
          -48.3360129,
          -18.9037673
        ]
      },
      "properties": {
        "codigo": "O-178",
        "endereco": "Rua Dr Sergio De Oliveira, 173, Tocantins, Uberlândia, Minas Gerais, Brasil",
        "qtld": "47 B"
      }
    },
    {
      "type": "Feature",
      "geometry": {
        "type": "Point",
        "coordinates": [
          -48.3359154,
          -18.9005656
        ]
      },
      "properties": {
        "codigo": "O-179",
        "endereco": "Rua Agenor Borges, 49, Tocantins, Uberlândia, Minas Gerais, Brasil",
        "qtld": "44 B"
      }
    },
    {
      "type": "Feature",
      "geometry": {
        "type": "Point",
        "coordinates": [
          -48.3089564,
          -18.9366914
        ]
      },
      "properties": {
        "codigo": "O-18",
        "endereco": "Rua Do Feirante, 251, Planalto, Uberlândia, Minas Gerais, Brasil",
        "qtld": "11 D"
      }
    },
    {
      "type": "Feature",
      "geometry": {
        "type": "Point",
        "coordinates": [
          -48.3361132,
          -18.8976686
        ]
      },
      "properties": {
        "codigo": "O-180",
        "endereco": "Rua Edgard De Barros, 45, Tocantins, Uberlândia, Minas Gerais, Brasil",
        "qtld": "36 B"
      }
    },
    {
      "type": "Feature",
      "geometry": {
        "type": "Point",
        "coordinates": [
          -48.3361187,
          -18.8947486
        ]
      },
      "properties": {
        "codigo": "O-181",
        "endereco": "Rua Garibalde Vieira, 285, Tocantins, Uberlândia, Minas Gerais, Brasil",
        "qtld": "31 B"
      }
    },
    {
      "type": "Feature",
      "geometry": {
        "type": "Point",
        "coordinates": [
          -48.3333645,
          -18.8975264
        ]
      },
      "properties": {
        "codigo": "O-182",
        "endereco": "Rua João De Oliveira Andrade, 581, Tocantins, Uberlândia, Minas Gerais, Brasil",
        "qtld": "70 D"
      }
    },
    {
      "type": "Feature",
      "geometry": {
        "type": "Point",
        "coordinates": [
          -48.3332202,
          -18.9006062
        ]
      },
      "properties": {
        "codigo": "O-183",
        "endereco": "Rua João De Oliveira Andrade, 250, Tocantins, Uberlândia, Minas Gerais, Brasil",
        "qtld": "79 D"
      }
    },
    {
      "type": "Feature",
      "geometry": {
        "type": "Point",
        "coordinates": [
          -48.3299764,
          -18.8979042
        ]
      },
      "properties": {
        "codigo": "O-184",
        "endereco": "Rua Jorge Abraao Gadia, 139, Tocantins, Uberlândia, Minas Gerais, Brasil",
        "qtld": "74 A"
      }
    },
    {
      "type": "Feature",
      "geometry": {
        "type": "Point",
        "coordinates": [
          -48.3332404,
          -18.8988248
        ]
      },
      "properties": {
        "codigo": "O-188",
        "endereco": "R. João Silvestre Da Luz, 11, Tocantins, Uberlândia, Minas Gerais, Brasil",
        "qtld": "51 C"
      }
    },
    {
      "type": "Feature",
      "geometry": {
        "type": "Point",
        "coordinates": [
          -48.30924623,
          -18.93949758
        ]
      },
      "properties": {
        "codigo": "O-19",
        "endereco": "Rod. Br 497, 1, Planalto, Uberlândia, Minas Gerais, Brasil",
        "qtld": "1"
      }
    },
    {
      "type": "Feature",
      "geometry": {
        "type": "Point",
        "coordinates": [
          -48.3062976,
          -18.9183786
        ]
      },
      "properties": {
        "codigo": "O-2",
        "endereco": "Avenida Sibipiruna, 158, Jaraguá, Uberlândia, Minas Gerais, Brasil",
        "qtld": "15 C"
      }
    },
    {
      "type": "Feature",
      "geometry": {
        "type": "Point",
        "coordinates": [
          -48.3121912,
          -18.9396354
        ]
      },
      "properties": {
        "codigo": "O-20",
        "endereco": "Rua do Bancario, 819, Planalto, Uberlândia, Minas Gerais, Brasil",
        "qtld": "82 D"
      }
    },
    {
      "type": "Feature",
      "geometry": {
        "type": "Point",
        "coordinates": [
          -48.31505823,
          -18.93945521
        ]
      },
      "properties": {
        "codigo": "O-21",
        "endereco": "Rua Da Secretária, 1173, Planalto, Uberlândia, Minas Gerais, Brasil",
        "qtld": "90"
      }
    },
    {
      "type": "Feature",
      "geometry": {
        "type": "Point",
        "coordinates": [
          -48.31843399,
          -18.93940297
        ]
      },
      "properties": {
        "codigo": "O-22",
        "endereco": "Rua Do Radialista, 1295, Planalto, Uberlândia, Minas Gerais, Brasil",
        "qtld": "143"
      }
    },
    {
      "type": "Feature",
      "geometry": {
        "type": "Point",
        "coordinates": [
          -48.31818564,
          -18.93638922
        ]
      },
      "properties": {
        "codigo": "O-23",
        "endereco": "Rua Da Costureira, 729, Planalto, Uberlândia, Minas Gerais, Brasil",
        "qtld": "98"
      }
    },
    {
      "type": "Feature",
      "geometry": {
        "type": "Point",
        "coordinates": [
          -48.31155934,
          -18.93954192
        ]
      },
      "properties": {
        "codigo": "O-24",
        "endereco": "Rua Do Carpinteiro, 428, Planalto, Uberlândia, Minas Gerais, Brasil",
        "qtld": "68"
      }
    },
    {
      "type": "Feature",
      "geometry": {
        "type": "Point",
        "coordinates": [
          -48.31227844,
          -18.9365602
        ]
      },
      "properties": {
        "codigo": "O-25",
        "endereco": "Avenida Indaiá, 819, Planalto, Uberlândia, Minas Gerais, Brasil",
        "qtld": "72"
      }
    },
    {
      "type": "Feature",
      "geometry": {
        "type": "Point",
        "coordinates": [
          -48.30922656,
          -18.93331685
        ]
      },
      "properties": {
        "codigo": "O-26",
        "endereco": "Avenida Das Gameleiras, 256, Planalto, Uberlândia, Minas Gerais, Brasil",
        "qtld": "14"
      }
    },
    {
      "type": "Feature",
      "geometry": {
        "type": "Point",
        "coordinates": [
          -48.3291841,
          -18.9301962
        ]
      },
      "properties": {
        "codigo": "O-262",
        "endereco": "Rua Jamile Calil Attie, 1, Mansour, Uberlândia, Minas Gerais, Brasil",
        "qtld": "67 D"
      }
    },
    {
      "type": "Feature",
      "geometry": {
        "type": "Point",
        "coordinates": [
          -48.3309624,
          -18.9297789
        ]
      },
      "properties": {
        "codigo": "O-263",
        "endereco": "Rua Lucia Fonseca Attie, 151, Mansour, Uberlândia, Minas Gerais, Brasil",
        "qtld": "72 A"
      }
    },
    {
      "type": "Feature",
      "geometry": {
        "type": "Point",
        "coordinates": [
          -48.3327106,
          -18.9306974
        ]
      },
      "properties": {
        "codigo": "O-264",
        "endereco": "Avenida Americo Attie, 121, Mansour, Uberlândia, Minas Gerais, Brasil",
        "qtld": "71 B"
      }
    },
    {
      "type": "Feature",
      "geometry": {
        "type": "Point",
        "coordinates": [
          -48.3495178,
          -18.9362946
        ]
      },
      "properties": {
        "codigo": "O-265",
        "endereco": "Rua Rio Senna, 195, Mansour, Uberlândia, Minas Gerais, Brasil",
        "qtld": "60 A"
      }
    },
    {
      "type": "Feature",
      "geometry": {
        "type": "Point",
        "coordinates": [
          -48.3361663,
          -18.9276738
        ]
      },
      "properties": {
        "codigo": "O-266",
        "endereco": "Rua Rio Jurua, 104, Mansour, Uberlândia, Minas Gerais, Brasil",
        "qtld": "42 D"
      }
    },
    {
      "type": "Feature",
      "geometry": {
        "type": "Point",
        "coordinates": [
          -48.3391415,
          -18.9275986
        ]
      },
      "properties": {
        "codigo": "O-267",
        "endereco": "Rua Rio Corumba, 46, Mansour, Uberlândia, Minas Gerais, Brasil",
        "qtld": "18 B"
      }
    },
    {
      "type": "Feature",
      "geometry": {
        "type": "Point",
        "coordinates": [
          -48.3362016,
          -18.9307616
        ]
      },
      "properties": {
        "codigo": "O-268",
        "endereco": "Rua Rio Tiete, 131, Mansour, Uberlândia, Minas Gerais, Brasil",
        "qtld": "46 A"
      }
    },
    {
      "type": "Feature",
      "geometry": {
        "type": "Point",
        "coordinates": [
          -48.3384158,
          -18.9269743
        ]
      },
      "properties": {
        "codigo": "O-269",
        "endereco": "Rua Rio Solimoes, 1, Mansour, Uberlândia, Minas Gerais, Brasil",
        "qtld": "20 B"
      }
    },
    {
      "type": "Feature",
      "geometry": {
        "type": "Point",
        "coordinates": [
          -48.31230417,
          -18.93366749
        ]
      },
      "properties": {
        "codigo": "O-27",
        "endereco": "Rua Do Marceneiro, 57, Planalto, Uberlândia, Minas Gerais, Brasil",
        "qtld": "57"
      }
    },
    {
      "type": "Feature",
      "geometry": {
        "type": "Point",
        "coordinates": [
          -48.3361847,
          -18.9334778
        ]
      },
      "properties": {
        "codigo": "O-270",
        "endereco": "Avenida Rio Mississipi, 991, Mansour, Uberlândia, Minas Gerais, Brasil",
        "qtld": "51 B"
      }
    },
    {
      "type": "Feature",
      "geometry": {
        "type": "Point",
        "coordinates": [
          -48.33932069999999,
          -18.9333772
        ]
      },
      "properties": {
        "codigo": "O-271",
        "endereco": "Rua Rio Negro, 484, Mansour, Uberlândia, Minas Gerais, Brasil",
        "qtld": "23 D"
      }
    },
    {
      "type": "Feature",
      "geometry": {
        "type": "Point",
        "coordinates": [
          -48.3420152,
          -18.9337265
        ]
      },
      "properties": {
        "codigo": "O-272",
        "endereco": "Rua Rio Mojiguaçu, 256, Residencial Lago Azul, Uberlândia, Minas Gerais, Brasil",
        "qtld": "4 D"
      }
    },
    {
      "type": "Feature",
      "geometry": {
        "type": "Point",
        "coordinates": [
          -48.3406497,
          -18.9283297
        ]
      },
      "properties": {
        "codigo": "O-273",
        "endereco": "Rua Rio Jaguari, 1, Mansour, Uberlândia, Minas Gerais, Brasil",
        "qtld": "3A"
      }
    },
    {
      "type": "Feature",
      "geometry": {
        "type": "Point",
        "coordinates": [
          -48.3454831,
          -18.9349825
        ]
      },
      "properties": {
        "codigo": "O-274",
        "endereco": "Avenida Rio Serido, 1, Mansour, Uberlândia, Minas Gerais, Brasil",
        "qtld": "3 F"
      }
    },
    {
      "type": "Feature",
      "geometry": {
        "type": "Point",
        "coordinates": [
          -48.3334828,
          -18.9332936
        ]
      },
      "properties": {
        "codigo": "O-275",
        "endereco": "Avenida Rio Missipi, 1415, Jardim Europa, Uberlândia, Minas Gerais, Brasil",
        "qtld": "6 B"
      }
    },
    {
      "type": "Feature",
      "geometry": {
        "type": "Point",
        "coordinates": [
          -48.33030189999999,
          -18.9335222
        ]
      },
      "properties": {
        "codigo": "O-276",
        "endereco": "Rua Cascia, 151, Jardim Europa, Uberlândia, Minas Gerais, Brasil",
        "qtld": "2 C"
      }
    },
    {
      "type": "Feature",
      "geometry": {
        "type": "Point",
        "coordinates": [
          -48.3421098,
          -18.9366802
        ]
      },
      "properties": {
        "codigo": "O-278",
        "endereco": "Rua Porto, 40, Jardim Europa, Uberlândia, Minas Gerais, Brasil",
        "qtld": "85 A"
      }
    },
    {
      "type": "Feature",
      "geometry": {
        "type": "Point",
        "coordinates": [
          -48.33997189999999,
          -18.9367191
        ]
      },
      "properties": {
        "codigo": "O-279",
        "endereco": "Rua Pedro Amancio Moraes, 170, Jardim Europa, Uberlândia, Minas Gerais, Brasil",
        "qtld": "82 B"
      }
    },
    {
      "type": "Feature",
      "geometry": {
        "type": "Point",
        "coordinates": [
          -48.31527719,
          -18.93341778
        ]
      },
      "properties": {
        "codigo": "O-28",
        "endereco": "Rua Do Cinegrafista, 370, Planalto, Uberlândia, Minas Gerais, Brasil",
        "qtld": "53"
      }
    },
    {
      "type": "Feature",
      "geometry": {
        "type": "Point",
        "coordinates": [
          -48.3360756,
          -18.9365652
        ]
      },
      "properties": {
        "codigo": "O-280",
        "endereco": "Rua Sardenha, 241, Jardim Europa, Uberlândia, Minas Gerais, Brasil",
        "qtld": "43 D"
      }
    },
    {
      "type": "Feature",
      "geometry": {
        "type": "Point",
        "coordinates": [
          -48.3332202,
          -18.9365317
        ]
      },
      "properties": {
        "codigo": "O-281",
        "endereco": "Rua Varsovia, 210, Jardim Europa, Uberlândia, Minas Gerais, Brasil",
        "qtld": "8 C"
      }
    },
    {
      "type": "Feature",
      "geometry": {
        "type": "Point",
        "coordinates": [
          -48.334312,
          -18.939112
        ]
      },
      "properties": {
        "codigo": "O-283",
        "endereco": "Rua Ravena, 1, Jardim Europa, Uberlândia, Minas Gerais, Brasil",
        "qtld": "13 C"
      }
    },
    {
      "type": "Feature",
      "geometry": {
        "type": "Point",
        "coordinates": [
          -48.3361726,
          -18.9394106
        ]
      },
      "properties": {
        "codigo": "O-284",
        "endereco": "Rua Milao, 81, Jardim Europa, Uberlândia, Minas Gerais, Brasil",
        "qtld": "33 D"
      }
    },
    {
      "type": "Feature",
      "geometry": {
        "type": "Point",
        "coordinates": [
          -48.3393346,
          -18.9395746
        ]
      },
      "properties": {
        "codigo": "O-285",
        "endereco": "Rua Constança, 30, Jardim Europa, Uberlândia, Minas Gerais, Brasil",
        "qtld": "53 D"
      }
    },
    {
      "type": "Feature",
      "geometry": {
        "type": "Point",
        "coordinates": [
          -48.34224030000001,
          -18.9397859
        ]
      },
      "properties": {
        "codigo": "O-286",
        "endereco": "Rua Versales, 101, Jardim Europa, Uberlândia, Minas Gerais, Brasil",
        "qtld": "94 D"
      }
    },
    {
      "type": "Feature",
      "geometry": {
        "type": "Point",
        "coordinates": [
          -48.3442638,
          -18.9398169
        ]
      },
      "properties": {
        "codigo": "O-287",
        "endereco": "Rua Versales, 311, Jardim Europa, Uberlândia, Minas Gerais, Brasil",
        "qtld": "94 D"
      }
    },
    {
      "type": "Feature",
      "geometry": {
        "type": "Point",
        "coordinates": [
          -48.3515026,
          -18.9457938
        ]
      },
      "properties": {
        "codigo": "O-288",
        "endereco": "Anel Viario SetorOeste, 1, Jardim Europa, Uberlândia, Minas Gerais, Brasil",
        "qtld": "140 D"
      }
    },
    {
      "type": "Feature",
      "geometry": {
        "type": "Point",
        "coordinates": [
          -48.3485192,
          -18.9427092
        ]
      },
      "properties": {
        "codigo": "O-289",
        "endereco": "Rua Jota Ferreira, 171, Jardim Europa, Uberlândia, Minas Gerais, Brasil",
        "qtld": "107 A"
      }
    },
    {
      "type": "Feature",
      "geometry": {
        "type": "Point",
        "coordinates": [
          -48.3182476,
          -18.9334206
        ]
      },
      "properties": {
        "codigo": "O-29",
        "endereco": "Rua Adalberto Albuquerque Pajuaba, 460, Planalto, Uberlândia, Minas Gerais, Brasil",
        "qtld": "107 D"
      }
    },
    {
      "type": "Feature",
      "geometry": {
        "type": "Point",
        "coordinates": [
          -48.3448322,
          -18.9431178
        ]
      },
      "properties": {
        "codigo": "O-290",
        "endereco": "Rua Osmar de Castro, 1, Jardim Europa, Uberlândia, Minas Gerais, Brasil",
        "qtld": "118 C"
      }
    },
    {
      "type": "Feature",
      "geometry": {
        "type": "Point",
        "coordinates": [
          -48.34230640000001,
          -18.942402
        ]
      },
      "properties": {
        "codigo": "O-291",
        "endereco": "Rua Manchester, 115, Jardim Europa, Uberlândia, Minas Gerais, Brasil",
        "qtld": "72 D"
      }
    },
    {
      "type": "Feature",
      "geometry": {
        "type": "Point",
        "coordinates": [
          -48.33894799999999,
          -18.942567
        ]
      },
      "properties": {
        "codigo": "O-293",
        "endereco": "Rua Munique, 191, Jardim Europa, Uberlândia, Minas Gerais, Brasil",
        "qtld": "30 D"
      }
    },
    {
      "type": "Feature",
      "geometry": {
        "type": "Point",
        "coordinates": [
          -48.3361743,
          -18.94246
        ]
      },
      "properties": {
        "codigo": "O-294",
        "endereco": "Avenida San Marino, 820, Jardim Europa, Uberlândia, Minas Gerais, Brasil",
        "qtld": "19 C"
      }
    },
    {
      "type": "Feature",
      "geometry": {
        "type": "Point",
        "coordinates": [
          -48.350587,
          -18.9458965
        ]
      },
      "properties": {
        "codigo": "O-295",
        "endereco": "Avenida Tonico Rezende, 1, Jardim Europa, Uberlândia, Minas Gerais, Brasil",
        "qtld": "110 C"
      }
    },
    {
      "type": "Feature",
      "geometry": {
        "type": "Point",
        "coordinates": [
          -48.34787739999999,
          -18.9456444
        ]
      },
      "properties": {
        "codigo": "O-296",
        "endereco": "Rua Neilton Cobo Victor, 450, Jardim Europa, Uberlândia, Minas Gerais, Brasil",
        "qtld": "112 D"
      }
    },
    {
      "type": "Feature",
      "geometry": {
        "type": "Point",
        "coordinates": [
          -48.3449307,
          -18.9458857
        ]
      },
      "properties": {
        "codigo": "O-297",
        "endereco": "Avenida Lydia De Rocha e Silva, 97, Jardim Europa, Uberlândia, Minas Gerais, Brasil",
        "qtld": "127 C"
      }
    },
    {
      "type": "Feature",
      "geometry": {
        "type": "Point",
        "coordinates": [
          -48.3427269,
          -18.9457848
        ]
      },
      "properties": {
        "codigo": "O-298",
        "endereco": "Rua Rio Corumba, 3880, Jardim Europa, Uberlândia, Minas Gerais, Brasil",
        "qtld": "67 C"
      }
    },
    {
      "type": "Feature",
      "geometry": {
        "type": "Point",
        "coordinates": [
          -48.33869199999999,
          -18.9451479
        ]
      },
      "properties": {
        "codigo": "O-299",
        "endereco": "Avenida Jose Fonseca e Silva, 5105, Jardim Europa, Uberlândia, Minas Gerais, Brasil",
        "qtld": "23 C"
      }
    },
    {
      "type": "Feature",
      "geometry": {
        "type": "Point",
        "coordinates": [
          -48.30409479999999,
          -18.9213476
        ]
      },
      "properties": {
        "codigo": "O-3",
        "endereco": "Rua Brigadeiro Sampaio, 596, Jaraguá, Uberlândia, Minas Gerais, Brasil",
        "qtld": "28 C"
      }
    },
    {
      "type": "Feature",
      "geometry": {
        "type": "Point",
        "coordinates": [
          -48.31834307,
          -18.93056136
        ]
      },
      "properties": {
        "codigo": "O-30",
        "endereco": "Rua Augusta De Oliveira Marques, 52, Planalto, Uberlândia, Minas Gerais, Brasil",
        "qtld": "115"
      }
    },
    {
      "type": "Feature",
      "geometry": {
        "type": "Point",
        "coordinates": [
          -48.3510007,
          -18.9478964
        ]
      },
      "properties": {
        "codigo": "O-301",
        "endereco": "Rua Marco Aurelio Resende dos Santos, 230, Jardim Europa, Uberlândia, Minas Gerais, Brasil",
        "qtld": "141 D"
      }
    },
    {
      "type": "Feature",
      "geometry": {
        "type": "Point",
        "coordinates": [
          -48.345474,
          -18.9491729
        ]
      },
      "properties": {
        "codigo": "O-302",
        "endereco": "Rua Olivia Ribeiro de Sa, 4900, Jardim Europa, Uberlândia, Minas Gerais, Brasil",
        "qtld": "133 A"
      }
    },
    {
      "type": "Feature",
      "geometry": {
        "type": "Point",
        "coordinates": [
          -48.3457403,
          -18.9485466
        ]
      },
      "properties": {
        "codigo": "O-303",
        "endereco": "Rua Claudete Davanzo, 177, Jardim Europa, Uberlândia, Minas Gerais, Brasil",
        "qtld": "31 A"
      }
    },
    {
      "type": "Feature",
      "geometry": {
        "type": "Point",
        "coordinates": [
          -48.3153204,
          -18.93092222
        ]
      },
      "properties": {
        "codigo": "O-31",
        "endereco": "Rua Do Jardineiro, 789, Planalto, Uberlândia, Minas Gerais, Brasil",
        "qtld": "40"
      }
    },
    {
      "type": "Feature",
      "geometry": {
        "type": "Point",
        "coordinates": [
          -48.3499907,
          -18.951125
        ]
      },
      "properties": {
        "codigo": "O-314",
        "endereco": "Rodovia BR 497, 1, Panorama, Uberlândia, Minas Gerais, Brasil",
        "qtld": "67 D"
      }
    },
    {
      "type": "Feature",
      "geometry": {
        "type": "Point",
        "coordinates": [
          -48.3008651,
          -18.9448859
        ]
      },
      "properties": {
        "codigo": "O-315",
        "endereco": "Rua das Paineiras, 1, Panorama, Uberlândia, Minas Gerais, Brasil",
        "qtld": "48 D"
      }
    },
    {
      "type": "Feature",
      "geometry": {
        "type": "Point",
        "coordinates": [
          -48.3450803,
          -18.9516913
        ]
      },
      "properties": {
        "codigo": "O-316",
        "endereco": "Rua do Calistemon, 310, Panorama, Uberlândia, Minas Gerais, Brasil",
        "qtld": "44 B"
      }
    },
    {
      "type": "Feature",
      "geometry": {
        "type": "Point",
        "coordinates": [
          -48.345071,
          -18.9524422
        ]
      },
      "properties": {
        "codigo": "O-319",
        "endereco": "Rua dos Resedas, 1, Panorama, Uberlândia, Minas Gerais, Brasil",
        "qtld": "34 A"
      }
    },
    {
      "type": "Feature",
      "geometry": {
        "type": "Point",
        "coordinates": [
          -48.3121137,
          -18.9306315
        ]
      },
      "properties": {
        "codigo": "O-32",
        "endereco": "Rua Jorge Cauhy, 454, Planalto, Uberlândia, Minas Gerais, Brasil",
        "qtld": "18 A"
      }
    },
    {
      "type": "Feature",
      "geometry": {
        "type": "Point",
        "coordinates": [
          -48.3008651,
          -18.9448859
        ]
      },
      "properties": {
        "codigo": "O-320",
        "endereco": "Rua das Paineiras, 1, Panorama, Uberlândia, Minas Gerais, Brasil",
        "qtld": "48 D"
      }
    },
    {
      "type": "Feature",
      "geometry": {
        "type": "Point",
        "coordinates": [
          -48.3518912,
          -18.9549546
        ]
      },
      "properties": {
        "codigo": "O-321",
        "endereco": "Rua Sibipiruna, 1460, Panorama, Uberlândia, Minas Gerais, Brasil",
        "qtld": "51 C"
      }
    },
    {
      "type": "Feature",
      "geometry": {
        "type": "Point",
        "coordinates": [
          -48.35414859999999,
          -18.9545931
        ]
      },
      "properties": {
        "codigo": "O-322",
        "endereco": "Rua Catuaba, 580, Panorama, Uberlândia, Minas Gerais, Brasil",
        "qtld": "69 B"
      }
    },
    {
      "type": "Feature",
      "geometry": {
        "type": "Point",
        "coordinates": [
          -48.3538665,
          -18.957474
        ]
      },
      "properties": {
        "codigo": "O-325",
        "endereco": "Rua dos Pinheiros, 119, Panorama, Uberlândia, Minas Gerais, Brasil",
        "qtld": "53 D"
      }
    },
    {
      "type": "Feature",
      "geometry": {
        "type": "Point",
        "coordinates": [
          -48.3515841,
          -18.9578642
        ]
      },
      "properties": {
        "codigo": "O-326",
        "endereco": "Rua Sibipiruna, 1090, Panorama, Uberlândia, Minas Gerais, Brasil",
        "qtld": "50 C"
      }
    },
    {
      "type": "Feature",
      "geometry": {
        "type": "Point",
        "coordinates": [
          -48.3008651,
          -18.9448859
        ]
      },
      "properties": {
        "codigo": "O-327",
        "endereco": "Rua das Paineiras, 1, Panorama, Uberlândia, Minas Gerais, Brasil",
        "qtld": "49 B"
      }
    },
    {
      "type": "Feature",
      "geometry": {
        "type": "Point",
        "coordinates": [
          -48.3457103,
          -18.9544448
        ]
      },
      "properties": {
        "codigo": "O-328",
        "endereco": "Rua das Mussaendras, 1, Panorama, Uberlândia, Minas Gerais, Brasil",
        "qtld": "28 A"
      }
    },
    {
      "type": "Feature",
      "geometry": {
        "type": "Point",
        "coordinates": [
          -48.3454941,
          -18.9642217
        ]
      },
      "properties": {
        "codigo": "O-329",
        "endereco": "Avenida dos Lirios Amarelos, 1, Panorama, Uberlândia, Minas Gerais, Brasil",
        "qtld": "7A"
      }
    },
    {
      "type": "Feature",
      "geometry": {
        "type": "Point",
        "coordinates": [
          -48.3077394,
          -18.930492
        ]
      },
      "properties": {
        "codigo": "O-33",
        "endereco": "Rua Antonio Vicente Ferreira, 1, Planalto, Uberlândia, Minas Gerais, Brasil",
        "qtld": "14 D"
      }
    },
    {
      "type": "Feature",
      "geometry": {
        "type": "Point",
        "coordinates": [
          -48.3481585,
          -18.9602453
        ]
      },
      "properties": {
        "codigo": "O-330",
        "endereco": "Rua das Rosas, 355, Panorama, Uberlândia, Minas Gerais, Brasil",
        "qtld": "83 B"
      }
    },
    {
      "type": "Feature",
      "geometry": {
        "type": "Point",
        "coordinates": [
          -48.2887298,
          -18.9471857
        ]
      },
      "properties": {
        "codigo": "O-331",
        "endereco": "Rua das Rosas, 1, Panorama, Uberlândia, Minas Gerais, Brasil",
        "qtld": "82 B"
      }
    },
    {
      "type": "Feature",
      "geometry": {
        "type": "Point",
        "coordinates": [
          -48.3534113,
          -18.9633932
        ]
      },
      "properties": {
        "codigo": "O-332",
        "endereco": "Rua dos Pinheiros, 779, Panorama, Uberlândia, Minas Gerais, Brasil",
        "qtld": "55 D"
      }
    },
    {
      "type": "Feature",
      "geometry": {
        "type": "Point",
        "coordinates": [
          -48.29796289999999,
          -18.9481679
        ]
      },
      "properties": {
        "codigo": "O-333",
        "endereco": "Rua das Violetas, 153, Panorama, Uberlândia, Minas Gerais, Brasil",
        "qtld": "56 B"
      }
    },
    {
      "type": "Feature",
      "geometry": {
        "type": "Point",
        "coordinates": [
          -48.303554,
          -18.9436596
        ]
      },
      "properties": {
        "codigo": "O-335",
        "endereco": "Rua dos Flamboyant, 259, Panorama, Uberlândia, Minas Gerais, Brasil",
        "qtld": "77 D"
      }
    },
    {
      "type": "Feature",
      "geometry": {
        "type": "Point",
        "coordinates": [
          -48.3541316,
          -18.9564109
        ]
      },
      "properties": {
        "codigo": "O-336",
        "endereco": "Rua dos Pinheiros, 1, Panorama, Uberlândia, Minas Gerais, Brasil",
        "qtld": "78 A"
      }
    },
    {
      "type": "Feature",
      "geometry": {
        "type": "Point",
        "coordinates": [
          -48.3521114,
          -18.9544202
        ]
      },
      "properties": {
        "codigo": "O-337",
        "endereco": "Rua Sibipiruna, 1, Panorama, Uberlândia, Minas Gerais, Brasil",
        "qtld": "82 B"
      }
    },
    {
      "type": "Feature",
      "geometry": {
        "type": "Point",
        "coordinates": [
          -48.3475382,
          -18.9640199
        ]
      },
      "properties": {
        "codigo": "O-338",
        "endereco": "Rua das Paineiras, 300, Panorama, Uberlândia, Minas Gerais, Brasil",
        "qtld": "83 C"
      }
    },
    {
      "type": "Feature",
      "geometry": {
        "type": "Point",
        "coordinates": [
          -48.3451099,
          -18.9633261
        ]
      },
      "properties": {
        "codigo": "O-339",
        "endereco": "Rua da Bela Emila, 41, Panorama, Uberlândia, Minas Gerais, Brasil",
        "qtld": "8 C"
      }
    },
    {
      "type": "Feature",
      "geometry": {
        "type": "Point",
        "coordinates": [
          -48.30908217,
          -18.92748936
        ]
      },
      "properties": {
        "codigo": "O-34",
        "endereco": "Avenida Imbaúba, 581, Planalto, Uberlândia, Minas Gerais, Brasil",
        "qtld": "25"
      }
    },
    {
      "type": "Feature",
      "geometry": {
        "type": "Point",
        "coordinates": [
          -48.3479713,
          -18.9665003
        ]
      },
      "properties": {
        "codigo": "O-340",
        "endereco": "Avenida Aldo Borges Leão, 1910, Panorama, Uberlândia, Minas Gerais, Brasil",
        "qtld": "86 D"
      }
    },
    {
      "type": "Feature",
      "geometry": {
        "type": "Point",
        "coordinates": [
          -48.3521114,
          -18.9544202
        ]
      },
      "properties": {
        "codigo": "O-341",
        "endereco": "Rua Sibipiruna, 1, Panorama, Uberlândia, Minas Gerais, Brasil",
        "qtld": "81 D"
      }
    },
    {
      "type": "Feature",
      "geometry": {
        "type": "Point",
        "coordinates": [
          -48.2466209,
          -18.9686344
        ]
      },
      "properties": {
        "codigo": "O-342",
        "endereco": "Rua 5, 11, Panorama, Uberlândia, Minas Gerais, Brasil",
        "qtld": "78 B"
      }
    },
    {
      "type": "Feature",
      "geometry": {
        "type": "Point",
        "coordinates": [
          -48.3497521,
          -18.9675849
        ]
      },
      "properties": {
        "codigo": "O-343",
        "endereco": "Rua das Margaridas, 1, Panorama, Uberlândia, Minas Gerais, Brasil",
        "qtld": "77 C"
      }
    },
    {
      "type": "Feature",
      "geometry": {
        "type": "Point",
        "coordinates": [
          -48.3497521,
          -18.9675849
        ]
      },
      "properties": {
        "codigo": "O-344",
        "endereco": "Rua das Margaridas, 1, Panorama, Uberlândia, Minas Gerais, Brasil",
        "qtld": "71 D"
      }
    },
    {
      "type": "Feature",
      "geometry": {
        "type": "Point",
        "coordinates": [
          -48.3536203,
          -18.9683012
        ]
      },
      "properties": {
        "codigo": "O-345",
        "endereco": "Rua Joao Vaz Ferreira, 285, Panorama, Uberlândia, Minas Gerais, Brasil",
        "qtld": "73 C"
      }
    },
    {
      "type": "Feature",
      "geometry": {
        "type": "Point",
        "coordinates": [
          -48.3543603,
          -18.9697146
        ]
      },
      "properties": {
        "codigo": "O-346",
        "endereco": "Avenida Aldo Borges Leao, 2190, Panorama, Uberlândia, Minas Gerais, Brasil",
        "qtld": "75 B"
      }
    },
    {
      "type": "Feature",
      "geometry": {
        "type": "Point",
        "coordinates": [
          -48.36477230000001,
          -18.9714849
        ]
      },
      "properties": {
        "codigo": "O-347",
        "endereco": "Avenida Aldo Borges Leao, 1, Panorama, Uberlândia, Minas Gerais, Brasil",
        "qtld": "75 C"
      }
    },
    {
      "type": "Feature",
      "geometry": {
        "type": "Point",
        "coordinates": [
          -48.3580286,
          -18.9693029
        ]
      },
      "properties": {
        "codigo": "O-348",
        "endereco": "Rua Valdomira Pimenta, 1, Panorama, Uberlândia, Minas Gerais, Brasil",
        "qtld": "74 E"
      }
    },
    {
      "type": "Feature",
      "geometry": {
        "type": "Point",
        "coordinates": [
          -48.3633788,
          -18.9695957
        ]
      },
      "properties": {
        "codigo": "O-349",
        "endereco": "Avenida Aldo Borges Leao, 3150, Panorama, Uberlândia, Minas Gerais, Brasil",
        "qtld": "74 B"
      }
    },
    {
      "type": "Feature",
      "geometry": {
        "type": "Point",
        "coordinates": [
          -48.3084685,
          -18.9242463
        ]
      },
      "properties": {
        "codigo": "O-35",
        "endereco": "Avenida Aspirante Mega, 731, Chacaras Tubalina, Uberlândia, Minas Gerais, Brasil",
        "qtld": "1A"
      }
    },
    {
      "type": "Feature",
      "geometry": {
        "type": "Point",
        "coordinates": [
          -48.3036485,
          -18.9265709
        ]
      },
      "properties": {
        "codigo": "O-36",
        "endereco": "Avenida Imbaúba, 1, Chacaras Tubalina, Uberlândia, Minas Gerais, Brasil",
        "qtld": "1 B"
      }
    },
    {
      "type": "Feature",
      "geometry": {
        "type": "Point",
        "coordinates": [
          -48.3156017,
          -18.9279457
        ]
      },
      "properties": {
        "codigo": "O-37",
        "endereco": "Avenida Imbaúba, 1180, Chacaras Tubalina, Uberlândia, Minas Gerais, Brasil",
        "qtld": "14 C"
      }
    },
    {
      "type": "Feature",
      "geometry": {
        "type": "Point",
        "coordinates": [
          -48.3210273,
          -18.9262757
        ]
      },
      "properties": {
        "codigo": "O-38",
        "endereco": "Alameda do Japi, 1, Chacaras Tubalina, Uberlândia, Minas Gerais, Brasil",
        "qtld": "14 D"
      }
    },
    {
      "type": "Feature",
      "geometry": {
        "type": "Point",
        "coordinates": [
          -48.3211202,
          -18.9277925
        ]
      },
      "properties": {
        "codigo": "O-39",
        "endereco": "Rua Adelino Ferreira de Sá, 40, Chacaras Tubalina, Uberlândia, Minas Gerais, Brasil",
        "qtld": "40 D"
      }
    },
    {
      "type": "Feature",
      "geometry": {
        "type": "Point",
        "coordinates": [
          -48.3181683,
          -18.9425797
        ]
      },
      "properties": {
        "codigo": "O-390",
        "endereco": "Rua do Motorista, 1149, Jardim das Palmeiras, Uberlândia, Minas Gerais, Brasil",
        "qtld": "78 C"
      }
    },
    {
      "type": "Feature",
      "geometry": {
        "type": "Point",
        "coordinates": [
          -48.315081,
          -18.9429134
        ]
      },
      "properties": {
        "codigo": "O-391",
        "endereco": "Rua do Comerciario, 718, Jardim das Palmeiras, Uberlândia, Minas Gerais, Brasil",
        "qtld": "75 C"
      }
    },
    {
      "type": "Feature",
      "geometry": {
        "type": "Point",
        "coordinates": [
          -48.3121941,
          -18.9429054
        ]
      },
      "properties": {
        "codigo": "O-392",
        "endereco": "Rua da Telefonista, 238, Jardim das Palmeiras, Uberlândia, Minas Gerais, Brasil",
        "qtld": "71 B"
      }
    },
    {
      "type": "Feature",
      "geometry": {
        "type": "Point",
        "coordinates": [
          -48.3091646,
          -18.9425015
        ]
      },
      "properties": {
        "codigo": "O-393",
        "endereco": "Avenida Getulio Vargas, 4231, Jardim das Palmeiras, Uberlândia, Minas Gerais, Brasil",
        "qtld": "47 C"
      }
    },
    {
      "type": "Feature",
      "geometry": {
        "type": "Point",
        "coordinates": [
          -48.3092451,
          -18.9454942
        ]
      },
      "properties": {
        "codigo": "O-394",
        "endereco": "Rua das Codornas, 385, Jardim das Palmeiras, Uberlândia, Minas Gerais, Brasil",
        "qtld": "42 A"
      }
    },
    {
      "type": "Feature",
      "geometry": {
        "type": "Point",
        "coordinates": [
          -48.312265,
          -18.9454534
        ]
      },
      "properties": {
        "codigo": "O-395",
        "endereco": "Rua Do Pedreiro, 99, Jardim das Palmeiras, Uberlândia, Minas Gerais, Brasil",
        "qtld": "63 B"
      }
    },
    {
      "type": "Feature",
      "geometry": {
        "type": "Point",
        "coordinates": [
          -48.3151187,
          -18.9455246
        ]
      },
      "properties": {
        "codigo": "O-396",
        "endereco": "Rua do Advogado, 408, Jardim das Palmeiras, Uberlândia, Minas Gerais, Brasil",
        "qtld": "65 D"
      }
    },
    {
      "type": "Feature",
      "geometry": {
        "type": "Point",
        "coordinates": [
          -48.3183194,
          -18.9454882
        ]
      },
      "properties": {
        "codigo": "O-397",
        "endereco": "Rua do Professor, 913, Jardim das Palmeiras, Uberlândia, Minas Gerais, Brasil",
        "qtld": "68 D"
      }
    },
    {
      "type": "Feature",
      "geometry": {
        "type": "Point",
        "coordinates": [
          -48.321482,
          -18.9484069
        ]
      },
      "properties": {
        "codigo": "O-398",
        "endereco": "Rua do Garimpeiro, 100, Jardim das Palmeiras, Uberlândia, Minas Gerais, Brasil",
        "qtld": "101 A"
      }
    },
    {
      "type": "Feature",
      "geometry": {
        "type": "Point",
        "coordinates": [
          -48.3183446,
          -18.9484703
        ]
      },
      "properties": {
        "codigo": "O-399",
        "endereco": "Rua do Torneiro, 190, Jardim das Palmeiras, Uberlândia, Minas Gerais, Brasil",
        "qtld": "94 B"
      }
    },
    {
      "type": "Feature",
      "geometry": {
        "type": "Point",
        "coordinates": [
          -48.2987237,
          -18.9250888
        ]
      },
      "properties": {
        "codigo": "O-4",
        "endereco": "Rua Do Cedro, 1, Jaraguá, Uberlândia, Minas Gerais, Brasil",
        "qtld": "39 D"
      }
    },
    {
      "type": "Feature",
      "geometry": {
        "type": "Point",
        "coordinates": [
          -48.3209041,
          -18.9308739
        ]
      },
      "properties": {
        "codigo": "O-40",
        "endereco": "Rua Rodolfo Rodrigues Goncalves, 456, Chacaras Tubalina, Uberlândia, Minas Gerais, Brasil",
        "qtld": "44 D"
      }
    },
    {
      "type": "Feature",
      "geometry": {
        "type": "Point",
        "coordinates": [
          -48.3140894,
          -18.9482578
        ]
      },
      "properties": {
        "codigo": "O-400",
        "endereco": "Rua do Poeta, 1, Jardim das Palmeiras, Uberlândia, Minas Gerais, Brasil",
        "qtld": "92 A"
      }
    },
    {
      "type": "Feature",
      "geometry": {
        "type": "Point",
        "coordinates": [
          -48.3123805,
          -18.9488333
        ]
      },
      "properties": {
        "codigo": "O-401",
        "endereco": "Rua dos Tucanos, 1005, Jardim das Palmeiras, Uberlândia, Minas Gerais, Brasil",
        "qtld": "26 B"
      }
    },
    {
      "type": "Feature",
      "geometry": {
        "type": "Point",
        "coordinates": [
          -48.3092627,
          -18.9485027
        ]
      },
      "properties": {
        "codigo": "O-402",
        "endereco": "Rua dos Cisnes, 421, Jardim das Palmeiras, Uberlândia, Minas Gerais, Brasil",
        "qtld": "32 D"
      }
    },
    {
      "type": "Feature",
      "geometry": {
        "type": "Point",
        "coordinates": [
          -48.3118451,
          -18.9516356
        ]
      },
      "properties": {
        "codigo": "O-403",
        "endereco": "Rua dos Cisnes, 842, Jardim das Palmeiras, Uberlândia, Minas Gerais, Brasil",
        "qtld": "22 A"
      }
    },
    {
      "type": "Feature",
      "geometry": {
        "type": "Point",
        "coordinates": [
          -48.3091592,
          -18.9515014
        ]
      },
      "properties": {
        "codigo": "O-404",
        "endereco": "Rua dos Colibris, 367, Jardim das Palmeiras, Uberlândia, Minas Gerais, Brasil",
        "qtld": "13 A"
      }
    },
    {
      "type": "Feature",
      "geometry": {
        "type": "Point",
        "coordinates": [
          -48.3090527,
          -18.9544757
        ]
      },
      "properties": {
        "codigo": "O-405",
        "endereco": "Rua dos Pica Paus, 260, Jardim das Palmeiras, Uberlândia, Minas Gerais, Brasil",
        "qtld": "8 B"
      }
    },
    {
      "type": "Feature",
      "geometry": {
        "type": "Point",
        "coordinates": [
          -48.3091507,
          -18.9575072
        ]
      },
      "properties": {
        "codigo": "O-406",
        "endereco": "Alameda Antonio Claudio Ricardo de Souza, 1, Jardim Holanda, Uberlândia, Minas Gerais, Brasil",
        "qtld": "25 A"
      }
    },
    {
      "type": "Feature",
      "geometry": {
        "type": "Point",
        "coordinates": [
          -48.3125958,
          -18.9553735
        ]
      },
      "properties": {
        "codigo": "O-407",
        "endereco": "Alameda Jose de Oliveira Guimaraes, 57, Jardim Holanda, Uberlândia, Minas Gerais, Brasil",
        "qtld": "19 B"
      }
    },
    {
      "type": "Feature",
      "geometry": {
        "type": "Point",
        "coordinates": [
          -48.320445,
          -18.955108
        ]
      },
      "properties": {
        "codigo": "O-408",
        "endereco": "Alameda Paulo Cesar Santana, 13, Jardim Holanda, Uberlândia, Minas Gerais, Brasil",
        "qtld": "17 B"
      }
    },
    {
      "type": "Feature",
      "geometry": {
        "type": "Point",
        "coordinates": [
          -48.3186172,
          -18.9515866
        ]
      },
      "properties": {
        "codigo": "O-409",
        "endereco": "Rua dos Cristais, 25, Jardim Holanda, Uberlândia, Minas Gerais, Brasil",
        "qtld": "16 B"
      }
    },
    {
      "type": "Feature",
      "geometry": {
        "type": "Point",
        "coordinates": [
          -48.3213995,
          -18.9338813
        ]
      },
      "properties": {
        "codigo": "O-41",
        "endereco": "Rua Osmar Texeira De Morais, 90, Chacaras Tubalina, Uberlândia, Minas Gerais, Brasil",
        "qtld": "52 D"
      }
    },
    {
      "type": "Feature",
      "geometry": {
        "type": "Point",
        "coordinates": [
          -48.32153539999999,
          -18.9516331
        ]
      },
      "properties": {
        "codigo": "O-410",
        "endereco": "Rua Campo Azul, 130, Jardim Holanda, Uberlândia, Minas Gerais, Brasil",
        "qtld": "9A"
      }
    },
    {
      "type": "Feature",
      "geometry": {
        "type": "Point",
        "coordinates": [
          -48.3242287,
          -18.9516445
        ]
      },
      "properties": {
        "codigo": "O-411",
        "endereco": "Rua Divisa Alegre, 85, Jardim Holanda, Uberlândia, Minas Gerais, Brasil",
        "qtld": "5 C"
      }
    },
    {
      "type": "Feature",
      "geometry": {
        "type": "Point",
        "coordinates": [
          -48.3121808,
          -18.9521996
        ]
      },
      "properties": {
        "codigo": "O-412",
        "endereco": "Alameda Paulo Cesar Santana, 1, Jardim Holanda, Uberlândia, Minas Gerais, Brasil",
        "qtld": "18 B"
      }
    },
    {
      "type": "Feature",
      "geometry": {
        "type": "Point",
        "coordinates": [
          -48.3216788,
          -18.9544418
        ]
      },
      "properties": {
        "codigo": "O-413",
        "endereco": "Alameda Paulo Cesar Santana, 885, Jardim Holanda, Uberlândia, Minas Gerais, Brasil",
        "qtld": "19 D"
      }
    },
    {
      "type": "Feature",
      "geometry": {
        "type": "Point",
        "coordinates": [
          -48.31870199999999,
          -18.9561653
        ]
      },
      "properties": {
        "codigo": "O-414",
        "endereco": "Alameda Jose de Oliveira Guimaraes, 700, Jardim Holanda, Uberlândia, Minas Gerais, Brasil",
        "qtld": "19 B"
      }
    },
    {
      "type": "Feature",
      "geometry": {
        "type": "Point",
        "coordinates": [
          -48.3162245,
          -18.9551422
        ]
      },
      "properties": {
        "codigo": "O-415",
        "endereco": "Alameda Jose de Oliveira Guimaraes, 480, Jardim Holanda, Uberlândia, Minas Gerais, Brasil",
        "qtld": "19 B"
      }
    },
    {
      "type": "Feature",
      "geometry": {
        "type": "Point",
        "coordinates": [
          -48.2831316,
          -18.8752474
        ]
      },
      "properties": {
        "codigo": "O-416",
        "endereco": "Alameda Jardim America, 289, Jardim Holanda, Uberlândia, Minas Gerais, Brasil",
        "qtld": "25 C"
      }
    },
    {
      "type": "Feature",
      "geometry": {
        "type": "Point",
        "coordinates": [
          -48.3158172,
          -18.9560319
        ]
      },
      "properties": {
        "codigo": "O-417",
        "endereco": "Alameda Jose de Oliveira Guimaraes - Rua da Honestidade, Casa 3, 563, Jardim Holanda, Uberlândia, Minas Gerais, Brasil",
        "qtld": "5 B"
      }
    },
    {
      "type": "Feature",
      "geometry": {
        "type": "Point",
        "coordinates": [
          -48.3126707,
          -18.957327
        ]
      },
      "properties": {
        "codigo": "O-418",
        "endereco": "Alameda Jardim Holanda - Rua 3, Casa 64, 550, Jardim Holanda, Uberlândia, Minas Gerais, Brasil",
        "qtld": "18 A"
      }
    },
    {
      "type": "Feature",
      "geometry": {
        "type": "Point",
        "coordinates": [
          -48.3212424,
          -18.9568014
        ]
      },
      "properties": {
        "codigo": "O-419",
        "endereco": "Alameda Jose de Oliveira Guimaraes, 1133, Jardim Holanda, Uberlândia, Minas Gerais, Brasil",
        "qtld": "20 C"
      }
    },
    {
      "type": "Feature",
      "geometry": {
        "type": "Point",
        "coordinates": [
          -48.3211908,
          -18.9360974
        ]
      },
      "properties": {
        "codigo": "O-42",
        "endereco": "Avenida Dimas Machado, 723, Chacaras Tubalina, Uberlândia, Minas Gerais, Brasil",
        "qtld": "59 B"
      }
    },
    {
      "type": "Feature",
      "geometry": {
        "type": "Point",
        "coordinates": [
          -48.3106563,
          -18.9550561
        ]
      },
      "properties": {
        "codigo": "O-420",
        "endereco": "Alameda Jose de Oliveira Guimaraes, 1, Jardim Holanda, Uberlândia, Minas Gerais, Brasil",
        "qtld": "19 B"
      }
    },
    {
      "type": "Feature",
      "geometry": {
        "type": "Point",
        "coordinates": [
          -48.3209602,
          -18.9602945
        ]
      },
      "properties": {
        "codigo": "O-421",
        "endereco": "Alameda Olga Del'Guerra Galvao, 1691, Jardim Holanda, Uberlândia, Minas Gerais, Brasil",
        "qtld": "45 B"
      }
    },
    {
      "type": "Feature",
      "geometry": {
        "type": "Point",
        "coordinates": [
          -48.3182539,
          -18.9603432
        ]
      },
      "properties": {
        "codigo": "O-422",
        "endereco": "Alameda Jecy Lemes Etchegaray, 1, Jardim Holanda, Uberlândia, Minas Gerais, Brasil",
        "qtld": "42 D"
      }
    },
    {
      "type": "Feature",
      "geometry": {
        "type": "Point",
        "coordinates": [
          -48.3151754,
          -18.9603875
        ]
      },
      "properties": {
        "codigo": "O-423",
        "endereco": "Alameda Rodrigo Pereira de Souza, 305, Jardim Holanda, Uberlândia, Minas Gerais, Brasil",
        "qtld": "36 C"
      }
    },
    {
      "type": "Feature",
      "geometry": {
        "type": "Point",
        "coordinates": [
          -48.3072782,
          -18.9604091
        ]
      },
      "properties": {
        "codigo": "O-424",
        "endereco": "Alameda Bladilei Alves Cardoso, 1, Jardim Holanda, Uberlândia, Minas Gerais, Brasil",
        "qtld": "33 B"
      }
    },
    {
      "type": "Feature",
      "geometry": {
        "type": "Point",
        "coordinates": [
          -48.3093428,
          -18.9604292
        ]
      },
      "properties": {
        "codigo": "O-425",
        "endereco": "Alameda Bladilei Alves Cardoso, 190, Jardim Holanda, Uberlândia, Minas Gerais, Brasil",
        "qtld": "31 A"
      }
    },
    {
      "type": "Feature",
      "geometry": {
        "type": "Point",
        "coordinates": [
          -48.3123327,
          -18.9632449
        ]
      },
      "properties": {
        "codigo": "O-426",
        "endereco": "Alameda Joao de Almeida, 540, Jardim Holanda, Uberlândia, Minas Gerais, Brasil",
        "qtld": "62 A"
      }
    },
    {
      "type": "Feature",
      "geometry": {
        "type": "Point",
        "coordinates": [
          -48.3152202,
          -18.9635436
        ]
      },
      "properties": {
        "codigo": "O-427",
        "endereco": "Alameda Anna Mendonca Rodrigues, 520, Jardim Holanda, Uberlândia, Minas Gerais, Brasil",
        "qtld": "64 A"
      }
    },
    {
      "type": "Feature",
      "geometry": {
        "type": "Point",
        "coordinates": [
          -48.3183289,
          -18.9635239
        ]
      },
      "properties": {
        "codigo": "O-428",
        "endereco": "Alameda Dina Lina Ferreira, 71, Jardim Holanda, Uberlândia, Minas Gerais, Brasil",
        "qtld": "68 A"
      }
    },
    {
      "type": "Feature",
      "geometry": {
        "type": "Point",
        "coordinates": [
          -48.321209,
          -18.9390709
        ]
      },
      "properties": {
        "codigo": "O-43",
        "endereco": "Avenida Dimas Machado, 1056, Chacaras Tubalina, Uberlândia, Minas Gerais, Brasil",
        "qtld": "60 B"
      }
    },
    {
      "type": "Feature",
      "geometry": {
        "type": "Point",
        "coordinates": [
          -48.3160104,
          -18.9670776
        ]
      },
      "properties": {
        "codigo": "O-430",
        "endereco": "Alameda Jose de Oliveira, 1111, Jardim Holanda, Uberlândia, Minas Gerais, Brasil",
        "qtld": "79 A"
      }
    },
    {
      "type": "Feature",
      "geometry": {
        "type": "Point",
        "coordinates": [
          -48.3122698,
          -18.9574709
        ]
      },
      "properties": {
        "codigo": "O-431",
        "endereco": "Alameda Jose de Oliveira, 1, Jardim Holanda, Uberlândia, Minas Gerais, Brasil",
        "qtld": "79 A"
      }
    },
    {
      "type": "Feature",
      "geometry": {
        "type": "Point",
        "coordinates": [
          -48.3122284,
          -18.9678251
        ]
      },
      "properties": {
        "codigo": "O-432",
        "endereco": "Rua Rosaria Luciana da Silva, 1, Jardim Holanda, Uberlândia, Minas Gerais, Brasil",
        "qtld": "83 B"
      }
    },
    {
      "type": "Feature",
      "geometry": {
        "type": "Point",
        "coordinates": [
          -48.3270881,
          -18.9545109
        ]
      },
      "properties": {
        "codigo": "O-447",
        "endereco": "Rua Elim, 119, Jardim Canaã, Uberlândia, Minas Gerais, Brasil",
        "qtld": "5 C"
      }
    },
    {
      "type": "Feature",
      "geometry": {
        "type": "Point",
        "coordinates": [
          -48.3268852,
          -18.9575775
        ]
      },
      "properties": {
        "codigo": "O-448",
        "endereco": "Rua Decapolis, 395, Jardim Canaa, Uberlândia, Minas Gerais, Brasil",
        "qtld": "14 B"
      }
    },
    {
      "type": "Feature",
      "geometry": {
        "type": "Point",
        "coordinates": [
          -48.324546,
          -18960626
        ]
      },
      "properties": {
        "codigo": "O-449",
        "endereco": "Avenida Palestina, 1, Jardim Canaã, Uberlândia, Minas Gerais, Brasil",
        "qtld": "217"
      }
    },
    {
      "type": "Feature",
      "geometry": {
        "type": "Point",
        "coordinates": [
          -48.3243021,
          -18.9634434
        ]
      },
      "properties": {
        "codigo": "O-450",
        "endereco": "Rua Fenícia, 132, Jardim Canaã, Uberlândia, Minas Gerais, Brasil",
        "qtld": "52 C"
      }
    },
    {
      "type": "Feature",
      "geometry": {
        "type": "Point",
        "coordinates": [
          -48.3241625,
          -18.96667927
        ]
      },
      "properties": {
        "codigo": "O-451",
        "endereco": "Rua Tamar, 198, Jardim Canaã, Uberlândia, Minas Gerais, Brasil",
        "qtld": "60"
      }
    },
    {
      "type": "Feature",
      "geometry": {
        "type": "Point",
        "coordinates": [
          -48.32129696,
          -18.96641835
        ]
      },
      "properties": {
        "codigo": "O-452",
        "endereco": "Rua Menfins, 1351, Jardim Canaã, Uberlândia, Minas Gerais, Brasil",
        "qtld": "217"
      }
    },
    {
      "type": "Feature",
      "geometry": {
        "type": "Point",
        "coordinates": [
          -48.3214644,
          -18.9695276
        ]
      },
      "properties": {
        "codigo": "O-453",
        "endereco": "Rua Siloe, 182, Jardim Canaa, Uberlândia, Minas Gerais, Brasil",
        "qtld": "67 A"
      }
    },
    {
      "type": "Feature",
      "geometry": {
        "type": "Point",
        "coordinates": [
          -48.3243,
          -18969453
        ]
      },
      "properties": {
        "codigo": "O-454",
        "endereco": "Rua Patmos, 1, Jardim Canaã, Uberlândia, Minas Gerais, Brasil",
        "qtld": "116"
      }
    },
    {
      "type": "Feature",
      "geometry": {
        "type": "Point",
        "coordinates": [
          -48.324271,
          -18972022
        ]
      },
      "properties": {
        "codigo": "O-455",
        "endereco": "Rua Padre Nilo, 1, Jardim Canaã, Uberlândia, Minas Gerais, Brasil",
        "qtld": "216"
      }
    },
    {
      "type": "Feature",
      "geometry": {
        "type": "Point",
        "coordinates": [
          -48.32736486,
          -18.97241098
        ]
      },
      "properties": {
        "codigo": "O-456",
        "endereco": "Rua 5, 13, Jardim Canaã, Uberlândia, Minas Gerais, Brasil",
        "qtld": "212"
      }
    },
    {
      "type": "Feature",
      "geometry": {
        "type": "Point",
        "coordinates": [
          -48.3269018,
          -18.96933151
        ]
      },
      "properties": {
        "codigo": "O-457",
        "endereco": "Avenida Calixto Felipe Milken, 1, Jardim Canaã, Uberlândia, Minas Gerais, Brasil",
        "qtld": "134"
      }
    },
    {
      "type": "Feature",
      "geometry": {
        "type": "Point",
        "coordinates": [
          -48.3272622,
          -18.9663949
        ]
      },
      "properties": {
        "codigo": "O-458",
        "endereco": "Rua Biblos, 434, Jardim Canaã, Uberlândia, Minas Gerais, Brasil",
        "qtld": "109 D"
      }
    },
    {
      "type": "Feature",
      "geometry": {
        "type": "Point",
        "coordinates": [
          -48.32725053,
          -18.9634091
        ]
      },
      "properties": {
        "codigo": "O-459",
        "endereco": "Rua Lidia, 870, Jardim Canaã, Uberlândia, Minas Gerais, Brasil",
        "qtld": "80"
      }
    },
    {
      "type": "Feature",
      "geometry": {
        "type": "Point",
        "coordinates": [
          -48.32716746,
          -18.96050389
        ]
      },
      "properties": {
        "codigo": "O-460",
        "endereco": "Rua Menfins, 636, Jardim Canaã, Uberlândia, Minas Gerais, Brasil",
        "qtld": "41"
      }
    },
    {
      "type": "Feature",
      "geometry": {
        "type": "Point",
        "coordinates": [
          -48.33030231,
          -18.95748461
        ]
      },
      "properties": {
        "codigo": "O-461",
        "endereco": "Rua Sinai, 712, Jardim Canaã, Uberlândia, Minas Gerais, Brasil",
        "qtld": "23"
      }
    },
    {
      "type": "Feature",
      "geometry": {
        "type": "Point",
        "coordinates": [
          -48.33033085,
          -18.96057282
        ]
      },
      "properties": {
        "codigo": "O-462",
        "endereco": "Avenida Jerusalem, 419, Jardim Canaã, Uberlândia, Minas Gerais, Brasil",
        "qtld": "83"
      }
    },
    {
      "type": "Feature",
      "geometry": {
        "type": "Point",
        "coordinates": [
          -48.33033009,
          -18.96343814
        ]
      },
      "properties": {
        "codigo": "O-463",
        "endereco": "Rua Zora, 693, Jardim Canaã, Uberlândia, Minas Gerais, Brasil",
        "qtld": "102"
      }
    },
    {
      "type": "Feature",
      "geometry": {
        "type": "Point",
        "coordinates": [
          -48.33019099,
          -18.96632909
        ]
      },
      "properties": {
        "codigo": "O-464",
        "endereco": "Rua Ulisses Finotti, 54, Jardim Canaã, Uberlândia, Minas Gerais, Brasil",
        "qtld": "163"
      }
    },
    {
      "type": "Feature",
      "geometry": {
        "type": "Point",
        "coordinates": [
          -48.3303934,
          -18.96952358
        ]
      },
      "properties": {
        "codigo": "O-465",
        "endereco": "Avenida Charles Ribeiro Guimarães, 1275, Jardim Canaã, Uberlândia, Minas Gerais, Brasil",
        "qtld": "143"
      }
    },
    {
      "type": "Feature",
      "geometry": {
        "type": "Point",
        "coordinates": [
          -48.3327738,
          -18.9660299
        ]
      },
      "properties": {
        "codigo": "O-466",
        "endereco": "Rua 7, 13, Jardim Canaã, Uberlândia, Minas Gerais, Brasil",
        "qtld": "208 D"
      }
    },
    {
      "type": "Feature",
      "geometry": {
        "type": "Point",
        "coordinates": [
          -48.33314102,
          -18.9723321
        ]
      },
      "properties": {
        "codigo": "O-467",
        "endereco": "Rua Eduardo Luiz Vieira, 6, Jardim Canaã, Uberlândia, Minas Gerais, Brasil",
        "qtld": "199"
      }
    },
    {
      "type": "Feature",
      "geometry": {
        "type": "Point",
        "coordinates": [
          -48.3332401,
          -18.9692646
        ]
      },
      "properties": {
        "codigo": "O-468",
        "endereco": "Avenida Galassi, 1, Jardim Canaã, Uberlândia, Minas Gerais, Brasil",
        "qtld": "200"
      }
    },
    {
      "type": "Feature",
      "geometry": {
        "type": "Point",
        "coordinates": [
          -48.33331192,
          -18.96650035
        ]
      },
      "properties": {
        "codigo": "O-469",
        "endereco": "Rua Eduardo Luis Vieira, 320, Jardim Canaã, Uberlândia, Minas Gerais, Brasil",
        "qtld": "178"
      }
    },
    {
      "type": "Feature",
      "geometry": {
        "type": "Point",
        "coordinates": [
          -48.3243331,
          -18.9366239
        ]
      },
      "properties": {
        "codigo": "O-47",
        "endereco": "Rua Sudepe, 891, Chacaras Tubalina, Uberlândia, Minas Gerais, Brasil",
        "qtld": "54 B"
      }
    },
    {
      "type": "Feature",
      "geometry": {
        "type": "Point",
        "coordinates": [
          -48.33296884,
          -18.96360773
        ]
      },
      "properties": {
        "codigo": "O-470",
        "endereco": "Rua Adriano Almeidaguimaraes, 1, Jardim Canaã, Uberlândia, Minas Gerais, Brasil",
        "qtld": "172"
      }
    },
    {
      "type": "Feature",
      "geometry": {
        "type": "Point",
        "coordinates": [
          -48.33319202,
          -18.96052275
        ]
      },
      "properties": {
        "codigo": "O-471",
        "endereco": "Rua Libina, 1042, Jardim Canaã, Uberlândia, Minas Gerais, Brasil",
        "qtld": "94"
      }
    },
    {
      "type": "Feature",
      "geometry": {
        "type": "Point",
        "coordinates": [
          -48.33281019,
          -18.95760601
        ]
      },
      "properties": {
        "codigo": "O-472",
        "endereco": "Avenida Judeia, 11, Jardim Canaã, Uberlândia, Minas Gerais, Brasil",
        "qtld": "87"
      }
    },
    {
      "type": "Feature",
      "geometry": {
        "type": "Point",
        "coordinates": [
          -48.33617419,
          -18.9606146
        ]
      },
      "properties": {
        "codigo": "O-473",
        "endereco": "Avenida Chadi Fad, 34, Jardim Canaã, Uberlândia, Minas Gerais, Brasil",
        "qtld": "174"
      }
    },
    {
      "type": "Feature",
      "geometry": {
        "type": "Point",
        "coordinates": [
          -48.33925779,
          -18.96342892
        ]
      },
      "properties": {
        "codigo": "O-477",
        "endereco": "Rua Zania Maria Da Silva, 90, Jardim Canaã, Uberlândia, Minas Gerais, Brasil",
        "qtld": "190"
      }
    },
    {
      "type": "Feature",
      "geometry": {
        "type": "Point",
        "coordinates": [
          -48.3390581,
          -18.96636758
        ]
      },
      "properties": {
        "codigo": "O-478",
        "endereco": "Rua Edson Gallana, 590, Jardim Canaã, Uberlândia, Minas Gerais, Brasil",
        "qtld": "198"
      }
    },
    {
      "type": "Feature",
      "geometry": {
        "type": "Point",
        "coordinates": [
          -48.34175375,
          -18.96585924
        ]
      },
      "properties": {
        "codigo": "O-479",
        "endereco": "Avenida Paulo Sergio Cintra, 1, Jardim Canaã, Uberlândia, Minas Gerais, Brasil",
        "qtld": "193"
      }
    },
    {
      "type": "Feature",
      "geometry": {
        "type": "Point",
        "coordinates": [
          -48.32482479999999,
          -18.9303519
        ]
      },
      "properties": {
        "codigo": "O-48",
        "endereco": "Rua Antonio Domingues, 1, Chacaras Tubalina, Uberlândia, Minas Gerais, Brasil",
        "qtld": "48 D"
      }
    },
    {
      "type": "Feature",
      "geometry": {
        "type": "Point",
        "coordinates": [
          -48.3002607,
          -18.9244775
        ]
      },
      "properties": {
        "codigo": "O-5",
        "endereco": "Rua Dos Angazeiros, 255, Jaraguá, Uberlândia, Minas Gerais, Brasil",
        "qtld": "43 D"
      }
    },
    {
      "type": "Feature",
      "geometry": {
        "type": "Point",
        "coordinates": [
          -48.32224720000001,
          -18.9247166
        ]
      },
      "properties": {
        "codigo": "O-50",
        "endereco": "Rua Padre Humberto Araujo Braga, 1, Chacaras Tubalina, Uberlândia, Minas Gerais, Brasil",
        "qtld": "42 C"
      }
    },
    {
      "type": "Feature",
      "geometry": {
        "type": "Point",
        "coordinates": [
          -48.3464749,
          -18.9708394
        ]
      },
      "properties": {
        "codigo": "O-501",
        "endereco": "Rua Professor Paulo Guido de Novaes Camargos, 1, Monte Hebron, Uberlândia, Minas Gerais, Brasil",
        "qtld": "21 C"
      }
    },
    {
      "type": "Feature",
      "geometry": {
        "type": "Point",
        "coordinates": [
          -48.3464749,
          -18.9708394
        ]
      },
      "properties": {
        "codigo": "O-502",
        "endereco": "Rua Professor Paulo Guido de Novaes Camargos, 1, Monte Hebron, Uberlândia, Minas Gerais, Brasil",
        "qtld": "28 B"
      }
    },
    {
      "type": "Feature",
      "geometry": {
        "type": "Point",
        "coordinates": [
          -48.34255539999999,
          -18.975515
        ]
      },
      "properties": {
        "codigo": "O-503",
        "endereco": "Rua Jose Romualdo Duarte, 270, Monte Hebron, Uberlândia, Minas Gerais, Brasil",
        "qtld": "40 C"
      }
    },
    {
      "type": "Feature",
      "geometry": {
        "type": "Point",
        "coordinates": [
          -48.339612,
          -18.978792
        ]
      },
      "properties": {
        "codigo": "O-505",
        "endereco": "Rua Divino Rodrigues Carrijo, 112, Monte Hebron, Uberlândia, Minas Gerais, Brasil",
        "qtld": "49 C"
      }
    },
    {
      "type": "Feature",
      "geometry": {
        "type": "Point",
        "coordinates": [
          -48.3428951,
          -18.9780737
        ]
      },
      "properties": {
        "codigo": "O-506",
        "endereco": "Rua Maria Filomena Guerra, 50, Monte Hebron, Uberlândia, Minas Gerais, Brasil",
        "qtld": "51 C"
      }
    },
    {
      "type": "Feature",
      "geometry": {
        "type": "Point",
        "coordinates": [
          -48.3444206,
          -18.9774693
        ]
      },
      "properties": {
        "codigo": "O-508",
        "endereco": "Rua Marlos Urquiza Cavalcanti, 220, Monte Hebron, Uberlândia, Minas Gerais, Brasil",
        "qtld": "37 B"
      }
    },
    {
      "type": "Feature",
      "geometry": {
        "type": "Point",
        "coordinates": [
          -48.34818896,
          -18.97531128
        ]
      },
      "properties": {
        "codigo": "O-509",
        "endereco": "Avenida Contador José Candeloro, 714, , Uberlândia, Minas Gerais, Brasil",
        "qtld": "Derly"
      }
    },
    {
      "type": "Feature",
      "geometry": {
        "type": "Point",
        "coordinates": [
          -48.3240951,
          -18.9303969
        ]
      },
      "properties": {
        "codigo": "O-51",
        "endereco": "Rua Juca Lucio, 70, Chacaras Tubalina, Uberlândia, Minas Gerais, Brasil",
        "qtld": "46 D"
      }
    },
    {
      "type": "Feature",
      "geometry": {
        "type": "Point",
        "coordinates": [
          -48.3476307,
          -18.9732506
        ]
      },
      "properties": {
        "codigo": "O-510",
        "endereco": "Rua Aurelio Antonio de Lima, 181, Monte Hebron, Uberlândia, Minas Gerais, Brasil",
        "qtld": "24 A"
      }
    },
    {
      "type": "Feature",
      "geometry": {
        "type": "Point",
        "coordinates": [
          -48.35385230000001,
          -18.9706647
        ]
      },
      "properties": {
        "codigo": "O-511",
        "endereco": "Rua Victor Gabriel de Oliveira Batista, 1, Monte Hebron, Uberlândia, Minas Gerais, Brasil",
        "qtld": "4 C"
      }
    },
    {
      "type": "Feature",
      "geometry": {
        "type": "Point",
        "coordinates": [
          -48.3519507,
          -18.9708755
        ]
      },
      "properties": {
        "codigo": "O-512",
        "endereco": "Rua Waldemar Bittar, 1, Monte Hebron, Uberlândia, Minas Gerais, Brasil",
        "qtld": "11A"
      }
    },
    {
      "type": "Feature",
      "geometry": {
        "type": "Point",
        "coordinates": [
          -48.3512572,
          -18.9759843
        ]
      },
      "properties": {
        "codigo": "O-513",
        "endereco": "Rua Jose Audes de Paula, 356, Monte Hebron, Uberlândia, Minas Gerais, Brasil",
        "qtld": "60 D"
      }
    },
    {
      "type": "Feature",
      "geometry": {
        "type": "Point",
        "coordinates": [
          -48.353775,
          -18.9754289
        ]
      },
      "properties": {
        "codigo": "O-516",
        "endereco": "Rua Maura Pereira Rodrigues, 46, Monte Hebron, Uberlândia, Minas Gerais, Brasil",
        "qtld": "59 D"
      }
    },
    {
      "type": "Feature",
      "geometry": {
        "type": "Point",
        "coordinates": [
          -48.35441369999999,
          -18.9722173
        ]
      },
      "properties": {
        "codigo": "O-517",
        "endereco": "Avenida Lucia Aparecida Ferreira do Nascimento, 216, Residencial Lago Azul, Uberlândia, Minas Gerais, Brasil",
        "qtld": "4 B"
      }
    },
    {
      "type": "Feature",
      "geometry": {
        "type": "Point",
        "coordinates": [
          -48.3243137,
          -18.9277185
        ]
      },
      "properties": {
        "codigo": "O-52",
        "endereco": "Rua Alceu Alves Mendes, 247, Chacaras Tubalina, Uberlândia, Minas Gerais, Brasil",
        "qtld": "40 A"
      }
    },
    {
      "type": "Feature",
      "geometry": {
        "type": "Point",
        "coordinates": [
          -48.3570881,
          -18.972455
        ]
      },
      "properties": {
        "codigo": "O-529",
        "endereco": "Rua Célia Gonçalves de Paula, 160, Residencial Lago Azul, Uberlândia, Minas Gerais, Brasil",
        "qtld": "10 D"
      }
    },
    {
      "type": "Feature",
      "geometry": {
        "type": "Point",
        "coordinates": [
          -48.32224720000001,
          -18.9247166
        ]
      },
      "properties": {
        "codigo": "O-53",
        "endereco": "Rua Padre Humberto Araujo Braga, 1, Chacaras Tubalina, Uberlândia, Minas Gerais, Brasil",
        "qtld": "36 A"
      }
    },
    {
      "type": "Feature",
      "geometry": {
        "type": "Point",
        "coordinates": [
          -48.3592127,
          -18.9724099
        ]
      },
      "properties": {
        "codigo": "O-530",
        "endereco": "Rua Odecio dos Santos, 1, Residencial Lago Azul, Uberlândia, Minas Gerais, Brasil",
        "qtld": "13 D"
      }
    },
    {
      "type": "Feature",
      "geometry": {
        "type": "Point",
        "coordinates": [
          -48.3621332,
          -18.9713921
        ]
      },
      "properties": {
        "codigo": "O-531",
        "endereco": "Rua Adjar França, 62, Residencial Lago Azul, Uberlândia, Minas Gerais, Brasil",
        "qtld": "21 D"
      }
    },
    {
      "type": "Feature",
      "geometry": {
        "type": "Point",
        "coordinates": [
          -48.3603104,
          -18.9757499
        ]
      },
      "properties": {
        "codigo": "O-532",
        "endereco": "Alameda das Patativas, 10, Chacaras Uirapuru, Uberlândia, Minas Gerais, Brasil",
        "qtld": "4 C"
      }
    },
    {
      "type": "Feature",
      "geometry": {
        "type": "Point",
        "coordinates": [
          -48.36391709999999,
          -18.9745082
        ]
      },
      "properties": {
        "codigo": "O-533",
        "endereco": "Alameda Abilio Soares Neto, 300, Chacaras Uirapuru, Uberlândia, Minas Gerais, Brasil",
        "qtld": "1A"
      }
    },
    {
      "type": "Feature",
      "geometry": {
        "type": "Point",
        "coordinates": [
          -48.3699537,
          -18.9826141
        ]
      },
      "properties": {
        "codigo": "O-536",
        "endereco": "Rua Marcelino Bertoldo, 11, Morada Nova, Uberlândia, Minas Gerais, Brasil",
        "qtld": "21A"
      }
    },
    {
      "type": "Feature",
      "geometry": {
        "type": "Point",
        "coordinates": [
          -48.36385199999999,
          -18.977107
        ]
      },
      "properties": {
        "codigo": "O-537",
        "endereco": "Alameda dos Bem Te Vis, 1960, Morada Nova, Uberlândia, Minas Gerais, Brasil",
        "qtld": "7 B"
      }
    },
    {
      "type": "Feature",
      "geometry": {
        "type": "Point",
        "coordinates": [
          -48.371112,
          -18.9930061
        ]
      },
      "properties": {
        "codigo": "O-539",
        "endereco": "Rua Aparicio Ferreira, 1776, Morada Nova, Uberlândia, Minas Gerais, Brasil",
        "qtld": "12 D"
      }
    },
    {
      "type": "Feature",
      "geometry": {
        "type": "Point",
        "coordinates": [
          -48.3679683,
          -18.9813336
        ]
      },
      "properties": {
        "codigo": "O-540",
        "endereco": "Rua Claudio Jose Bisinoto, 1222, Morada Nova, Uberlândia, Minas Gerais, Brasil",
        "qtld": "23 B"
      }
    },
    {
      "type": "Feature",
      "geometry": {
        "type": "Point",
        "coordinates": [
          -48.3706994,
          -18.9965332
        ]
      },
      "properties": {
        "codigo": "O-543",
        "endereco": "Rua Ruy Barbosa de Souza, 95, Morada Nova, Uberlândia, Minas Gerais, Brasil",
        "qtld": "15 A"
      }
    },
    {
      "type": "Feature",
      "geometry": {
        "type": "Point",
        "coordinates": [
          -48.3676661,
          -18.9852153
        ]
      },
      "properties": {
        "codigo": "O-544",
        "endereco": "Rua Fernando Reis Cardoso, 1076, Morada Nova, Uberlândia, Minas Gerais, Brasil",
        "qtld": "30 C"
      }
    },
    {
      "type": "Feature",
      "geometry": {
        "type": "Point",
        "coordinates": [
          -48.3713947,
          -18.985108
        ]
      },
      "properties": {
        "codigo": "O-545",
        "endereco": "Rua Marcelino Bertoldo, 573, Morada Nova, Uberlândia, Minas Gerais, Brasil",
        "qtld": "46 D"
      }
    },
    {
      "type": "Feature",
      "geometry": {
        "type": "Point",
        "coordinates": [
          -48.3753763,
          -18.9849327
        ]
      },
      "properties": {
        "codigo": "O-546",
        "endereco": "Rua Eulina da Silva, 210, Morada Nova, Uberlândia, Minas Gerais, Brasil",
        "qtld": "47 C"
      }
    },
    {
      "type": "Feature",
      "geometry": {
        "type": "Point",
        "coordinates": [
          -48.3759892,
          -18.9847797
        ]
      },
      "properties": {
        "codigo": "O-549",
        "endereco": "Rua Walter Garcia Rocha, 38, Morada Nova, Uberlândia, Minas Gerais, Brasil",
        "qtld": "86 D"
      }
    },
    {
      "type": "Feature",
      "geometry": {
        "type": "Point",
        "coordinates": [
          -48.3240257,
          -18.9250189
        ]
      },
      "properties": {
        "codigo": "O-55",
        "endereco": "Rua Padre Humberto Araujo Braga, 145, Chacaras Tubalina, Uberlândia, Minas Gerais, Brasil",
        "qtld": "29 A"
      }
    },
    {
      "type": "Feature",
      "geometry": {
        "type": "Point",
        "coordinates": [
          -48.3750384,
          -18.9884858
        ]
      },
      "properties": {
        "codigo": "O-550",
        "endereco": "Avenida Aldo Borges Leao, 1380, Morada Nova, Uberlândia, Minas Gerais, Brasil",
        "qtld": "53 D"
      }
    },
    {
      "type": "Feature",
      "geometry": {
        "type": "Point",
        "coordinates": [
          -48.3716099,
          -18.9883856
        ]
      },
      "properties": {
        "codigo": "O-551",
        "endereco": "Rua Pedro Jose Carmo, 374, Morada Nova, Uberlândia, Minas Gerais, Brasil",
        "qtld": "56 D"
      }
    },
    {
      "type": "Feature",
      "geometry": {
        "type": "Point",
        "coordinates": [
          -48.371968,
          -18.996124
        ]
      },
      "properties": {
        "codigo": "O-552",
        "endereco": "Rua Antonio Pereira de Almeida, 1, Morada Nova, Uberlândia, Minas Gerais, Brasil",
        "qtld": "40 B"
      }
    },
    {
      "type": "Feature",
      "geometry": {
        "type": "Point",
        "coordinates": [
          -48.3634971,
          -18.9881552
        ]
      },
      "properties": {
        "codigo": "O-553",
        "endereco": "Rua Virgilo Rosa Medeiros, 1387, Morada Nova, Uberlândia, Minas Gerais, Brasil",
        "qtld": "34 A"
      }
    },
    {
      "type": "Feature",
      "geometry": {
        "type": "Point",
        "coordinates": [
          -48.3645647,
          -18.9920813
        ]
      },
      "properties": {
        "codigo": "O-556",
        "endereco": "Rua Diego Barbosa, 1001, Morada Nova, Uberlândia, Minas Gerais, Brasil",
        "qtld": "63 C"
      }
    },
    {
      "type": "Feature",
      "geometry": {
        "type": "Point",
        "coordinates": [
          -48.367819,
          -18.991529
        ]
      },
      "properties": {
        "codigo": "O-557",
        "endereco": "Rua Ruy Barbosa de Souza, 735, Morada Nova, Uberlândia, Minas Gerais, Brasil",
        "qtld": "60 A"
      }
    },
    {
      "type": "Feature",
      "geometry": {
        "type": "Point",
        "coordinates": [
          -48.3638323,
          -18.9783796
        ]
      },
      "properties": {
        "codigo": "O-558",
        "endereco": "Rua Fernando Reis Cardoso, 95, Morada Nova, Uberlândia, Minas Gerais, Brasil",
        "qtld": "77 A"
      }
    },
    {
      "type": "Feature",
      "geometry": {
        "type": "Point",
        "coordinates": [
          -48.3753418,
          -18.9922973
        ]
      },
      "properties": {
        "codigo": "O-559",
        "endereco": "Josina Luiza Tupinamba, 51, Morada Nova, Uberlândia, Minas Gerais, Brasil",
        "qtld": "100 A"
      }
    },
    {
      "type": "Feature",
      "geometry": {
        "type": "Point",
        "coordinates": [
          -48.32151260000001,
          -18.9251676
        ]
      },
      "properties": {
        "codigo": "O-56",
        "endereco": "Rua Joaquim Leal de Camargo, 451, Chacaras Tubalina, Uberlândia, Minas Gerais, Brasil",
        "qtld": "26 B"
      }
    },
    {
      "type": "Feature",
      "geometry": {
        "type": "Point",
        "coordinates": [
          -48.3793059,
          -18.9925219
        ]
      },
      "properties": {
        "codigo": "O-560",
        "endereco": "Rua Maria Rosa Moutran, 560, Morada Nova, Uberlândia, Minas Gerais, Brasil",
        "qtld": "96 B"
      }
    },
    {
      "type": "Feature",
      "geometry": {
        "type": "Point",
        "coordinates": [
          -48.383425,
          -18.9931621
        ]
      },
      "properties": {
        "codigo": "O-561",
        "endereco": "Rua Honorato Fagundes da Costa, 990, Morada Nova, Uberlândia, Minas Gerais, Brasil",
        "qtld": "156 C"
      }
    },
    {
      "type": "Feature",
      "geometry": {
        "type": "Point",
        "coordinates": [
          -48.3637002,
          -18.98825
        ]
      },
      "properties": {
        "codigo": "O-564",
        "endereco": "Rua Virgilio Rosa Medeiros, 10, Morada Nova, Uberlândia, Minas Gerais, Brasil",
        "qtld": "68 A"
      }
    },
    {
      "type": "Feature",
      "geometry": {
        "type": "Point",
        "coordinates": [
          -48.3709399,
          -18.9952662
        ]
      },
      "properties": {
        "codigo": "O-565",
        "endereco": "Rua Antonio Pereira de Almeida, 154, Morada Nova, Uberlândia, Minas Gerais, Brasil",
        "qtld": "74 D"
      }
    },
    {
      "type": "Feature",
      "geometry": {
        "type": "Point",
        "coordinates": [
          -48.3748162,
          -18.9940836
        ]
      },
      "properties": {
        "codigo": "O-567",
        "endereco": "Rua Lucia Marli Cunha, 12, Morada Nova, Uberlândia, Minas Gerais, Brasil",
        "qtld": "105 D"
      }
    },
    {
      "type": "Feature",
      "geometry": {
        "type": "Point",
        "coordinates": [
          -48.381989,
          -18.9958911
        ]
      },
      "properties": {
        "codigo": "O-568",
        "endereco": "Rua Maura Carvalho, 821, Morada Nova, Uberlândia, Minas Gerais, Brasil",
        "qtld": "149 A"
      }
    },
    {
      "type": "Feature",
      "geometry": {
        "type": "Point",
        "coordinates": [
          -48.3686008,
          -18.9993977
        ]
      },
      "properties": {
        "codigo": "O-569",
        "endereco": "Rua Argentino Pereira da Costa, 1, Morada Nova, Uberlândia, Minas Gerais, Brasil",
        "qtld": "66 A"
      }
    },
    {
      "type": "Feature",
      "geometry": {
        "type": "Point",
        "coordinates": [
          -48.3196504,
          -18.9248872
        ]
      },
      "properties": {
        "codigo": "O-57",
        "endereco": "Rua Jacarepagua, 274, Chacaras Tubalina, Uberlândia, Minas Gerais, Brasil",
        "qtld": "13 D"
      }
    },
    {
      "type": "Feature",
      "geometry": {
        "type": "Point",
        "coordinates": [
          -48.3755697,
          -18.9976792
        ]
      },
      "properties": {
        "codigo": "O-571",
        "endereco": "Rua Daniel Assunçao Kostiuc, 1, Morada Nova, Uberlândia, Minas Gerais, Brasil",
        "qtld": "111 B"
      }
    },
    {
      "type": "Feature",
      "geometry": {
        "type": "Point",
        "coordinates": [
          -48.37846769999999,
          -18.998973
        ]
      },
      "properties": {
        "codigo": "O-572",
        "endereco": "Rua Ancilla Valentini Gosuen, 637, Morada Nova, Uberlândia, Minas Gerais, Brasil",
        "qtld": "141 A"
      }
    },
    {
      "type": "Feature",
      "geometry": {
        "type": "Point",
        "coordinates": [
          -48.38263569999999,
          -18.9992005
        ]
      },
      "properties": {
        "codigo": "O-573",
        "endereco": "Rua Florença Rosalina da Silva, 592, Morada Nova, Uberlândia, Minas Gerais, Brasil",
        "qtld": "144 B"
      }
    },
    {
      "type": "Feature",
      "geometry": {
        "type": "Point",
        "coordinates": [
          -48.3754691,
          -19.0041758
        ]
      },
      "properties": {
        "codigo": "O-574",
        "endereco": "Rua José Pereira Dos Santos, 112, Morada Nova, Uberlândia, Minas Gerais, Brasil",
        "qtld": "115 D"
      }
    },
    {
      "type": "Feature",
      "geometry": {
        "type": "Point",
        "coordinates": [
          -48.3741503,
          -19.0026434
        ]
      },
      "properties": {
        "codigo": "O-576",
        "endereco": "Rua Jose Rodrigues Soares, 555, Morada Nova, Uberlândia, Minas Gerais, Brasil",
        "qtld": "125 C"
      }
    },
    {
      "type": "Feature",
      "geometry": {
        "type": "Point",
        "coordinates": [
          -48.3708038,
          -19.0003449
        ]
      },
      "properties": {
        "codigo": "O-577",
        "endereco": "Rua Ina Maria Pinto, 1, Morada Nova, Uberlândia, Minas Gerais, Brasil",
        "qtld": "132 D"
      }
    },
    {
      "type": "Feature",
      "geometry": {
        "type": "Point",
        "coordinates": [
          -48.38192590000001,
          -19.0025206
        ]
      },
      "properties": {
        "codigo": "O-578",
        "endereco": "Rua Tenente Mardomio Silva, 1139, Morada Nova, Uberlândia, Minas Gerais, Brasil",
        "qtld": "134 D"
      }
    },
    {
      "type": "Feature",
      "geometry": {
        "type": "Point",
        "coordinates": [
          -48.3150956,
          -18.9244558
        ]
      },
      "properties": {
        "codigo": "O-58",
        "endereco": "Rua Astrogildo Salvador Lemos, 99, Chacaras Tubalina, Uberlândia, Minas Gerais, Brasil",
        "qtld": "1 D"
      }
    },
    {
      "type": "Feature",
      "geometry": {
        "type": "Point",
        "coordinates": [
          -48.3726832,
          -19.0054798
        ]
      },
      "properties": {
        "codigo": "O-580",
        "endereco": "Rua Perimetral III, 1, Morada Nova, Uberlândia, Minas Gerais, Brasil",
        "qtld": "119 A"
      }
    },
    {
      "type": "Feature",
      "geometry": {
        "type": "Point",
        "coordinates": [
          -48.3785923,
          -19.0059901
        ]
      },
      "properties": {
        "codigo": "O-581",
        "endereco": "Rua Nacir Mendes Lima, 1049, Morada Nova, Uberlândia, Minas Gerais, Brasil",
        "qtld": "122 A"
      }
    },
    {
      "type": "Feature",
      "geometry": {
        "type": "Point",
        "coordinates": [
          -48.3855939,
          -18.9952251
        ]
      },
      "properties": {
        "codigo": "O-583",
        "endereco": "Rua Maria Rosa Moutran, 1275, Morada Nova, Uberlândia, Minas Gerais, Brasil",
        "qtld": "152 A"
      }
    },
    {
      "type": "Feature",
      "geometry": {
        "type": "Point",
        "coordinates": [
          -48.3933346,
          -18.9916704
        ]
      },
      "properties": {
        "codigo": "O-586",
        "endereco": "Rua do Prata, 5502, Morada Nova, Uberlândia, Minas Gerais, Brasil",
        "qtld": "166 A"
      }
    },
    {
      "type": "Feature",
      "geometry": {
        "type": "Point",
        "coordinates": [
          -48.3902942,
          -18.9931962
        ]
      },
      "properties": {
        "codigo": "O-587",
        "endereco": "Rua Araguaia, 120, Morada Nova, Uberlândia, Minas Gerais, Brasil",
        "qtld": "165 A"
      }
    },
    {
      "type": "Feature",
      "geometry": {
        "type": "Point",
        "coordinates": [
          -48.3743752,
          -18.9903978
        ]
      },
      "properties": {
        "codigo": "O-588",
        "endereco": "Rua Paraiba, 1, Morada Nova, Uberlândia, Minas Gerais, Brasil",
        "qtld": "161 A"
      }
    },
    {
      "type": "Feature",
      "geometry": {
        "type": "Point",
        "coordinates": [
          -48.3878797,
          -18.9934541
        ]
      },
      "properties": {
        "codigo": "O-590",
        "endereco": "Rua Uberabinha, 1, Morada Nova, Uberlândia, Minas Gerais, Brasil",
        "qtld": "161 C"
      }
    },
    {
      "type": "Feature",
      "geometry": {
        "type": "Point",
        "coordinates": [
          -48.3900321,
          -18.987578
        ]
      },
      "properties": {
        "codigo": "O-591",
        "endereco": "Rua Miraporanga, 1, Morada Nova, Uberlândia, Minas Gerais, Brasil",
        "qtld": "165 D"
      }
    },
    {
      "type": "Feature",
      "geometry": {
        "type": "Point",
        "coordinates": [
          -48.2649357,
          -18.9115666
        ]
      },
      "properties": {
        "codigo": "O-592",
        "endereco": "Rua do Prata, 1273, Morada Nova, Uberlândia, Minas Gerais, Brasil",
        "qtld": "164 C"
      }
    },
    {
      "type": "Feature",
      "geometry": {
        "type": "Point",
        "coordinates": [
          -48.3906711,
          -18.9854613
        ]
      },
      "properties": {
        "codigo": "O-593",
        "endereco": "Rua Uberabinha, 141, Morada Nova, Uberlândia, Minas Gerais, Brasil",
        "qtld": "160 C"
      }
    },
    {
      "type": "Feature",
      "geometry": {
        "type": "Point",
        "coordinates": [
          -48.3862695,
          -18.9925722
        ]
      },
      "properties": {
        "codigo": "O-594",
        "endereco": "Rua Paranaiba, 1, Morada Nova, Uberlândia, Minas Gerais, Brasil",
        "qtld": "159 A"
      }
    },
    {
      "type": "Feature",
      "geometry": {
        "type": "Point",
        "coordinates": [
          -48.3894237,
          -18.982341
        ]
      },
      "properties": {
        "codigo": "O-595",
        "endereco": "Rua Paranaiba, 1208, Morada Nova, Uberlândia, Minas Gerais, Brasil",
        "qtld": "159 A"
      }
    },
    {
      "type": "Feature",
      "geometry": {
        "type": "Point",
        "coordinates": [
          -48.264942,
          -18.9112688
        ]
      },
      "properties": {
        "codigo": "O-597",
        "endereco": "Rua do Prata, 993, Morada Nova, Uberlândia, Minas Gerais, Brasil",
        "qtld": "164 C"
      }
    },
    {
      "type": "Feature",
      "geometry": {
        "type": "Point",
        "coordinates": [
          -48.3004407,
          -18.9277241
        ]
      },
      "properties": {
        "codigo": "O-6",
        "endereco": "Rua Cerejeiras, 37, Jaraguá, Uberlândia, Minas Gerais, Brasil",
        "qtld": "54 C"
      }
    },
    {
      "type": "Feature",
      "geometry": {
        "type": "Point",
        "coordinates": [
          -48.3084685,
          -18.9242463
        ]
      },
      "properties": {
        "codigo": "O-60",
        "endereco": "Avenida Aspirante Mega, 731, Chacaras Tubalina, Uberlândia, Minas Gerais, Brasil",
        "qtld": "10A"
      }
    },
    {
      "type": "Feature",
      "geometry": {
        "type": "Point",
        "coordinates": [
          -48.3092214,
          -18.9216267
        ]
      },
      "properties": {
        "codigo": "O-61",
        "endereco": "Avenida Das Gameleiras, 1514, Chacaras Tubalina, Uberlândia, Minas Gerais, Brasil",
        "qtld": "4 D"
      }
    },
    {
      "type": "Feature",
      "geometry": {
        "type": "Point",
        "coordinates": [
          -48.3956639,
          -18.9785234
        ]
      },
      "properties": {
        "codigo": "O-619",
        "endereco": "Avenida Wilson Rodrigues da Silva, 2866, Residencial Pequis, Uberlândia, Minas Gerais, Brasil",
        "qtld": "79 A"
      }
    },
    {
      "type": "Feature",
      "geometry": {
        "type": "Point",
        "coordinates": [
          -48.3120203,
          -18.9217126
        ]
      },
      "properties": {
        "codigo": "O-62",
        "endereco": "Rua Aguape, 371, Chacaras Tubalina, Uberlândia, Minas Gerais, Brasil",
        "qtld": "7A"
      }
    },
    {
      "type": "Feature",
      "geometry": {
        "type": "Point",
        "coordinates": [
          -48.3822894,
          -18.9779065
        ]
      },
      "properties": {
        "codigo": "O-620",
        "endereco": "Rua do Tapiti, 1, Residencial Pequis, Uberlândia, Minas Gerais, Brasil",
        "qtld": "64 A"
      }
    },
    {
      "type": "Feature",
      "geometry": {
        "type": "Point",
        "coordinates": [
          -48.3822894,
          -18.9779065
        ]
      },
      "properties": {
        "codigo": "O-621",
        "endereco": "Rua do Tapiti, 1, Residencial Pequis, Uberlândia, Minas Gerais, Brasil",
        "qtld": "64 A"
      }
    },
    {
      "type": "Feature",
      "geometry": {
        "type": "Point",
        "coordinates": [
          -48.3929871,
          -18.9785694
        ]
      },
      "properties": {
        "codigo": "O-622",
        "endereco": "Rua do Gato-Palheiro, 1361, Residencial Pequis, Uberlândia, Minas Gerais, Brasil",
        "qtld": "75 D"
      }
    },
    {
      "type": "Feature",
      "geometry": {
        "type": "Point",
        "coordinates": [
          -48.3825909,
          -18.9780688
        ]
      },
      "properties": {
        "codigo": "O-623",
        "endereco": "Rua da Suçuarana, 1, Residencial Pequis, Uberlândia, Minas Gerais, Brasil",
        "qtld": "80 C"
      }
    },
    {
      "type": "Feature",
      "geometry": {
        "type": "Point",
        "coordinates": [
          -48.3901895,
          -18.9782573
        ]
      },
      "properties": {
        "codigo": "O-624",
        "endereco": "Rua Graxaim do Campo, 210, Residencial Pequis, Uberlândia, Minas Gerais, Brasil",
        "qtld": "73 A"
      }
    },
    {
      "type": "Feature",
      "geometry": {
        "type": "Point",
        "coordinates": [
          -48.3867224,
          -18.9746658
        ]
      },
      "properties": {
        "codigo": "O-625",
        "endereco": "Avenida Wilson Rodrigues da Silva, 1, Residencial Pequis, Uberlândia, Minas Gerais, Brasil",
        "qtld": "67 D"
      }
    },
    {
      "type": "Feature",
      "geometry": {
        "type": "Point",
        "coordinates": [
          -48.387274,
          -18.972157
        ]
      },
      "properties": {
        "codigo": "O-627",
        "endereco": "Rua do Quati, 460, Residencial Pequis, Uberlândia, Minas Gerais, Brasil",
        "qtld": "65 A"
      }
    },
    {
      "type": "Feature",
      "geometry": {
        "type": "Point",
        "coordinates": [
          -48.3876885,
          -18.9756716
        ]
      },
      "properties": {
        "codigo": "O-628",
        "endereco": "Rua Jaguarundi, 560, Residencial Pequis, Uberlândia, Minas Gerais, Brasil",
        "qtld": "54 D"
      }
    },
    {
      "type": "Feature",
      "geometry": {
        "type": "Point",
        "coordinates": [
          -48.3153651,
          -18.9221407
        ]
      },
      "properties": {
        "codigo": "O-63",
        "endereco": "Rua Antonio Lourenço Bastos, 737, Chacaras Tubalina, Uberlândia, Minas Gerais, Brasil",
        "qtld": "12A"
      }
    },
    {
      "type": "Feature",
      "geometry": {
        "type": "Point",
        "coordinates": [
          -48.3822894,
          -18.9779065
        ]
      },
      "properties": {
        "codigo": "O-630",
        "endereco": "Rua do Tapiti, 1, Residencial Pequis, Uberlândia, Minas Gerais, Brasil",
        "qtld": "64 A"
      }
    },
    {
      "type": "Feature",
      "geometry": {
        "type": "Point",
        "coordinates": [
          -48.384142,
          -18.9723219
        ]
      },
      "properties": {
        "codigo": "O-631",
        "endereco": "Rua da Paca, 171, Residencial Pequis, Uberlândia, Minas Gerais, Brasil",
        "qtld": "60 B"
      }
    },
    {
      "type": "Feature",
      "geometry": {
        "type": "Point",
        "coordinates": [
          -48.3840412,
          -18.9753737
        ]
      },
      "properties": {
        "codigo": "O-632",
        "endereco": "Rua do Gato-Palheiro, 170, Residencial Pequis, Uberlândia, Minas Gerais, Brasil",
        "qtld": "45 B"
      }
    },
    {
      "type": "Feature",
      "geometry": {
        "type": "Point",
        "coordinates": [
          -48.3825909,
          -18.9780688
        ]
      },
      "properties": {
        "codigo": "O-633",
        "endereco": "Rua da Suçuarana, 1, Residencial Pequis, Uberlândia, Minas Gerais, Brasil",
        "qtld": "50 A"
      }
    },
    {
      "type": "Feature",
      "geometry": {
        "type": "Point",
        "coordinates": [
          -48.3181278,
          -18.9208351
        ]
      },
      "properties": {
        "codigo": "O-64",
        "endereco": "Rua Orixas, 875, Chacaras Tubalina, Uberlândia, Minas Gerais, Brasil",
        "qtld": "12 D"
      }
    },
    {
      "type": "Feature",
      "geometry": {
        "type": "Point",
        "coordinates": [
          -48.3937548,
          -18.9778878
        ]
      },
      "properties": {
        "codigo": "O-642",
        "endereco": "Avenida Wilson Rodrigues da Silva, 13, Residencial Pequis, Uberlândia, Minas Gerais, Brasil",
        "qtld": "41 C"
      }
    },
    {
      "type": "Feature",
      "geometry": {
        "type": "Point",
        "coordinates": [
          -48.3867224,
          -18.9746658
        ]
      },
      "properties": {
        "codigo": "O-643",
        "endereco": "Avenida Wilson Rodrigues da Silva, 1, Residencial Pequis, Uberlândia, Minas Gerais, Brasil",
        "qtld": "38 D"
      }
    },
    {
      "type": "Feature",
      "geometry": {
        "type": "Point",
        "coordinates": [
          -48.374825,
          -18.9694399
        ]
      },
      "properties": {
        "codigo": "O-645",
        "endereco": "Rua Paturi-Preta, 71, Residencial Pequis, Uberlândia, Minas Gerais, Brasil",
        "qtld": "6A"
      }
    },
    {
      "type": "Feature",
      "geometry": {
        "type": "Point",
        "coordinates": [
          -48.3668348,
          -18.9737218
        ]
      },
      "properties": {
        "codigo": "O-646",
        "endereco": "Rua do Sovi, 1, Residencial Pequis, Uberlândia, Minas Gerais, Brasil",
        "qtld": "10A"
      }
    },
    {
      "type": "Feature",
      "geometry": {
        "type": "Point",
        "coordinates": [
          -48.372198,
          -18.969305
        ]
      },
      "properties": {
        "codigo": "O-647",
        "endereco": "Rua Pato-Mergulhao, 41, Residencial Pequis, Uberlândia, Minas Gerais, Brasil",
        "qtld": "15 C"
      }
    },
    {
      "type": "Feature",
      "geometry": {
        "type": "Point",
        "coordinates": [
          -48.3719955,
          -18.9724193
        ]
      },
      "properties": {
        "codigo": "O-648",
        "endereco": "Avenida Wilson Rodrigues da Silva, 641, Residencial Pequis, Uberlândia, Minas Gerais, Brasil",
        "qtld": "27 C"
      }
    },
    {
      "type": "Feature",
      "geometry": {
        "type": "Point",
        "coordinates": [
          -48.3208735,
          -18.9216894
        ]
      },
      "properties": {
        "codigo": "O-65",
        "endereco": "Rua Orixas, 1230, Chacaras Tubalina, Uberlândia, Minas Gerais, Brasil",
        "qtld": "21 A"
      }
    },
    {
      "type": "Feature",
      "geometry": {
        "type": "Point",
        "coordinates": [
          -48.3691341,
          -18.9755724
        ]
      },
      "properties": {
        "codigo": "O-650",
        "endereco": "Rua do Sai-Azul, 86, Residencial Pequis, Uberlândia, Minas Gerais, Brasil",
        "qtld": "32 A"
      }
    },
    {
      "type": "Feature",
      "geometry": {
        "type": "Point",
        "coordinates": [
          -48.36929749999999,
          -18.9723608
        ]
      },
      "properties": {
        "codigo": "O-651",
        "endereco": "Avenida Wilson Rodrigues da Silva, 381, Residencial Pequis, Uberlândia, Minas Gerais, Brasil",
        "qtld": "26 D"
      }
    },
    {
      "type": "Feature",
      "geometry": {
        "type": "Point",
        "coordinates": [
          -48.3662112,
          -18.9728045
        ]
      },
      "properties": {
        "codigo": "O-652",
        "endereco": "Avenida Wilson Rodrigues da Silva, 71, Residencial Pequis, Uberlândia, Minas Gerais, Brasil",
        "qtld": "25 A"
      }
    },
    {
      "type": "Feature",
      "geometry": {
        "type": "Point",
        "coordinates": [
          -48.3114105,
          -18.9177732
        ]
      },
      "properties": {
        "codigo": "O-66",
        "endereco": "Rua Orixas, 1, Chacaras Tubalina, Uberlândia, Minas Gerais, Brasil",
        "qtld": "9 B"
      }
    },
    {
      "type": "Feature",
      "geometry": {
        "type": "Point",
        "coordinates": [
          -48.3526985,
          -18.9318091
        ]
      },
      "properties": {
        "codigo": "O-665",
        "endereco": "Avenida Mansur, 100, Residencial Fruta Do Conde, Uberlândia, Minas Gerais, Brasil",
        "qtld": "10A"
      }
    },
    {
      "type": "Feature",
      "geometry": {
        "type": "Point",
        "coordinates": [
          -48.3526985,
          -18.9318091
        ]
      },
      "properties": {
        "codigo": "O-671",
        "endereco": "Rua Marcilia Francisca de Oliveira, 1, Residencial Fruta Do Conde, Uberlândia, Minas Gerais, Brasil",
        "qtld": "59 A"
      }
    },
    {
      "type": "Feature",
      "geometry": {
        "type": "Point",
        "coordinates": [
          -48.3526985,
          -18.9318091
        ]
      },
      "properties": {
        "codigo": "O-672",
        "endereco": "Rua Ivo Lanni, 1, Residencial Fruta Do Conde, Uberlândia, Minas Gerais, Brasil",
        "qtld": "17 C"
      }
    },
    {
      "type": "Feature",
      "geometry": {
        "type": "Point",
        "coordinates": [
          -48.3476448,
          -18.9338598
        ]
      },
      "properties": {
        "codigo": "O-674",
        "endereco": "Rua Jose de Oliveira Santos, 240, Residencial Fruta Do Conde, Uberlândia, Minas Gerais, Brasil",
        "qtld": "7 C"
      }
    },
    {
      "type": "Feature",
      "geometry": {
        "type": "Point",
        "coordinates": [
          -48.3526985,
          -18.9318091
        ]
      },
      "properties": {
        "codigo": "O-677",
        "endereco": "Rua Piedade Maria Silva, 1, Residencial Fruta Do Conde, Uberlândia, Minas Gerais, Brasil",
        "qtld": "36 A"
      }
    },
    {
      "type": "Feature",
      "geometry": {
        "type": "Point",
        "coordinates": [
          -48.3526985,
          -18.9318091
        ]
      },
      "properties": {
        "codigo": "O-678",
        "endereco": "Rua Valdo Jose Lemos, 1, Residencial Fruta Do Conde, Uberlândia, Minas Gerais, Brasil",
        "qtld": "42 A"
      }
    },
    {
      "type": "Feature",
      "geometry": {
        "type": "Point",
        "coordinates": [
          -48.35686459999999,
          -18.9308179
        ]
      },
      "properties": {
        "codigo": "O-679",
        "endereco": "Rua Ivo Lanni, 1035, Residencial Fruta do Conde, Uberlândia, Minas Gerais, Brasil",
        "qtld": "43 B"
      }
    },
    {
      "type": "Feature",
      "geometry": {
        "type": "Point",
        "coordinates": [
          -48.31196,
          -18.915252
        ]
      },
      "properties": {
        "codigo": "O-68",
        "endereco": "Rua Ivo Morganti, 1, Dona Zulmira, Uberlândia, Minas Gerais, Brasil",
        "qtld": "21 B"
      }
    },
    {
      "type": "Feature",
      "geometry": {
        "type": "Point",
        "coordinates": [
          -48.3526985,
          -18.9318091
        ]
      },
      "properties": {
        "codigo": "O-680",
        "endereco": "Rua Aparecido Carrijo, 161, Residencial Fruta Do Conde, Uberlândia, Minas Gerais, Brasil",
        "qtld": "66 B"
      }
    },
    {
      "type": "Feature",
      "geometry": {
        "type": "Point",
        "coordinates": [
          -48.3646858,
          -18.9242247
        ]
      },
      "properties": {
        "codigo": "O-682",
        "endereco": "Rua Aparecido Lamanes dos Santos, 1412, Residencial Fruta Do Conde, Uberlândia, Minas Gerais, Brasil",
        "qtld": "76 B"
      }
    },
    {
      "type": "Feature",
      "geometry": {
        "type": "Point",
        "coordinates": [
          -48.3526985,
          -18.9318091
        ]
      },
      "properties": {
        "codigo": "O-687",
        "endereco": "Rua Celso Eugenio da Silva, 1, Residencial Fruta Do Conde, Uberlândia, Minas Gerais, Brasil",
        "qtld": "26 D"
      }
    },
    {
      "type": "Feature",
      "geometry": {
        "type": "Point",
        "coordinates": [
          -48.3084099,
          -18.9128545
        ]
      },
      "properties": {
        "codigo": "O-69",
        "endereco": "Avenida do Oleo, 361, Jaraguá, Uberlândia, Minas Gerais, Brasil",
        "qtld": "10 B"
      }
    },
    {
      "type": "Feature",
      "geometry": {
        "type": "Point",
        "coordinates": [
          -48.3588492,
          -18.9238698
        ]
      },
      "properties": {
        "codigo": "O-692",
        "endereco": "Rua Terezinha Silva Carvalho, 10, Residencial Fruta do Conde, Uberlândia, Minas Gerais, Brasil",
        "qtld": "81 B"
      }
    },
    {
      "type": "Feature",
      "geometry": {
        "type": "Point",
        "coordinates": [
          -48.3634832,
          -18.9250239
        ]
      },
      "properties": {
        "codigo": "O-694",
        "endereco": "Rua Amelia Ferreira de Mendonça, 514, Residencial Fruta do Conde, Uberlândia, Minas Gerais, Brasil",
        "qtld": "79 C"
      }
    },
    {
      "type": "Feature",
      "geometry": {
        "type": "Point",
        "coordinates": [
          -48.3526985,
          -18.9318091
        ]
      },
      "properties": {
        "codigo": "O-697",
        "endereco": "Rua Jose Pena Rispoli, 598, Residencial Fruta Do Conde, Uberlândia, Minas Gerais, Brasil",
        "qtld": "93 D"
      }
    },
    {
      "type": "Feature",
      "geometry": {
        "type": "Point",
        "coordinates": [
          -48.3033727,
          -18.9306057
        ]
      },
      "properties": {
        "codigo": "O-7",
        "endereco": "Rua Das Perobas, 214, Jaraguá, Uberlândia, Minas Gerais, Brasil",
        "qtld": "69 A"
      }
    },
    {
      "type": "Feature",
      "geometry": {
        "type": "Point",
        "coordinates": [
          -48.3134077,
          -18.9106804
        ]
      },
      "properties": {
        "codigo": "O-70",
        "endereco": "Rua Silex, 1, Dona Zulmira, Uberlândia, Minas Gerais, Brasil",
        "qtld": "14 D"
      }
    },
    {
      "type": "Feature",
      "geometry": {
        "type": "Point",
        "coordinates": [
          -48.3451972,
          -18.9238391
        ]
      },
      "properties": {
        "codigo": "O-701",
        "endereco": "Avenida Oswaldo de Freitas, 340, Luizote IV, Uberlândia, Minas Gerais, Brasil",
        "qtld": "3 D"
      }
    },
    {
      "type": "Feature",
      "geometry": {
        "type": "Point",
        "coordinates": [
          -48.345943,
          -18.922784
        ]
      },
      "properties": {
        "codigo": "O-703",
        "endereco": "Rua Jeronymo Chagas, 131, Luizote IV, Uberlândia, Minas Gerais, Brasil",
        "qtld": "11 B"
      }
    },
    {
      "type": "Feature",
      "geometry": {
        "type": "Point",
        "coordinates": [
          -48.3477063,
          -18.9212543
        ]
      },
      "properties": {
        "codigo": "O-704",
        "endereco": "Rua Vilma Silveira Mariano, 40, Luizote IV, Uberlândia, Minas Gerais, Brasil",
        "qtld": "16 D"
      }
    },
    {
      "type": "Feature",
      "geometry": {
        "type": "Point",
        "coordinates": [
          -48.3486032,
          -18.9187548
        ]
      },
      "properties": {
        "codigo": "O-706",
        "endereco": "Rua Debraim Fonseca Arantes, 48, Luizote IV, Uberlândia, Minas Gerais, Brasil",
        "qtld": "27 A"
      }
    },
    {
      "type": "Feature",
      "geometry": {
        "type": "Point",
        "coordinates": [
          -48.3479798,
          -18.9215347
        ]
      },
      "properties": {
        "codigo": "O-707",
        "endereco": "Rua Vilma Silveira Mariano, 1, Luizote IV, Uberlândia, Minas Gerais, Brasil",
        "qtld": "24 B"
      }
    },
    {
      "type": "Feature",
      "geometry": {
        "type": "Point",
        "coordinates": [
          -48.3488403,
          -18.9185852
        ]
      },
      "properties": {
        "codigo": "O-709",
        "endereco": "Rua Debraim Fonseca Arantes, 110, Luizote IV, Uberlândia, Minas Gerais, Brasil",
        "qtld": "28 A"
      }
    },
    {
      "type": "Feature",
      "geometry": {
        "type": "Point",
        "coordinates": [
          -48.3152208,
          -18.9124975
        ]
      },
      "properties": {
        "codigo": "O-71",
        "endereco": "Rua Opala, 492, Dona Zulmira, Uberlândia, Minas Gerais, Brasil",
        "qtld": "28 A"
      }
    },
    {
      "type": "Feature",
      "geometry": {
        "type": "Point",
        "coordinates": [
          -48.3095227,
          -18.9096527
        ]
      },
      "properties": {
        "codigo": "O-72",
        "endereco": "Avenida Juscelino Kubitscheck, 337, Dona Zulmira, Uberlândia, Minas Gerais, Brasil",
        "qtld": "2 C"
      }
    },
    {
      "type": "Feature",
      "geometry": {
        "type": "Point",
        "coordinates": [
          -48.2597399,
          -18.8611654
        ]
      },
      "properties": {
        "codigo": "O-720",
        "endereco": "Rodovia 497, Anel Viario Ayrton Senna, Km 2, Chacaras Parque Maravilha, Uberlândia, Minas Gerais, Brasil",
        "qtld": "5 C"
      }
    },
    {
      "type": "Feature",
      "geometry": {
        "type": "Point",
        "coordinates": [
          -48.2597399,
          -18.8611654
        ]
      },
      "properties": {
        "codigo": "O-721",
        "endereco": "Rodovia 497, Anel Viario Ayrton Senna, Km 2,1, Chacaras Parque Maravilha, Uberlândia, Minas Gerais, Brasil",
        "qtld": "5 C"
      }
    },
    {
      "type": "Feature",
      "geometry": {
        "type": "Point",
        "coordinates": [
          -48.2597399,
          -18.8611654
        ]
      },
      "properties": {
        "codigo": "O-723",
        "endereco": "Rodovia 497, Anel Viario Ayrton Senna, Km 2, Chacaras Parque Maravilha, Uberlândia, Minas Gerais, Brasil",
        "qtld": "5 C"
      }
    },
    {
      "type": "Feature",
      "geometry": {
        "type": "Point",
        "coordinates": [
          -48.2597399,
          -18.8611654
        ]
      },
      "properties": {
        "codigo": "O-724",
        "endereco": "Rodovia 497, Anel Viario Ayrton Senna, Km 1480, Chacaras Parque Maravilha, Uberlândia, Minas Gerais, Brasil",
        "qtld": "5 C"
      }
    },
    {
      "type": "Feature",
      "geometry": {
        "type": "Point",
        "coordinates": [
          -48.2597399,
          -18.8611654
        ]
      },
      "properties": {
        "codigo": "O-727",
        "endereco": "Rodovia 497, Anel Viario Ayrton Senna, Km 1480, Chacaras Parque Maravilha, Uberlândia, Minas Gerais, Brasil",
        "qtld": "5 C"
      }
    },
    {
      "type": "Feature",
      "geometry": {
        "type": "Point",
        "coordinates": [
          -48.2597399,
          -18.8611654
        ]
      },
      "properties": {
        "codigo": "O-728",
        "endereco": "Rodovia 497, Anel Viario Ayrton Senna, Km 1480, Chacaras Parque Maravilha, Uberlândia, Minas Gerais, Brasil",
        "qtld": "5 C"
      }
    },
    {
      "type": "Feature",
      "geometry": {
        "type": "Point",
        "coordinates": [
          -48.2597399,
          -18.8611654
        ]
      },
      "properties": {
        "codigo": "O-729",
        "endereco": "Rodovia 497, Anel Viario Ayrton Senna, Km 1300, Chacaras Parque Maravilha, Uberlândia, Minas Gerais, Brasil",
        "qtld": "5 C"
      }
    },
    {
      "type": "Feature",
      "geometry": {
        "type": "Point",
        "coordinates": [
          -48.3112149,
          -18.909213
        ]
      },
      "properties": {
        "codigo": "O-73",
        "endereco": "Rua Marmore, 1, Dona Zulmira, Uberlândia, Minas Gerais, Brasil",
        "qtld": "3 D"
      }
    },
    {
      "type": "Feature",
      "geometry": {
        "type": "Point",
        "coordinates": [
          -48.3392079,
          -18.907916
        ]
      },
      "properties": {
        "codigo": "O-730",
        "endereco": "Rua Anderson Alves, 30, Chacaras Parque Maravilha, Uberlândia, Minas Gerais, Brasil",
        "qtld": "12 B"
      }
    },
    {
      "type": "Feature",
      "geometry": {
        "type": "Point",
        "coordinates": [
          -48.3403471,
          -18.9104708
        ]
      },
      "properties": {
        "codigo": "O-731",
        "endereco": "Rua Napoleao Carneiro, 10, Chacaras Parque Maravilha, Uberlândia, Minas Gerais, Brasil",
        "qtld": "7A"
      }
    },
    {
      "type": "Feature",
      "geometry": {
        "type": "Point",
        "coordinates": [
          -48.34738919999999,
          -18.9056977
        ]
      },
      "properties": {
        "codigo": "O-734",
        "endereco": "Rua Excelencia Dominante, 1, Chacaras Parque Maravilha, Uberlândia, Minas Gerais, Brasil",
        "qtld": "20 C"
      }
    },
    {
      "type": "Feature",
      "geometry": {
        "type": "Point",
        "coordinates": [
          -48.3178985,
          -18.9106462
        ]
      },
      "properties": {
        "codigo": "O-74",
        "endereco": "Avenida Jose Fonseca e Silva, 472, Dona Zulmira, Uberlândia, Minas Gerais, Brasil",
        "qtld": "41 C"
      }
    },
    {
      "type": "Feature",
      "geometry": {
        "type": "Point",
        "coordinates": [
          -48.34738919999999,
          -18.9056977
        ]
      },
      "properties": {
        "codigo": "O-741",
        "endereco": "Rua Flor da India, 95, Chacaras Parque Maravilha, Uberlândia, Minas Gerais, Brasil",
        "qtld": "2 B"
      }
    },
    {
      "type": "Feature",
      "geometry": {
        "type": "Point",
        "coordinates": [
          -48.3181823,
          -18.9097314
        ]
      },
      "properties": {
        "codigo": "O-75",
        "endereco": "Rua Piralite, 273, Dona Zulmira, Uberlândia, Minas Gerais, Brasil",
        "qtld": "43 A"
      }
    },
    {
      "type": "Feature",
      "geometry": {
        "type": "Point",
        "coordinates": [
          -48.3182287,
          -18.9070305
        ]
      },
      "properties": {
        "codigo": "O-76",
        "endereco": "Avenida Juscelino Kubitscheck, 1275, Dona Zulmira, Uberlândia, Minas Gerais, Brasil",
        "qtld": "50 C"
      }
    },
    {
      "type": "Feature",
      "geometry": {
        "type": "Point",
        "coordinates": [
          -48.3208,
          -18.9072452
        ]
      },
      "properties": {
        "codigo": "O-77",
        "endereco": "Rua Diamante, 1, Dona Zulmira, Uberlândia, Minas Gerais, Brasil",
        "qtld": "58 C"
      }
    },
    {
      "type": "Feature",
      "geometry": {
        "type": "Point",
        "coordinates": [
          -48.3208,
          -18.9072452
        ]
      },
      "properties": {
        "codigo": "O-78",
        "endereco": "Rua Diamante, 1, Dona Zulmira, Uberlândia, Minas Gerais, Brasil",
        "qtld": "58 C"
      }
    },
    {
      "type": "Feature",
      "geometry": {
        "type": "Point",
        "coordinates": [
          -48.3277842,
          -18.9072504
        ]
      },
      "properties": {
        "codigo": "O-79",
        "endereco": "Rua Reino Arruda, 1, Jardim Patricia, Uberlândia, Minas Gerais, Brasil",
        "qtld": "95 B"
      }
    },
    {
      "type": "Feature",
      "geometry": {
        "type": "Point",
        "coordinates": [
          -48.30341629999999,
          -18.9276519
        ]
      },
      "properties": {
        "codigo": "O-8",
        "endereco": "Rua Das Aroeiras, 463, Jaraguá, Uberlândia, Minas Gerais, Brasil",
        "qtld": "68 A"
      }
    },
    {
      "type": "Feature",
      "geometry": {
        "type": "Point",
        "coordinates": [
          -48.3284052,
          -18.9062958
        ]
      },
      "properties": {
        "codigo": "O-80",
        "endereco": "Rua Jose Martins de Rezende, 1, Jardim Patricia, Uberlândia, Minas Gerais, Brasil",
        "qtld": "88 B"
      }
    },
    {
      "type": "Feature",
      "geometry": {
        "type": "Point",
        "coordinates": [
          -48.3320077,
          -18.9104022
        ]
      },
      "properties": {
        "codigo": "O-81",
        "endereco": "Rua Geraldo Vieira Mota, 1, Jardim Patricia, Uberlândia, Minas Gerais, Brasil",
        "qtld": "79 C"
      }
    },
    {
      "type": "Feature",
      "geometry": {
        "type": "Point",
        "coordinates": [
          -48.3301536,
          -18.9095177
        ]
      },
      "properties": {
        "codigo": "O-82",
        "endereco": "Rua Joao Bernardes Silva, 1075, Jardim Patricia, Uberlândia, Minas Gerais, Brasil",
        "qtld": "87 D"
      }
    },
    {
      "type": "Feature",
      "geometry": {
        "type": "Point",
        "coordinates": [
          -48.32710789999999,
          -18.9093521
        ]
      },
      "properties": {
        "codigo": "O-83",
        "endereco": "Avenida Gabriela Juqueira Freitas, 333, Jardim Patricia, Uberlândia, Minas Gerais, Brasil",
        "qtld": "76 D"
      }
    },
    {
      "type": "Feature",
      "geometry": {
        "type": "Point",
        "coordinates": [
          -48.32422529999999,
          -18.9094879
        ]
      },
      "properties": {
        "codigo": "O-84",
        "endereco": "Rua Fluorita, 123, Jardim Patricia, Uberlândia, Minas Gerais, Brasil",
        "qtld": "66 B"
      }
    },
    {
      "type": "Feature",
      "geometry": {
        "type": "Point",
        "coordinates": [
          -48.3209937,
          -18.9095442
        ]
      },
      "properties": {
        "codigo": "O-85",
        "endereco": "Avenida Aspirante Mega, 3005, Jardim Patricia, Uberlândia, Minas Gerais, Brasil",
        "qtld": "62 D"
      }
    },
    {
      "type": "Feature",
      "geometry": {
        "type": "Point",
        "coordinates": [
          -48.3299494,
          -18.9119567
        ]
      },
      "properties": {
        "codigo": "O-86",
        "endereco": "Rua Joao Rodrigues de Castro, 355, Jardim Patricia, Uberlândia, Minas Gerais, Brasil",
        "qtld": "72 C"
      }
    },
    {
      "type": "Feature",
      "geometry": {
        "type": "Point",
        "coordinates": [
          -48.3268146,
          -18.9123904
        ]
      },
      "properties": {
        "codigo": "O-87",
        "endereco": "Avenida dos Eucaliptos, 820, Jardim Patricia, Uberlândia, Minas Gerais, Brasil",
        "qtld": "72 A"
      }
    },
    {
      "type": "Feature",
      "geometry": {
        "type": "Point",
        "coordinates": [
          -48.32422529999999,
          -18.9126032
        ]
      },
      "properties": {
        "codigo": "O-88",
        "endereco": "Avenida Jose Fonseca e Silva, 1189, Jardim Patricia, Uberlândia, Minas Gerais, Brasil",
        "qtld": "28 B"
      }
    },
    {
      "type": "Feature",
      "geometry": {
        "type": "Point",
        "coordinates": [
          -48.3211616,
          -18.912779
        ]
      },
      "properties": {
        "codigo": "O-89",
        "endereco": "Rua Dona Inhazinha, 174, Jardim Patricia, Uberlândia, Minas Gerais, Brasil",
        "qtld": "26 B"
      }
    },
    {
      "type": "Feature",
      "geometry": {
        "type": "Point",
        "coordinates": [
          -48.3032141,
          -18.9246221
        ]
      },
      "properties": {
        "codigo": "O-9",
        "endereco": "Rua Cerejeiras, 471, Jaraguá, Uberlândia, Minas Gerais, Brasil",
        "qtld": "48 B"
      }
    },
    {
      "type": "Feature",
      "geometry": {
        "type": "Point",
        "coordinates": [
          -48.31843199999999,
          -18.912705
        ]
      },
      "properties": {
        "codigo": "O-90",
        "endereco": "Rua Glycerio Assis Pereira, 222, Jardim Patricia, Uberlândia, Minas Gerais, Brasil",
        "qtld": "3 C"
      }
    },
    {
      "type": "Feature",
      "geometry": {
        "type": "Point",
        "coordinates": [
          -48.321259,
          -18.9156683
        ]
      },
      "properties": {
        "codigo": "O-91",
        "endereco": "Rua Vicente de Paula, 110, Jardim Patricia, Uberlândia, Minas Gerais, Brasil",
        "qtld": "34 C"
      }
    },
    {
      "type": "Feature",
      "geometry": {
        "type": "Point",
        "coordinates": [
          -48.318417,
          -18.9155921
        ]
      },
      "properties": {
        "codigo": "O-92",
        "endereco": "Rua Gentil Freitas Macedo, 150, Jardim Patricia, Uberlândia, Minas Gerais, Brasil",
        "qtld": "20 B"
      }
    },
    {
      "type": "Feature",
      "geometry": {
        "type": "Point",
        "coordinates": [
          -48.3149307,
          -18.9162304
        ]
      },
      "properties": {
        "codigo": "O-93",
        "endereco": "Rua Aristides Rodrigues da Silva, 173, Jardim Patricia, Uberlândia, Minas Gerais, Brasil",
        "qtld": "11A"
      }
    },
    {
      "type": "Feature",
      "geometry": {
        "type": "Point",
        "coordinates": [
          -48.319973,
          -18.919118
        ]
      },
      "properties": {
        "codigo": "O-95",
        "endereco": "Rua Eduardo Segadaes, 1, Jardim Patricia, Uberlândia, Minas Gerais, Brasil",
        "qtld": "41 A"
      }
    },
    {
      "type": "Feature",
      "geometry": {
        "type": "Point",
        "coordinates": [
          -48.3214403,
          -18.9186847
        ]
      },
      "properties": {
        "codigo": "O-96",
        "endereco": "Rua Professor Joaquim Roberto, 35, Jardim Patricia, Uberlândia, Minas Gerais, Brasil",
        "qtld": "43 B"
      }
    },
    {
      "type": "Feature",
      "geometry": {
        "type": "Point",
        "coordinates": [
          -48.3241429,
          -18.9155629
        ]
      },
      "properties": {
        "codigo": "O-97",
        "endereco": "Rua Jose Custodio Sobrinho, 277, Jardim Patricia, Uberlândia, Minas Gerais, Brasil",
        "qtld": "50 C"
      }
    },
    {
      "type": "Feature",
      "geometry": {
        "type": "Point",
        "coordinates": [
          -48.3243612,
          -18.91848647
        ]
      },
      "properties": {
        "codigo": "O-98",
        "endereco": "Rua Osvaldo Samora, 1, Luizote De Freitas, Uberlândia, Minas Gerais, Brasil",
        "qtld": "20"
      }
    },
    {
      "type": "Feature",
      "geometry": {
        "type": "Point",
        "coordinates": [
          -48.3243965,
          -18.92170338
        ]
      },
      "properties": {
        "codigo": "O-99",
        "endereco": "Rua Joao David, 26, Luizote De Freitas, Uberlândia, Minas Gerais, Brasil",
        "qtld": "34"
      }
    },
    {
      "type": "Feature",
      "geometry": {
        "type": "Point",
        "coordinates": [
          -48.2618336,
          -18.9125696
        ]
      },
      "properties": {
        "codigo": "S-1",
        "endereco": "Avenida Rondon Pacheco, 4094, Saraiva, Uberlândia, Minas Gerais, Brasil",
        "qtld": "4 D"
      }
    },
    {
      "type": "Feature",
      "geometry": {
        "type": "Point",
        "coordinates": [
          -48.264533,
          -18.9276111
        ]
      },
      "properties": {
        "codigo": "S-10",
        "endereco": "Rua Machado de Assis, 2204, Saraiva, Uberlândia, Minas Gerais, Brasil",
        "qtld": "100 D"
      }
    },
    {
      "type": "Feature",
      "geometry": {
        "type": "Point",
        "coordinates": [
          -48.300332,
          -18.9368196
        ]
      },
      "properties": {
        "codigo": "S-100",
        "endereco": "Rua Senhor dos Passos, 590, Tubalina, Uberlândia, Minas Gerais, Brasil",
        "qtld": "107 B"
      }
    },
    {
      "type": "Feature",
      "geometry": {
        "type": "Point",
        "coordinates": [
          -48.2973288,
          -18.9365882
        ]
      },
      "properties": {
        "codigo": "S-101",
        "endereco": "Rua Tome de Souza, 879, Tubalina, Uberlândia, Minas Gerais, Brasil",
        "qtld": "23 B"
      }
    },
    {
      "type": "Feature",
      "geometry": {
        "type": "Point",
        "coordinates": [
          -48.2974521,
          -18.9395494
        ]
      },
      "properties": {
        "codigo": "S-102",
        "endereco": "Rua Graça Aranha, 355, Tubalina, Uberlândia, Minas Gerais, Brasil",
        "qtld": "34 C"
      }
    },
    {
      "type": "Feature",
      "geometry": {
        "type": "Point",
        "coordinates": [
          -48.3005969,
          -18.9395277
        ]
      },
      "properties": {
        "codigo": "S-103",
        "endereco": "Avenida Silvio Rugani, 1299, Tubalina, Uberlândia, Minas Gerais, Brasil",
        "qtld": "50 B"
      }
    },
    {
      "type": "Feature",
      "geometry": {
        "type": "Point",
        "coordinates": [
          -48.303404,
          -18.9394515
        ]
      },
      "properties": {
        "codigo": "S-104",
        "endereco": "Rua Campos Sales, 699, Tubalina, Uberlândia, Minas Gerais, Brasil",
        "qtld": "67 B"
      }
    },
    {
      "type": "Feature",
      "geometry": {
        "type": "Point",
        "coordinates": [
          -48.2952915,
          -18.9518061
        ]
      },
      "properties": {
        "codigo": "S-105",
        "endereco": "Alameda dos Angelins, 1, Condomínio Jardins Barcelona, Uberlândia, Minas Gerais, Brasil",
        "qtld": "2 D"
      }
    },
    {
      "type": "Feature",
      "geometry": {
        "type": "Point",
        "coordinates": [
          -48.2942578,
          -18.9546582
        ]
      },
      "properties": {
        "codigo": "S-106",
        "endereco": "Alameda dos Amarilis, 70, Condomínio Jardins Barcelona, Uberlândia, Minas Gerais, Brasil",
        "qtld": "17 C"
      }
    },
    {
      "type": "Feature",
      "geometry": {
        "type": "Point",
        "coordinates": [
          -48.2964658,
          -18.9513491
        ]
      },
      "properties": {
        "codigo": "S-107",
        "endereco": "Alameda dos Angelins, 225, Condomínio Jardins Barcelona, Uberlândia, Minas Gerais, Brasil",
        "qtld": "5 D"
      }
    },
    {
      "type": "Feature",
      "geometry": {
        "type": "Point",
        "coordinates": [
          -48.2974027,
          -18.9547682
        ]
      },
      "properties": {
        "codigo": "S-108",
        "endereco": "Alameda das Caliandras, 80, Condomínio Jardins Barcelona, Uberlândia, Minas Gerais, Brasil",
        "qtld": "9A"
      }
    },
    {
      "type": "Feature",
      "geometry": {
        "type": "Point",
        "coordinates": [
          -48.295148,
          -18.9565996
        ]
      },
      "properties": {
        "codigo": "S-109",
        "endereco": "Rua Dos Pica Paus, 1750, Condominio Jardins Roma, Uberlândia, Minas Gerais, Brasil",
        "qtld": "3 B"
      }
    },
    {
      "type": "Feature",
      "geometry": {
        "type": "Point",
        "coordinates": [
          -48.1946805,
          -18.9132273
        ]
      },
      "properties": {
        "codigo": "S-11",
        "endereco": "Rua São Francisco, 1, Saraiva, Uberlândia, Minas Gerais, Brasil",
        "qtld": "107 C"
      }
    },
    {
      "type": "Feature",
      "geometry": {
        "type": "Point",
        "coordinates": [
          -48.2944384,
          -18.9573886
        ]
      },
      "properties": {
        "codigo": "S-110",
        "endereco": "Alameda dos Cambuis, 125, Condominio Jardins Roma, Uberlândia, Minas Gerais, Brasil",
        "qtld": "1 O"
      }
    },
    {
      "type": "Feature",
      "geometry": {
        "type": "Point",
        "coordinates": [
          -48.2942137,
          -18.9565298
        ]
      },
      "properties": {
        "codigo": "S-111",
        "endereco": "Alameda das Copaibeiras, 1, Condominio Jardins Roma, Uberlândia, Minas Gerais, Brasil",
        "qtld": "1 I"
      }
    },
    {
      "type": "Feature",
      "geometry": {
        "type": "Point",
        "coordinates": [
          -48.295148,
          -18.9565996
        ]
      },
      "properties": {
        "codigo": "S-112",
        "endereco": "Rua Dos Pica Paus, 1750, Condominio Jardins Roma, Uberlândia, Minas Gerais, Brasil",
        "qtld": "17 A"
      }
    },
    {
      "type": "Feature",
      "geometry": {
        "type": "Point",
        "coordinates": [
          -48.2979672,
          -18.9643619
        ]
      },
      "properties": {
        "codigo": "S-113",
        "endereco": "Alameda dos Bouganvilles, 141, Condominio Jardins Genova, Uberlândia, Minas Gerais, Brasil",
        "qtld": "19 C"
      }
    },
    {
      "type": "Feature",
      "geometry": {
        "type": "Point",
        "coordinates": [
          -48.2943264,
          -18.9628523
        ]
      },
      "properties": {
        "codigo": "S-114",
        "endereco": "Alameda dos Lisiantos, 150, Condominio Jardins Genova, Uberlândia, Minas Gerais, Brasil",
        "qtld": "10A"
      }
    },
    {
      "type": "Feature",
      "geometry": {
        "type": "Point",
        "coordinates": [
          -48.2970163,
          -18.966741
        ]
      },
      "properties": {
        "codigo": "S-115",
        "endereco": "Alameda das Aliteias, 60, Condominio Jardins Genova, Uberlândia, Minas Gerais, Brasil",
        "qtld": "2A"
      }
    },
    {
      "type": "Feature",
      "geometry": {
        "type": "Point",
        "coordinates": [
          -48.3004233,
          -18.9662349
        ]
      },
      "properties": {
        "codigo": "S-116",
        "endereco": "Alameda das Colombianas, 281, Condominio Jardins Genova, Uberlândia, Minas Gerais, Brasil",
        "qtld": "24 C"
      }
    },
    {
      "type": "Feature",
      "geometry": {
        "type": "Point",
        "coordinates": [
          -48.3004548,
          -18.9518566
        ]
      },
      "properties": {
        "codigo": "S-117",
        "endereco": "Rua Mairy da Rocha, 30, Nova Uberlândia, Uberlândia, Minas Gerais, Brasil",
        "qtld": "11 D"
      }
    },
    {
      "type": "Feature",
      "geometry": {
        "type": "Point",
        "coordinates": [
          -48.3003072,
          -18.9542823
        ]
      },
      "properties": {
        "codigo": "S-118",
        "endereco": "Rua Siomaria Alves Ferreira, 149, Nova Uberlândia, Uberlândia, Minas Gerais, Brasil",
        "qtld": "16 B"
      }
    },
    {
      "type": "Feature",
      "geometry": {
        "type": "Point",
        "coordinates": [
          -48.3067833,
          -18.9505199
        ]
      },
      "properties": {
        "codigo": "S-119",
        "endereco": "Rua dos Acantos, 1, Nova Uberlândia, Uberlândia, Minas Gerais, Brasil",
        "qtld": "31 D"
      }
    },
    {
      "type": "Feature",
      "geometry": {
        "type": "Point",
        "coordinates": [
          -48.1950725,
          -18.9129582
        ]
      },
      "properties": {
        "codigo": "S-12",
        "endereco": "Rua São Francisco, 1300, Lagoinha, Uberlândia, Minas Gerais, Brasil",
        "qtld": "45 C"
      }
    },
    {
      "type": "Feature",
      "geometry": {
        "type": "Point",
        "coordinates": [
          -48.2999066,
          -18.9599492
        ]
      },
      "properties": {
        "codigo": "S-120",
        "endereco": "Alameda Lafayete, 256, Cond. Jardim Versailles, Uberlândia, Minas Gerais, Brasil",
        "qtld": "7 B"
      }
    },
    {
      "type": "Feature",
      "geometry": {
        "type": "Point",
        "coordinates": [
          -48.3032826,
          -18.9597284
        ]
      },
      "properties": {
        "codigo": "S-121",
        "endereco": "Alameda La Seine, 1770, Cond. Jardim Versailles, Uberlândia, Minas Gerais, Brasil",
        "qtld": "13 C"
      }
    },
    {
      "type": "Feature",
      "geometry": {
        "type": "Point",
        "coordinates": [
          -48.3067833,
          -18.9505199
        ]
      },
      "properties": {
        "codigo": "S-122",
        "endereco": "Rua dos Acantos, 1, Nova Uberlândia, Uberlândia, Minas Gerais, Brasil",
        "qtld": "30 A"
      }
    },
    {
      "type": "Feature",
      "geometry": {
        "type": "Point",
        "coordinates": [
          -48.3032299,
          -18.9541426
        ]
      },
      "properties": {
        "codigo": "S-123",
        "endereco": "Avenida Alexi Abrahao, 388, Nova Uberlândia, Uberlândia, Minas Gerais, Brasil",
        "qtld": "22 A"
      }
    },
    {
      "type": "Feature",
      "geometry": {
        "type": "Point",
        "coordinates": [
          -48.3062681,
          -18.9547537
        ]
      },
      "properties": {
        "codigo": "S-125",
        "endereco": "Avenida Alexi Abrahao, 48, Nova Uberlândia, Uberlândia, Minas Gerais, Brasil",
        "qtld": "24 B"
      }
    },
    {
      "type": "Feature",
      "geometry": {
        "type": "Point",
        "coordinates": [
          -48.3067272,
          -18.9561368
        ]
      },
      "properties": {
        "codigo": "S-126",
        "endereco": "Avenida Joao Patrus de Souza, 1, Nova Uberlândia, Uberlândia, Minas Gerais, Brasil",
        "qtld": "28 D"
      }
    },
    {
      "type": "Feature",
      "geometry": {
        "type": "Point",
        "coordinates": [
          -48.3061592,
          -18.9394375
        ]
      },
      "properties": {
        "codigo": "S-128",
        "endereco": "Rua Visconde de Piraja, 198, Tubalina, Uberlândia, Minas Gerais, Brasil",
        "qtld": "60 A"
      }
    },
    {
      "type": "Feature",
      "geometry": {
        "type": "Point",
        "coordinates": [
          -48.2735349,
          -18.9362922
        ]
      },
      "properties": {
        "codigo": "S-133",
        "endereco": "Avenida Nicomedes Alves dos Santos, 1613, Jardim Karaiba, Uberlândia, Minas Gerais, Brasil",
        "qtld": "1 E"
      }
    },
    {
      "type": "Feature",
      "geometry": {
        "type": "Point",
        "coordinates": [
          -48.2810147,
          -18.9241835
        ]
      },
      "properties": {
        "codigo": "S-134",
        "endereco": "Avenida Nicomedes Alves dos Santos, 1, Jardim Karaiba, Uberlândia, Minas Gerais, Brasil",
        "qtld": "10 B"
      }
    },
    {
      "type": "Feature",
      "geometry": {
        "type": "Point",
        "coordinates": [
          -48.2726402,
          -18.9432133
        ]
      },
      "properties": {
        "codigo": "S-135",
        "endereco": "Avenida Nicomedes Alves dos Santos, 2383, Jardim Karaiba, Uberlândia, Minas Gerais, Brasil",
        "qtld": "35 D"
      }
    },
    {
      "type": "Feature",
      "geometry": {
        "type": "Point",
        "coordinates": [
          -48.2724179,
          -18.9457241
        ]
      },
      "properties": {
        "codigo": "S-136",
        "endereco": "Alameda Antonio Scanapiecco, 2803, Jardim Karaiba, Uberlândia, Minas Gerais, Brasil",
        "qtld": "51 A"
      }
    },
    {
      "type": "Feature",
      "geometry": {
        "type": "Point",
        "coordinates": [
          -48.2810147,
          -18.9241835
        ]
      },
      "properties": {
        "codigo": "S-137",
        "endereco": "Avenida Nicomedes Alves dos Santos, 1, Jardim Karaiba, Uberlândia, Minas Gerais, Brasil",
        "qtld": "55 A"
      }
    },
    {
      "type": "Feature",
      "geometry": {
        "type": "Point",
        "coordinates": [
          -48.2729436,
          -18.9517552
        ]
      },
      "properties": {
        "codigo": "S-138",
        "endereco": "Avenida dos Vinhedos, 1, Jardim Karaiba, Uberlândia, Minas Gerais, Brasil",
        "qtld": "56 C"
      }
    },
    {
      "type": "Feature",
      "geometry": {
        "type": "Point",
        "coordinates": [
          -48.2704187,
          -18.9522875
        ]
      },
      "properties": {
        "codigo": "S-139",
        "endereco": "Rua José Elias, 71, Jardim Karaiba, Uberlândia, Minas Gerais, Brasil",
        "qtld": "63 E"
      }
    },
    {
      "type": "Feature",
      "geometry": {
        "type": "Point",
        "coordinates": [
          -48.2555667,
          -18.9305537
        ]
      },
      "properties": {
        "codigo": "S-14",
        "endereco": "Rua Walace, 365, Lagoinha, Uberlândia, Minas Gerais, Brasil",
        "qtld": "73 D"
      }
    },
    {
      "type": "Feature",
      "geometry": {
        "type": "Point",
        "coordinates": [
          -48.2694745,
          -18.9468451
        ]
      },
      "properties": {
        "codigo": "S-140",
        "endereco": "Rua Rafael Marino Neto, 600, Jardim Karaiba, Uberlândia, Minas Gerais, Brasil",
        "qtld": "63 A"
      }
    },
    {
      "type": "Feature",
      "geometry": {
        "type": "Point",
        "coordinates": [
          -48.2704933,
          -18.9456403
        ]
      },
      "properties": {
        "codigo": "S-141",
        "endereco": "Rua Marco Aurelio Gonçalves, 70, Jardim Karaiba, Uberlândia, Minas Gerais, Brasil",
        "qtld": "47 C"
      }
    },
    {
      "type": "Feature",
      "geometry": {
        "type": "Point",
        "coordinates": [
          -48.270594,
          -18.9424708
        ]
      },
      "properties": {
        "codigo": "S-142",
        "endereco": "Rua Marcolino Ribeiro, 92, Jardim Karaiba, Uberlândia, Minas Gerais, Brasil",
        "qtld": "34 C"
      }
    },
    {
      "type": "Feature",
      "geometry": {
        "type": "Point",
        "coordinates": [
          -48.2693337,
          -18.9387087
        ]
      },
      "properties": {
        "codigo": "S-143",
        "endereco": "Alameda das Minas de Ouro, 1, Jardim Karaiba, Uberlândia, Minas Gerais, Brasil",
        "qtld": "11 C"
      }
    },
    {
      "type": "Feature",
      "geometry": {
        "type": "Point",
        "coordinates": [
          -48.2700492,
          -18.9365394
        ]
      },
      "properties": {
        "codigo": "S-144",
        "endereco": "Alameda Grande Loja do Oriente, 1103, Jardim Karaiba, Uberlândia, Minas Gerais, Brasil",
        "qtld": "5 B"
      }
    },
    {
      "type": "Feature",
      "geometry": {
        "type": "Point",
        "coordinates": [
          -48.263799,
          -18.9381609
        ]
      },
      "properties": {
        "codigo": "S-145",
        "endereco": "Alameda Maria de Dirceu, 1, Jardim Karaiba, Uberlândia, Minas Gerais, Brasil",
        "qtld": "6A"
      }
    },
    {
      "type": "Feature",
      "geometry": {
        "type": "Point",
        "coordinates": [
          -48.2682297,
          -18.9393025
        ]
      },
      "properties": {
        "codigo": "S-146",
        "endereco": "Alameda das Cartas Chilenas, 1, Nova Uberlândia, Uberlândia, Minas Gerais, Brasil",
        "qtld": "17 A"
      }
    },
    {
      "type": "Feature",
      "geometry": {
        "type": "Point",
        "coordinates": [
          -48.2671208,
          -18.9425143
        ]
      },
      "properties": {
        "codigo": "S-147",
        "endereco": "Rua Marcolino Ribeiro, 481, Jardim Karaiba, Uberlândia, Minas Gerais, Brasil",
        "qtld": "30 C"
      }
    },
    {
      "type": "Feature",
      "geometry": {
        "type": "Point",
        "coordinates": [
          -48.26739980000001,
          -18.9459921
        ]
      },
      "properties": {
        "codigo": "S-148",
        "endereco": "Rua Ananias de Paula Costa, 433, Jardim Karaiba, Uberlândia, Minas Gerais, Brasil",
        "qtld": "43 C"
      }
    },
    {
      "type": "Feature",
      "geometry": {
        "type": "Point",
        "coordinates": [
          -48.2582099,
          -18.9305648
        ]
      },
      "properties": {
        "codigo": "S-15",
        "endereco": "Rua Platao, 68, Lagoinha, Uberlândia, Minas Gerais, Brasil",
        "qtld": "40 D"
      }
    },
    {
      "type": "Feature",
      "geometry": {
        "type": "Point",
        "coordinates": [
          -48.2675636,
          -18.9517919
        ]
      },
      "properties": {
        "codigo": "S-150",
        "endereco": "Rua Jose Elias, 200, Jardim Karaiba, Uberlândia, Minas Gerais, Brasil",
        "qtld": "63 B"
      }
    },
    {
      "type": "Feature",
      "geometry": {
        "type": "Point",
        "coordinates": [
          -48.26491,
          -18.9531227
        ]
      },
      "properties": {
        "codigo": "S-151",
        "endereco": "Rua Olhos D'agua, 135, Condominio Bosque Karaiba, Uberlândia, Minas Gerais, Brasil",
        "qtld": "5B"
      }
    },
    {
      "type": "Feature",
      "geometry": {
        "type": "Point",
        "coordinates": [
          -48.2734013,
          -18.9444641
        ]
      },
      "properties": {
        "codigo": "S-152",
        "endereco": "Rua Rafael Marinho Neto (Rua 5 Nº 60), 800, Condominio Village Karaiba, Uberlândia, Minas Gerais, Brasil",
        "qtld": "2 B"
      }
    },
    {
      "type": "Feature",
      "geometry": {
        "type": "Point",
        "coordinates": [
          -48.2648269,
          -18.9454957
        ]
      },
      "properties": {
        "codigo": "S-153",
        "endereco": "Rua João Severiano Rodrigues da Cunha (Rua VI 05 Nº 131), 860, Condominio Villa dos Ipes, Uberlândia, Minas Gerais, Brasil",
        "qtld": "7A"
      }
    },
    {
      "type": "Feature",
      "geometry": {
        "type": "Point",
        "coordinates": [
          -48.2648269,
          -18.9454957
        ]
      },
      "properties": {
        "codigo": "S-154",
        "endereco": "Rua João Severiano Rodrigues da Cunha (Rua VI 01 Nº OUT), 860, Condominio Villa dos Ipes, Uberlândia, Minas Gerais, Brasil",
        "qtld": "7 B"
      }
    },
    {
      "type": "Feature",
      "geometry": {
        "type": "Point",
        "coordinates": [
          -48.2639983,
          -18.9450598
        ]
      },
      "properties": {
        "codigo": "S-155",
        "endereco": "Rua João Severiano Rodrigues da Cunha (Rua VS 04 nº42), 879, Condominio Villa do Sol, Uberlândia, Minas Gerais, Brasil",
        "qtld": "1 D"
      }
    },
    {
      "type": "Feature",
      "geometry": {
        "type": "Point",
        "coordinates": [
          -48.2613801,
          -18.9454002
        ]
      },
      "properties": {
        "codigo": "S-156",
        "endereco": "Rua Arua, 85, Jardim Karaiba, Uberlândia, Minas Gerais, Brasil",
        "qtld": "68 A"
      }
    },
    {
      "type": "Feature",
      "geometry": {
        "type": "Point",
        "coordinates": [
          -48.2615047,
          -18.9486277
        ]
      },
      "properties": {
        "codigo": "S-157",
        "endereco": "Rua Pirapua, 181, Jardim Karaiba, Uberlândia, Minas Gerais, Brasil",
        "qtld": "74 B"
      }
    },
    {
      "type": "Feature",
      "geometry": {
        "type": "Point",
        "coordinates": [
          -48.2614735,
          -18.9513191
        ]
      },
      "properties": {
        "codigo": "S-158",
        "endereco": "Avenida Seme Simão (Rua Maria Bonita - out), 3735, Condominio Bosque Karaiba, Uberlândia, Minas Gerais, Brasil",
        "qtld": "11 C"
      }
    },
    {
      "type": "Feature",
      "geometry": {
        "type": "Point",
        "coordinates": [
          -48.2562489,
          -18.948826
        ]
      },
      "properties": {
        "codigo": "S-159",
        "endereco": "Rua Tupa, 1, Jardim Karaiba, Uberlândia, Minas Gerais, Brasil",
        "qtld": "86 C"
      }
    },
    {
      "type": "Feature",
      "geometry": {
        "type": "Point",
        "coordinates": [
          -48.2614453,
          -18.9306573
        ]
      },
      "properties": {
        "codigo": "S-16",
        "endereco": "Rua Pastor Jose Mota, 142, Lagoinha, Uberlândia, Minas Gerais, Brasil",
        "qtld": "7 C"
      }
    },
    {
      "type": "Feature",
      "geometry": {
        "type": "Point",
        "coordinates": [
          -48.272077,
          -18.943281
        ]
      },
      "properties": {
        "codigo": "S-160",
        "endereco": "Rua Joao Severiano Rodrigues, 1, Jardim Karaiba, Uberlândia, Minas Gerais, Brasil",
        "qtld": "82 B"
      }
    },
    {
      "type": "Feature",
      "geometry": {
        "type": "Point",
        "coordinates": [
          -48.2611704,
          -18.9292789
        ]
      },
      "properties": {
        "codigo": "S-164",
        "endereco": "Rua Antonio de Castro Andrade, 11, Carajas, Uberlândia, Minas Gerais, Brasil",
        "qtld": "63 B"
      }
    },
    {
      "type": "Feature",
      "geometry": {
        "type": "Point",
        "coordinates": [
          -48.252415,
          -18.927852
        ]
      },
      "properties": {
        "codigo": "S-165",
        "endereco": "Avenida João Naves de Ávila, 4022, Carajas, Uberlândia, Minas Gerais, Brasil",
        "qtld": "38 A"
      }
    },
    {
      "type": "Feature",
      "geometry": {
        "type": "Point",
        "coordinates": [
          -48.25240900000001,
          -18.930512
        ]
      },
      "properties": {
        "codigo": "S-166",
        "endereco": "Rua São Judas Tadeu, 325, Carajas, Uberlândia, Minas Gerais, Brasil",
        "qtld": "45 A"
      }
    },
    {
      "type": "Feature",
      "geometry": {
        "type": "Point",
        "coordinates": [
          -48.2525206,
          -18.9328691
        ]
      },
      "properties": {
        "codigo": "S-167",
        "endereco": "Rua Luiz de Camoes, 695, Carajas, Uberlândia, Minas Gerais, Brasil",
        "qtld": "50 D"
      }
    },
    {
      "type": "Feature",
      "geometry": {
        "type": "Point",
        "coordinates": [
          -48.2523788,
          -18.9312084
        ]
      },
      "properties": {
        "codigo": "S-168",
        "endereco": "Alameda Arnold de Almeida Castro, 1, Carajas, Uberlândia, Minas Gerais, Brasil",
        "qtld": "21 C"
      }
    },
    {
      "type": "Feature",
      "geometry": {
        "type": "Point",
        "coordinates": [
          -48.24955139999999,
          -18.9308049
        ]
      },
      "properties": {
        "codigo": "S-169",
        "endereco": "Avenida Pampulha, 327, Carajas, Uberlândia, Minas Gerais, Brasil",
        "qtld": "27 A"
      }
    },
    {
      "type": "Feature",
      "geometry": {
        "type": "Point",
        "coordinates": [
          -48.25777009999999,
          -18.9269784
        ]
      },
      "properties": {
        "codigo": "S-17",
        "endereco": "Rua Quitandinha, 20, Lagoinha, Uberlândia, Minas Gerais, Brasil",
        "qtld": "64 A"
      }
    },
    {
      "type": "Feature",
      "geometry": {
        "type": "Point",
        "coordinates": [
          -48.2464059,
          -18.9304236
        ]
      },
      "properties": {
        "codigo": "S-170",
        "endereco": "Rua Barao de Penedo, 68, Carajas, Uberlândia, Minas Gerais, Brasil",
        "qtld": "3 B"
      }
    },
    {
      "type": "Feature",
      "geometry": {
        "type": "Point",
        "coordinates": [
          -48.2465658,
          -18.9334844
        ]
      },
      "properties": {
        "codigo": "S-171",
        "endereco": "Rua Oliveira, 49, Carajas, Uberlândia, Minas Gerais, Brasil",
        "qtld": "9 C"
      }
    },
    {
      "type": "Feature",
      "geometry": {
        "type": "Point",
        "coordinates": [
          -48.2430737,
          -18.930607
        ]
      },
      "properties": {
        "codigo": "S-172",
        "endereco": "Rua Barao de Penedo, 413, Pampulha, Uberlândia, Minas Gerais, Brasil",
        "qtld": "19 C"
      }
    },
    {
      "type": "Feature",
      "geometry": {
        "type": "Point",
        "coordinates": [
          -48.243593,
          -18.9332924
        ]
      },
      "properties": {
        "codigo": "S-173",
        "endereco": "Rua Leopoldo de Bulhoes, 345, Pampulha, Uberlândia, Minas Gerais, Brasil",
        "qtld": "11 C"
      }
    },
    {
      "type": "Feature",
      "geometry": {
        "type": "Point",
        "coordinates": [
          -48.24111329999999,
          -18.9302105
        ]
      },
      "properties": {
        "codigo": "S-174",
        "endereco": "Rua Saldanha Marinho, 1, Pampulha, Uberlândia, Minas Gerais, Brasil",
        "qtld": "1 B"
      }
    },
    {
      "type": "Feature",
      "geometry": {
        "type": "Point",
        "coordinates": [
          -48.2436586,
          -18.9363162
        ]
      },
      "properties": {
        "codigo": "S-175",
        "endereco": "Rua Juracy Junqueira de Rezende, 360, Pampulha, Uberlândia, Minas Gerais, Brasil",
        "qtld": "12A"
      }
    },
    {
      "type": "Feature",
      "geometry": {
        "type": "Point",
        "coordinates": [
          -48.24111329999999,
          -18.9302105
        ]
      },
      "properties": {
        "codigo": "S-176",
        "endereco": "Rua Saldanha Marinho, 1, Pampulha, Uberlândia, Minas Gerais, Brasil",
        "qtld": "1 B"
      }
    },
    {
      "type": "Feature",
      "geometry": {
        "type": "Point",
        "coordinates": [
          -48.2593155,
          -18.9387241
        ]
      },
      "properties": {
        "codigo": "S-177",
        "endereco": "Avenida Geraldo Abrao, 1, Pampulha, Uberlândia, Minas Gerais, Brasil",
        "qtld": "40 B"
      }
    },
    {
      "type": "Feature",
      "geometry": {
        "type": "Point",
        "coordinates": [
          -48.2473329,
          -18.9348992
        ]
      },
      "properties": {
        "codigo": "S-178",
        "endereco": "Rua Oliveira Viana, 1, Pampulha, Uberlândia, Minas Gerais, Brasil",
        "qtld": "40 D"
      }
    },
    {
      "type": "Feature",
      "geometry": {
        "type": "Point",
        "coordinates": [
          -48.2379635,
          -18.9362978
        ]
      },
      "properties": {
        "codigo": "S-179",
        "endereco": "Rua Oliveira Viana, 1111, Pampulha, Uberlândia, Minas Gerais, Brasil",
        "qtld": "40 D"
      }
    },
    {
      "type": "Feature",
      "geometry": {
        "type": "Point",
        "coordinates": [
          -48.2403922,
          -18.9337068
        ]
      },
      "properties": {
        "codigo": "S-180",
        "endereco": "Rua Joao Ramalho, 343, Pampulha, Uberlândia, Minas Gerais, Brasil",
        "qtld": "47 C"
      }
    },
    {
      "type": "Feature",
      "geometry": {
        "type": "Point",
        "coordinates": [
          -48.2407754,
          -18.9308281
        ]
      },
      "properties": {
        "codigo": "S-181",
        "endereco": "Avenida Joao Naves de Avila, 5350, Pampulha, Uberlândia, Minas Gerais, Brasil",
        "qtld": "24 A"
      }
    },
    {
      "type": "Feature",
      "geometry": {
        "type": "Point",
        "coordinates": [
          -48.2376204,
          -18.9336046
        ]
      },
      "properties": {
        "codigo": "S-182",
        "endereco": "Rua Bernardes de Vasconcelos, 967, Pampulha, Uberlândia, Minas Gerais, Brasil",
        "qtld": "60 A"
      }
    },
    {
      "type": "Feature",
      "geometry": {
        "type": "Point",
        "coordinates": [
          -48.2358505,
          -18.9387143
        ]
      },
      "properties": {
        "codigo": "S-184",
        "endereco": "Rua Jayme Tannus, 1, Pampulha, Uberlândia, Minas Gerais, Brasil",
        "qtld": "75 A"
      }
    },
    {
      "type": "Feature",
      "geometry": {
        "type": "Point",
        "coordinates": [
          -48.2332608,
          -18.9352746
        ]
      },
      "properties": {
        "codigo": "S-185",
        "endereco": "Rua Clarindo Rodrigues Rezende, 1, Santa Luzia, Uberlândia, Minas Gerais, Brasil",
        "qtld": "72 A"
      }
    },
    {
      "type": "Feature",
      "geometry": {
        "type": "Point",
        "coordinates": [
          -48.23772260000001,
          -18.9404396
        ]
      },
      "properties": {
        "codigo": "S-186",
        "endereco": "Rua Isaac Victor Brandao, 6, Santa Luzia, Uberlândia, Minas Gerais, Brasil",
        "qtld": "7 C"
      }
    },
    {
      "type": "Feature",
      "geometry": {
        "type": "Point",
        "coordinates": [
          -48.23465909999999,
          -18.9394204
        ]
      },
      "properties": {
        "codigo": "S-187",
        "endereco": "Avenida Joaquim Ribeiro, 124, Santa Luzia, Uberlândia, Minas Gerais, Brasil",
        "qtld": "51 D"
      }
    },
    {
      "type": "Feature",
      "geometry": {
        "type": "Point",
        "coordinates": [
          -48.23136,
          -18.9393163
        ]
      },
      "properties": {
        "codigo": "S-188",
        "endereco": "Rua Paschoal Bruno, 555, Santa Luzia, Uberlândia, Minas Gerais, Brasil",
        "qtld": "64 D"
      }
    },
    {
      "type": "Feature",
      "geometry": {
        "type": "Point",
        "coordinates": [
          -48.2286516,
          -18.9397399
        ]
      },
      "properties": {
        "codigo": "S-189",
        "endereco": "Rua Marcos Alves Barbosa, 115, Santa Luzia, Uberlândia, Minas Gerais, Brasil",
        "qtld": "88 A"
      }
    },
    {
      "type": "Feature",
      "geometry": {
        "type": "Point",
        "coordinates": [
          -48.2614854,
          -18.9332053
        ]
      },
      "properties": {
        "codigo": "S-19",
        "endereco": "Rua Benjamin Alves dos Santos, 3005, Lagoinha, Uberlândia, Minas Gerais, Brasil",
        "qtld": "9 C"
      }
    },
    {
      "type": "Feature",
      "geometry": {
        "type": "Point",
        "coordinates": [
          -48.2255901,
          -18.9398079
        ]
      },
      "properties": {
        "codigo": "S-190",
        "endereco": "Rua Angelica Crosara Cherulli, 386, Santa Luzia, Uberlândia, Minas Gerais, Brasil",
        "qtld": "92 A"
      }
    },
    {
      "type": "Feature",
      "geometry": {
        "type": "Point",
        "coordinates": [
          -48.2745089,
          -18.9167289
        ]
      },
      "properties": {
        "codigo": "S-191",
        "endereco": "Avenida Joao Naves de Avila, 1, Santa Luzia, Uberlândia, Minas Gerais, Brasil",
        "qtld": "98 C"
      }
    },
    {
      "type": "Feature",
      "geometry": {
        "type": "Point",
        "coordinates": [
          -48.2374517,
          -18.9425697
        ]
      },
      "properties": {
        "codigo": "S-192",
        "endereco": "Rua Realina Maria da Silva, 209, Santa Luzia, Uberlândia, Minas Gerais, Brasil",
        "qtld": "13 C"
      }
    },
    {
      "type": "Feature",
      "geometry": {
        "type": "Point",
        "coordinates": [
          -48.2414676,
          -18.9417454
        ]
      },
      "properties": {
        "codigo": "S-193",
        "endereco": "Avenida Alipio Abrao, 1, Santa Luzia, Uberlândia, Minas Gerais, Brasil",
        "qtld": "20 B"
      }
    },
    {
      "type": "Feature",
      "geometry": {
        "type": "Point",
        "coordinates": [
          -48.231797,
          -18.9424756
        ]
      },
      "properties": {
        "codigo": "S-194",
        "endereco": "Rua Lamartine Oliveira e Silva, 109, Santa Luzia, Uberlândia, Minas Gerais, Brasil",
        "qtld": "41 E"
      }
    },
    {
      "type": "Feature",
      "geometry": {
        "type": "Point",
        "coordinates": [
          -48.2337841,
          -18.9456264
        ]
      },
      "properties": {
        "codigo": "S-195",
        "endereco": "Alameda Amisse Costa Bezerra, 1, Santa Luzia, Uberlândia, Minas Gerais, Brasil",
        "qtld": "30 C"
      }
    },
    {
      "type": "Feature",
      "geometry": {
        "type": "Point",
        "coordinates": [
          -48.22984719999999,
          -18.9445506
        ]
      },
      "properties": {
        "codigo": "S-196",
        "endereco": "Rua Ana Cardoso da Silva, 324, Santa Luzia, Uberlândia, Minas Gerais, Brasil",
        "qtld": "38 A"
      }
    },
    {
      "type": "Feature",
      "geometry": {
        "type": "Point",
        "coordinates": [
          -48.2611657,
          -18.9158567
        ]
      },
      "properties": {
        "codigo": "S-2",
        "endereco": "Avenida Alexandre Ribeiro Guimaraes, 800, Saraiva, Uberlândia, Minas Gerais, Brasil",
        "qtld": "16 B"
      }
    },
    {
      "type": "Feature",
      "geometry": {
        "type": "Point",
        "coordinates": [
          -48.2636215,
          -18.9296027
        ]
      },
      "properties": {
        "codigo": "S-20",
        "endereco": "Rua Ercilio Furlaneto, 1, Vigilato Pereira, Uberlândia, Minas Gerais, Brasil",
        "qtld": "114 A"
      }
    },
    {
      "type": "Feature",
      "geometry": {
        "type": "Point",
        "coordinates": [
          -48.234681,
          -18.94566308
        ]
      },
      "properties": {
        "codigo": "S-201",
        "endereco": "Alameda Raul P. De Padua, 15, Granada, Uberlândia, Minas Gerais, Brasil",
        "qtld": "7"
      }
    },
    {
      "type": "Feature",
      "geometry": {
        "type": "Point",
        "coordinates": [
          -48.2376925,
          -18.94588286
        ]
      },
      "properties": {
        "codigo": "S-202",
        "endereco": "Rua Antonio Mendes Dos Santos, 17, Granada, Uberlândia, Minas Gerais, Brasil",
        "qtld": "17"
      }
    },
    {
      "type": "Feature",
      "geometry": {
        "type": "Point",
        "coordinates": [
          -48.23460258,
          -18.94851125
        ]
      },
      "properties": {
        "codigo": "S-203",
        "endereco": "Alameda Raul P. De Padua, 327, Granada, Uberlândia, Minas Gerais, Brasil",
        "qtld": "6"
      }
    },
    {
      "type": "Feature",
      "geometry": {
        "type": "Point",
        "coordinates": [
          -48.2375471,
          -18.94843515
        ]
      },
      "properties": {
        "codigo": "S-204",
        "endereco": "Rua Maria Lemes De Souza, 21, Granada, Uberlândia, Minas Gerais, Brasil",
        "qtld": "13"
      }
    },
    {
      "type": "Feature",
      "geometry": {
        "type": "Point",
        "coordinates": [
          -48.2411398,
          -18.9519238
        ]
      },
      "properties": {
        "codigo": "S-205",
        "endereco": "Avenida Seme Simao, 1377, Granada, Uberlândia, Minas Gerais, Brasil",
        "qtld": "35 B"
      }
    },
    {
      "type": "Feature",
      "geometry": {
        "type": "Point",
        "coordinates": [
          -48.2404566,
          -18.94886547
        ]
      },
      "properties": {
        "codigo": "S-206",
        "endereco": "Avenida Abadio Bonifacio Da Silva, 734, Granada, Uberlândia, Minas Gerais, Brasil",
        "qtld": "38"
      }
    },
    {
      "type": "Feature",
      "geometry": {
        "type": "Point",
        "coordinates": [
          -48.24044473,
          -18.9455921
        ]
      },
      "properties": {
        "codigo": "S-207",
        "endereco": "Avenida Abadio Bonifacio Da Silva, 392, Granada, Uberlândia, Minas Gerais, Brasil",
        "qtld": "44"
      }
    },
    {
      "type": "Feature",
      "geometry": {
        "type": "Point",
        "coordinates": [
          -48.2405348,
          -18.94271067
        ]
      },
      "properties": {
        "codigo": "S-208",
        "endereco": "Rua Ilha Solteira, 114, Granada, Uberlândia, Minas Gerais, Brasil",
        "qtld": "54"
      }
    },
    {
      "type": "Feature",
      "geometry": {
        "type": "Point",
        "coordinates": [
          -48.2435153,
          -18.94236009
        ]
      },
      "properties": {
        "codigo": "S-209",
        "endereco": "Rua Nova Ponte, 267, Granada, Uberlândia, Minas Gerais, Brasil",
        "qtld": "66"
      }
    },
    {
      "type": "Feature",
      "geometry": {
        "type": "Point",
        "coordinates": [
          -48.26750029999999,
          -18.9306332
        ]
      },
      "properties": {
        "codigo": "S-21",
        "endereco": "Rua Alexandre de Oliveira Marquez, 80, Vigilato Pereira, Uberlândia, Minas Gerais, Brasil",
        "qtld": "88 E"
      }
    },
    {
      "type": "Feature",
      "geometry": {
        "type": "Point",
        "coordinates": [
          -48.2431382,
          -18.9474575
        ]
      },
      "properties": {
        "codigo": "S-210",
        "endereco": "Avenida Geraldo Abrao, 54, Granada, Uberlândia, Minas Gerais, Brasil",
        "qtld": "4A"
      }
    },
    {
      "type": "Feature",
      "geometry": {
        "type": "Point",
        "coordinates": [
          -48.2464284,
          -18.94278021
        ]
      },
      "properties": {
        "codigo": "S-211",
        "endereco": "Rua Boa Esperanca, 301, Granada, Uberlândia, Minas Gerais, Brasil",
        "qtld": "93"
      }
    },
    {
      "type": "Feature",
      "geometry": {
        "type": "Point",
        "coordinates": [
          -48.2461603,
          -18.9455919
        ]
      },
      "properties": {
        "codigo": "S-212",
        "endereco": "Rua Gafanhoto, 63, Granada, Uberlândia, Minas Gerais, Brasil",
        "qtld": "88"
      }
    },
    {
      "type": "Feature",
      "geometry": {
        "type": "Point",
        "coordinates": [
          -48.2441602,
          -18.9446601
        ]
      },
      "properties": {
        "codigo": "S-213",
        "endereco": "Rua Cachoeira Dourada, 115, Granada, Uberlândia, Minas Gerais, Brasil",
        "qtld": "82 B"
      }
    },
    {
      "type": "Feature",
      "geometry": {
        "type": "Point",
        "coordinates": [
          -48.2431884,
          -18.9487547
        ]
      },
      "properties": {
        "codigo": "S-214",
        "endereco": "Avenida Alipio Abrao, 1830, Granada, Uberlândia, Minas Gerais, Brasil",
        "qtld": "70 A"
      }
    },
    {
      "type": "Feature",
      "geometry": {
        "type": "Point",
        "coordinates": [
          -48.24368948,
          -18.9513196
        ]
      },
      "properties": {
        "codigo": "S-215",
        "endereco": "Rua Das Raizes, 40, Granada, Uberlândia, Minas Gerais, Brasil",
        "qtld": "73"
      }
    },
    {
      "type": "Feature",
      "geometry": {
        "type": "Point",
        "coordinates": [
          -48.246479,
          -18.95175925
        ]
      },
      "properties": {
        "codigo": "S-216",
        "endereco": "Rua Das Folhas, 150, Granada, Uberlândia, Minas Gerais, Brasil",
        "qtld": "119"
      }
    },
    {
      "type": "Feature",
      "geometry": {
        "type": "Point",
        "coordinates": [
          -48.249452,
          -18.9546797
        ]
      },
      "properties": {
        "codigo": "S-217",
        "endereco": "Avenida Seme Simao, 2160, Granada, Uberlândia, Minas Gerais, Brasil",
        "qtld": "124 C"
      }
    },
    {
      "type": "Feature",
      "geometry": {
        "type": "Point",
        "coordinates": [
          -48.2494694,
          -18.9510471
        ]
      },
      "properties": {
        "codigo": "S-218",
        "endereco": "Avenida Iraque, 370, Granada, Uberlândia, Minas Gerais, Brasil",
        "qtld": "132 C"
      }
    },
    {
      "type": "Feature",
      "geometry": {
        "type": "Point",
        "coordinates": [
          -48.2523272,
          -18.9543882
        ]
      },
      "properties": {
        "codigo": "S-219",
        "endereco": "Avenida Vereador Carlito Cordeiro, 665, Granada, Uberlândia, Minas Gerais, Brasil",
        "qtld": "130 B"
      }
    },
    {
      "type": "Feature",
      "geometry": {
        "type": "Point",
        "coordinates": [
          -48.26739389999999,
          -18.9276867
        ]
      },
      "properties": {
        "codigo": "S-22",
        "endereco": "Rua Timbiras, 489, Vigilato Pereira, Uberlândia, Minas Gerais, Brasil",
        "qtld": "13 D"
      }
    },
    {
      "type": "Feature",
      "geometry": {
        "type": "Point",
        "coordinates": [
          -48.2521569,
          -18.9514512
        ]
      },
      "properties": {
        "codigo": "S-220",
        "endereco": "Avenida Vereador Carlito Cordeiro, 345, Granada, Uberlândia, Minas Gerais, Brasil",
        "qtld": "134"
      }
    },
    {
      "type": "Feature",
      "geometry": {
        "type": "Point",
        "coordinates": [
          -48.246497,
          -18.9483989
        ]
      },
      "properties": {
        "codigo": "S-221",
        "endereco": "Rua Charqueada, 310, Granada, Uberlândia, Minas Gerais, Brasil",
        "qtld": "79 B"
      }
    },
    {
      "type": "Feature",
      "geometry": {
        "type": "Point",
        "coordinates": [
          -48.24936453,
          -18.94860062
        ]
      },
      "properties": {
        "codigo": "S-222",
        "endereco": "Rua Charqueada, 601, Granada, Uberlândia, Minas Gerais, Brasil",
        "qtld": "113"
      }
    },
    {
      "type": "Feature",
      "geometry": {
        "type": "Point",
        "coordinates": [
          -48.251921,
          -18948442
        ]
      },
      "properties": {
        "codigo": "S-223",
        "endereco": "Avenida Vereador Carlito Cordeiro, 1, Granada, Uberlândia, Minas Gerais, Brasil",
        "qtld": "135"
      }
    },
    {
      "type": "Feature",
      "geometry": {
        "type": "Point",
        "coordinates": [
          -48.24942603,
          -18.94526888
        ]
      },
      "properties": {
        "codigo": "S-224",
        "endereco": "Avenida Luiz Fernando Quirino, 315, Granada, Uberlândia, Minas Gerais, Brasil",
        "qtld": "138"
      }
    },
    {
      "type": "Feature",
      "geometry": {
        "type": "Point",
        "coordinates": [
          -48.25276638,
          -18.94527256
        ]
      },
      "properties": {
        "codigo": "S-226",
        "endereco": "Rua Agata, 141, Granada, Uberlândia, Minas Gerais, Brasil",
        "qtld": "142"
      }
    },
    {
      "type": "Feature",
      "geometry": {
        "type": "Point",
        "coordinates": [
          -48.2767762,
          -18.9232562
        ]
      },
      "properties": {
        "codigo": "S-23",
        "endereco": "Rua Doutor Lacerda, 11, Vigilato Pereira, Uberlândia, Minas Gerais, Brasil",
        "qtld": "8 C"
      }
    },
    {
      "type": "Feature",
      "geometry": {
        "type": "Point",
        "coordinates": [
          -48.22844946,
          -18.94843133
        ]
      },
      "properties": {
        "codigo": "S-233",
        "endereco": "Rua Austral, 606, São Jorge, Uberlândia, Minas Gerais, Brasil",
        "qtld": "21"
      }
    },
    {
      "type": "Feature",
      "geometry": {
        "type": "Point",
        "coordinates": [
          -48.23168389,
          -18.94843358
        ]
      },
      "properties": {
        "codigo": "S-234",
        "endereco": "Avenida Seme Simao, 1, São Jorge, Uberlândia, Minas Gerais, Brasil",
        "qtld": "15"
      }
    },
    {
      "type": "Feature",
      "geometry": {
        "type": "Point",
        "coordinates": [
          -48.2349122,
          -18.9511836
        ]
      },
      "properties": {
        "codigo": "S-235",
        "endereco": "Rua Sebastiana Pereira, 103, São Jorge, Uberlândia, Minas Gerais, Brasil",
        "qtld": "3 C"
      }
    },
    {
      "type": "Feature",
      "geometry": {
        "type": "Point",
        "coordinates": [
          -48.23144494,
          -18.95133136
        ]
      },
      "properties": {
        "codigo": "S-236",
        "endereco": "Rua Paulo Maia, 318, São Jorge, Uberlândia, Minas Gerais, Brasil",
        "qtld": "29"
      }
    },
    {
      "type": "Feature",
      "geometry": {
        "type": "Point",
        "coordinates": [
          -48.22862657,
          -18.95155853
        ]
      },
      "properties": {
        "codigo": "S-237",
        "endereco": "Rua Diva Aparecida Da Silva, 72, São Jorge, Uberlândia, Minas Gerais, Brasil",
        "qtld": "50"
      }
    },
    {
      "type": "Feature",
      "geometry": {
        "type": "Point",
        "coordinates": [
          -48.2258638,
          -18.9516896
        ]
      },
      "properties": {
        "codigo": "S-238",
        "endereco": "Rua Jose Pereira Da Silva, 55, São Jorge, Uberlândia, Minas Gerais, Brasil",
        "qtld": "58 B"
      }
    },
    {
      "type": "Feature",
      "geometry": {
        "type": "Point",
        "coordinates": [
          -48.2669808,
          -18.9936109
        ]
      },
      "properties": {
        "codigo": "S-239",
        "endereco": "Rua Antonio Ribeiro (Rua 8), 11, Sao Jorge, Uberlândia, Minas Gerais, Brasil",
        "qtld": "263 C"
      }
    },
    {
      "type": "Feature",
      "geometry": {
        "type": "Point",
        "coordinates": [
          -48.2740822,
          -18.9268579
        ]
      },
      "properties": {
        "codigo": "S-24",
        "endereco": "Rua Polidoro de Freitas Rodrigues, 1, Vigilato Pereira, Uberlândia, Minas Gerais, Brasil",
        "qtld": "38 B"
      }
    },
    {
      "type": "Feature",
      "geometry": {
        "type": "Point",
        "coordinates": [
          -48.2198195,
          -18.9520663
        ]
      },
      "properties": {
        "codigo": "S-240",
        "endereco": "Rua Marli Aparecida Romana, 945, São Jorge, Uberlândia, Minas Gerais, Brasil",
        "qtld": "276"
      }
    },
    {
      "type": "Feature",
      "geometry": {
        "type": "Point",
        "coordinates": [
          -48.2175036,
          -18.9543133
        ]
      },
      "properties": {
        "codigo": "S-242",
        "endereco": "Rua Marli Aparecida Romana, 1285, São Jorge, Uberlândia, Minas Gerais, Brasil",
        "qtld": "275"
      }
    },
    {
      "type": "Feature",
      "geometry": {
        "type": "Point",
        "coordinates": [
          -48.2180883,
          -18.9569923
        ]
      },
      "properties": {
        "codigo": "S-243",
        "endereco": "Rua Antonio Messias De Arcanjo De Oliveira, 1170, Sao Jorge, Uberlândia, Minas Gerais, Brasil",
        "qtld": "265 A"
      }
    },
    {
      "type": "Feature",
      "geometry": {
        "type": "Point",
        "coordinates": [
          -48.2226703,
          -18.9544804
        ]
      },
      "properties": {
        "codigo": "S-244",
        "endereco": "Rua Antonio Nunes De Souza, 20, São Jorge, Uberlândia, Minas Gerais, Brasil",
        "qtld": "257"
      }
    },
    {
      "type": "Feature",
      "geometry": {
        "type": "Point",
        "coordinates": [
          -48.2262004,
          -18.9552023
        ]
      },
      "properties": {
        "codigo": "S-245",
        "endereco": "Rua Florisbelo Terra De Deus, 1, Sao Jorge, Uberlândia, Minas Gerais, Brasil",
        "qtld": "59 D"
      }
    },
    {
      "type": "Feature",
      "geometry": {
        "type": "Point",
        "coordinates": [
          -48.2283978,
          -18.9543727
        ]
      },
      "properties": {
        "codigo": "S-246",
        "endereco": "Rua Paulo Maia, 783, Sao Jorge, Uberlândia, Minas Gerais, Brasil",
        "qtld": "43 D"
      }
    },
    {
      "type": "Feature",
      "geometry": {
        "type": "Point",
        "coordinates": [
          -48.23162067,
          -18.95447893
        ]
      },
      "properties": {
        "codigo": "S-247",
        "endereco": "Rua Luís Martins, 350, São Jorge, Uberlândia, Minas Gerais, Brasil",
        "qtld": "37"
      }
    },
    {
      "type": "Feature",
      "geometry": {
        "type": "Point",
        "coordinates": [
          -48.2315739,
          -18.9576382
        ]
      },
      "properties": {
        "codigo": "S-248",
        "endereco": "Rua Vandira Basilio de Oliveira, 180, Sao Jorge, Uberlândia, Minas Gerais, Brasil",
        "qtld": "75 A"
      }
    },
    {
      "type": "Feature",
      "geometry": {
        "type": "Point",
        "coordinates": [
          -48.2287215,
          -18.9574126
        ]
      },
      "properties": {
        "codigo": "S-249",
        "endereco": "Rua Maria Osoria de Jesus, 279, Sao Jorge, Uberlândia, Minas Gerais, Brasil",
        "qtld": "77 C"
      }
    },
    {
      "type": "Feature",
      "geometry": {
        "type": "Point",
        "coordinates": [
          -48.2722856,
          -18.9296898
        ]
      },
      "properties": {
        "codigo": "S-25",
        "endereco": "Rua Kuluene, 1, Vigilato Pereira, Uberlândia, Minas Gerais, Brasil",
        "qtld": "43 D"
      }
    },
    {
      "type": "Feature",
      "geometry": {
        "type": "Point",
        "coordinates": [
          -48.22565833,
          -18.95746086
        ]
      },
      "properties": {
        "codigo": "S-250",
        "endereco": "Rua Lazara Alves De Oliveira, 34, São Jorge, Uberlândia, Minas Gerais, Brasil",
        "qtld": "97"
      }
    },
    {
      "type": "Feature",
      "geometry": {
        "type": "Point",
        "coordinates": [
          -48.22283039,
          -18.95720289
        ]
      },
      "properties": {
        "codigo": "S-251",
        "endereco": "Rua Augusto Ruschi, 955, São Jorge, Uberlândia, Minas Gerais, Brasil",
        "qtld": "103"
      }
    },
    {
      "type": "Feature",
      "geometry": {
        "type": "Point",
        "coordinates": [
          -48.2196206,
          -18.95737
        ]
      },
      "properties": {
        "codigo": "S-252",
        "endereco": "Avenida Karl Marx, 1395, São Jorge, Uberlândia, Minas Gerais, Brasil",
        "qtld": "251"
      }
    },
    {
      "type": "Feature",
      "geometry": {
        "type": "Point",
        "coordinates": [
          -48.2172082,
          -18.9572561
        ]
      },
      "properties": {
        "codigo": "S-253",
        "endereco": "Rua Manuel Darrigrand, 1, São Jorge, Uberlândia, Minas Gerais, Brasil",
        "qtld": "245"
      }
    },
    {
      "type": "Feature",
      "geometry": {
        "type": "Point",
        "coordinates": [
          -48.2166072,
          -18.9604136
        ]
      },
      "properties": {
        "codigo": "S-254",
        "endereco": "Rua Antonio Ribeiro, 50, São Jorge, Uberlândia, Minas Gerais, Brasil",
        "qtld": "244"
      }
    },
    {
      "type": "Feature",
      "geometry": {
        "type": "Point",
        "coordinates": [
          -48.2193692,
          -18.9603447
        ]
      },
      "properties": {
        "codigo": "S-255",
        "endereco": "Avenida Chapada Dos Guimaraes, 11, Sao Jorge, Uberlândia, Minas Gerais, Brasil",
        "qtld": "113 C"
      }
    },
    {
      "type": "Feature",
      "geometry": {
        "type": "Point",
        "coordinates": [
          -48.22260749,
          -18.96024186
        ]
      },
      "properties": {
        "codigo": "S-256",
        "endereco": "Rua Serra Negra, 293, São Jorge, Uberlândia, Minas Gerais, Brasil",
        "qtld": "117"
      }
    },
    {
      "type": "Feature",
      "geometry": {
        "type": "Point",
        "coordinates": [
          -48.22560136,
          -18.96043674
        ]
      },
      "properties": {
        "codigo": "S-257",
        "endereco": "Rua Serra da Mantiqueira, 574, São Jorge, Uberlândia, Minas Gerais, Brasil",
        "qtld": "119"
      }
    },
    {
      "type": "Feature",
      "geometry": {
        "type": "Point",
        "coordinates": [
          -48.22859507,
          -18.96046956
        ]
      },
      "properties": {
        "codigo": "S-258",
        "endereco": "Rua Adeu Mendes, 272, São Jorge, Uberlândia, Minas Gerais, Brasil",
        "qtld": "88"
      }
    },
    {
      "type": "Feature",
      "geometry": {
        "type": "Point",
        "coordinates": [
          -48.22886578,
          -18.96332326
        ]
      },
      "properties": {
        "codigo": "S-259",
        "endereco": "Rua Cordilheira dos Andes, 236, São Jorge, Uberlândia, Minas Gerais, Brasil",
        "qtld": "134"
      }
    },
    {
      "type": "Feature",
      "geometry": {
        "type": "Point",
        "coordinates": [
          -48.27330569999999,
          -18.9303994
        ]
      },
      "properties": {
        "codigo": "S-26",
        "endereco": "Rua Antonio Marques Povoa, 391, Vigilato Pereira, Uberlândia, Minas Gerais, Brasil",
        "qtld": "5 D"
      }
    },
    {
      "type": "Feature",
      "geometry": {
        "type": "Point",
        "coordinates": [
          -48.22564072,
          -18.96325336
        ]
      },
      "properties": {
        "codigo": "S-260",
        "endereco": "Rua Chapada Do Apodi, 265, São Jorge, Uberlândia, Minas Gerais, Brasil",
        "qtld": "143"
      }
    },
    {
      "type": "Feature",
      "geometry": {
        "type": "Point",
        "coordinates": [
          -48.2225134,
          -18.963644
        ]
      },
      "properties": {
        "codigo": "S-261",
        "endereco": "Rua Serra Gradaus, 420, São Jorge, Uberlândia, Minas Gerais, Brasil",
        "qtld": "155 C"
      }
    },
    {
      "type": "Feature",
      "geometry": {
        "type": "Point",
        "coordinates": [
          -48.21957892,
          -18.96343885
        ]
      },
      "properties": {
        "codigo": "S-262",
        "endereco": "Rua Chapada Do Araripe, 724, São Jorge, Uberlândia, Minas Gerais, Brasil",
        "qtld": "175"
      }
    },
    {
      "type": "Feature",
      "geometry": {
        "type": "Point",
        "coordinates": [
          -48.2164795,
          -18.9636404
        ]
      },
      "properties": {
        "codigo": "S-263",
        "endereco": "Rua Antonio Nunes De Souza, 2110, São Jorge, Uberlândia, Minas Gerais, Brasil",
        "qtld": "239"
      }
    },
    {
      "type": "Feature",
      "geometry": {
        "type": "Point",
        "coordinates": [
          -48.21670188,
          -18966438
        ]
      },
      "properties": {
        "codigo": "S-264",
        "endereco": "Rua Serra Do Tabuleiro, 345, São Jorge, Uberlândia, Minas Gerais, Brasil",
        "qtld": "189"
      }
    },
    {
      "type": "Feature",
      "geometry": {
        "type": "Point",
        "coordinates": [
          -48.21961163,
          -18.96633915
        ]
      },
      "properties": {
        "codigo": "S-265",
        "endereco": "Rua Serra Grande, 42, São Jorge, Uberlândia, Minas Gerais, Brasil",
        "qtld": "196"
      }
    },
    {
      "type": "Feature",
      "geometry": {
        "type": "Point",
        "coordinates": [
          -48.22259778,
          -18.96625665
        ]
      },
      "properties": {
        "codigo": "S-266",
        "endereco": "Avenida Serra Do Espinhaco, 679, São Jorge, Uberlândia, Minas Gerais, Brasil",
        "qtld": "203"
      }
    },
    {
      "type": "Feature",
      "geometry": {
        "type": "Point",
        "coordinates": [
          -48.2261489,
          -18.9664672
        ]
      },
      "properties": {
        "codigo": "S-267",
        "endereco": "Avenida Serra Do Espinhaco, 1041, Sao Jorge, Uberlândia, Minas Gerais, Brasil",
        "qtld": "212 C"
      }
    },
    {
      "type": "Feature",
      "geometry": {
        "type": "Point",
        "coordinates": [
          -48.22852393,
          -18.96638166
        ]
      },
      "properties": {
        "codigo": "S-268",
        "endereco": "Avenida Serra Do Espinhaco, 1274, São Jorge, Uberlândia, Minas Gerais, Brasil",
        "qtld": "161"
      }
    },
    {
      "type": "Feature",
      "geometry": {
        "type": "Point",
        "coordinates": [
          -48.22881731,
          -18.96928613
        ]
      },
      "properties": {
        "codigo": "S-269",
        "endereco": "Rua Planalto Borborema, 1295, São Jorge, Uberlândia, Minas Gerais, Brasil",
        "qtld": "223"
      }
    },
    {
      "type": "Feature",
      "geometry": {
        "type": "Point",
        "coordinates": [
          -48.2643968,
          -18.9335668
        ]
      },
      "properties": {
        "codigo": "S-27",
        "endereco": "Rua Joanico Rodrigues Cunha, 646, Vigilato Pereira, Uberlândia, Minas Gerais, Brasil",
        "qtld": "106 B"
      }
    },
    {
      "type": "Feature",
      "geometry": {
        "type": "Point",
        "coordinates": [
          -48.22600130000001,
          -18.9700546
        ]
      },
      "properties": {
        "codigo": "S-270",
        "endereco": "Avenida Serra Do Mar, 986, São Jorge, Uberlândia, Minas Gerais, Brasil",
        "qtld": "232 D"
      }
    },
    {
      "type": "Feature",
      "geometry": {
        "type": "Point",
        "coordinates": [
          -48.22275322,
          -18.96942152
        ]
      },
      "properties": {
        "codigo": "S-271",
        "endereco": "Rua Eurico Adelino Mendes, 79, São Jorge, Uberlândia, Minas Gerais, Brasil",
        "qtld": "237"
      }
    },
    {
      "type": "Feature",
      "geometry": {
        "type": "Point",
        "coordinates": [
          -48.222654,
          -18.971086
        ]
      },
      "properties": {
        "codigo": "S-276",
        "endereco": "Rua Sueli Lopes Da Silva, 1, São Jorge, Uberlândia, Minas Gerais, Brasil",
        "qtld": "230 C"
      }
    },
    {
      "type": "Feature",
      "geometry": {
        "type": "Point",
        "coordinates": [
          -48.2286987,
          -18972331
        ]
      },
      "properties": {
        "codigo": "S-277",
        "endereco": "Rua Sueli Lopes Da Silva, 1, São Jorge, Uberlândia, Minas Gerais, Brasil",
        "qtld": "238"
      }
    },
    {
      "type": "Feature",
      "geometry": {
        "type": "Point",
        "coordinates": [
          -48.231621,
          -18.972408
        ]
      },
      "properties": {
        "codigo": "S-278",
        "endereco": "Rua Sueli Lopes da Silva, 851, Laranjeiras, Uberlândia, Minas Gerais, Brasil",
        "qtld": "66 A"
      }
    },
    {
      "type": "Feature",
      "geometry": {
        "type": "Point",
        "coordinates": [
          -48.2317415,
          -18.9693583
        ]
      },
      "properties": {
        "codigo": "S-279",
        "endereco": "Rua Planalto Borborema, 1600, Laranjeiras, Uberlândia, Minas Gerais, Brasil",
        "qtld": "59 D"
      }
    },
    {
      "type": "Feature",
      "geometry": {
        "type": "Point",
        "coordinates": [
          -48.2674226,
          -18.9335897
        ]
      },
      "properties": {
        "codigo": "S-28",
        "endereco": "Rua Joaquim Vieira Sobrinho, 465, Vigilato Pereira, Uberlândia, Minas Gerais, Brasil",
        "qtld": "97 D"
      }
    },
    {
      "type": "Feature",
      "geometry": {
        "type": "Point",
        "coordinates": [
          -48.2315968,
          -18.966443
        ]
      },
      "properties": {
        "codigo": "S-280",
        "endereco": "Rua Cobertura, 521, Laranjeiras, Uberlândia, Minas Gerais, Brasil",
        "qtld": "50 D"
      }
    },
    {
      "type": "Feature",
      "geometry": {
        "type": "Point",
        "coordinates": [
          -48.2317061,
          -18.9632964
        ]
      },
      "properties": {
        "codigo": "S-281",
        "endereco": "Rua Parceria, 180, Laranjeiras, Uberlândia, Minas Gerais, Brasil",
        "qtld": "47 C"
      }
    },
    {
      "type": "Feature",
      "geometry": {
        "type": "Point",
        "coordinates": [
          -48.2313845,
          -18.9605419
        ]
      },
      "properties": {
        "codigo": "S-282",
        "endereco": "Rua Abelardo Penna, 496, Laranjeiras, Uberlândia, Minas Gerais, Brasil",
        "qtld": "32 B"
      }
    },
    {
      "type": "Feature",
      "geometry": {
        "type": "Point",
        "coordinates": [
          -48.2341554,
          -18.9599199
        ]
      },
      "properties": {
        "codigo": "S-283",
        "endereco": "Rua Antonio Bernardes da Costa, 300, Laranjeiras, Uberlândia, Minas Gerais, Brasil",
        "qtld": "41 A"
      }
    },
    {
      "type": "Feature",
      "geometry": {
        "type": "Point",
        "coordinates": [
          -48.2351939,
          -18.9571656
        ]
      },
      "properties": {
        "codigo": "S-284",
        "endereco": "Rua Angelo Cunha, 269, Laranjeiras, Uberlândia, Minas Gerais, Brasil",
        "qtld": "40 D"
      }
    },
    {
      "type": "Feature",
      "geometry": {
        "type": "Point",
        "coordinates": [
          -48.2343759,
          -18.9544136
        ]
      },
      "properties": {
        "codigo": "S-285",
        "endereco": "Rua Julieta Ferreira de Lima, 533, Laranjeiras, Uberlândia, Minas Gerais, Brasil",
        "qtld": "28 C"
      }
    },
    {
      "type": "Feature",
      "geometry": {
        "type": "Point",
        "coordinates": [
          -48.2379533,
          -18.9512631
        ]
      },
      "properties": {
        "codigo": "S-286",
        "endereco": "Avenida Seme Simao, 955, Laranjeiras, Uberlândia, Minas Gerais, Brasil",
        "qtld": "1 B"
      }
    },
    {
      "type": "Feature",
      "geometry": {
        "type": "Point",
        "coordinates": [
          -48.238043,
          -18.9544893
        ]
      },
      "properties": {
        "codigo": "S-287",
        "endereco": "Rua Amador Lourenco, 378, Laranjeiras, Uberlândia, Minas Gerais, Brasil",
        "qtld": "6 C"
      }
    },
    {
      "type": "Feature",
      "geometry": {
        "type": "Point",
        "coordinates": [
          -48.2405986,
          -18.9544597
        ]
      },
      "properties": {
        "codigo": "S-288",
        "endereco": "Avenida Continental, 289, Laranjeiras, Uberlândia, Minas Gerais, Brasil",
        "qtld": "2A"
      }
    },
    {
      "type": "Feature",
      "geometry": {
        "type": "Point",
        "coordinates": [
          -48.2435321,
          -18.9543872
        ]
      },
      "properties": {
        "codigo": "S-289",
        "endereco": "Rua Arabia, 276, Laranjeiras, Uberlândia, Minas Gerais, Brasil",
        "qtld": "116 D"
      }
    },
    {
      "type": "Feature",
      "geometry": {
        "type": "Point",
        "coordinates": [
          -48.270437,
          -18.9335379
        ]
      },
      "properties": {
        "codigo": "S-29",
        "endereco": "Rua Helvecio Schiavinato, 228, Vigilato Pereira, Uberlândia, Minas Gerais, Brasil",
        "qtld": "79 D"
      }
    },
    {
      "type": "Feature",
      "geometry": {
        "type": "Point",
        "coordinates": [
          -48.2467733,
          -18.9544948
        ]
      },
      "properties": {
        "codigo": "S-290",
        "endereco": "Rua Alemanha, 594, Laranjeiras, Uberlândia, Minas Gerais, Brasil",
        "qtld": "113 A"
      }
    },
    {
      "type": "Feature",
      "geometry": {
        "type": "Point",
        "coordinates": [
          -48.2494613,
          -18.9583201
        ]
      },
      "properties": {
        "codigo": "S-291",
        "endereco": "Avenida do Corinto, 350, Laranjeiras, Uberlândia, Minas Gerais, Brasil",
        "qtld": "199 A"
      }
    },
    {
      "type": "Feature",
      "geometry": {
        "type": "Point",
        "coordinates": [
          -48.2459822,
          -18.9572795
        ]
      },
      "properties": {
        "codigo": "S-292",
        "endereco": "Rua Elba, 30, Laranjeiras, Uberlândia, Minas Gerais, Brasil",
        "qtld": "188 C"
      }
    },
    {
      "type": "Feature",
      "geometry": {
        "type": "Point",
        "coordinates": [
          -48.2434721,
          -18.9574469
        ]
      },
      "properties": {
        "codigo": "S-293",
        "endereco": "Avenida Dinamarca, 486, Laranjeiras, Uberlândia, Minas Gerais, Brasil",
        "qtld": "127 C"
      }
    },
    {
      "type": "Feature",
      "geometry": {
        "type": "Point",
        "coordinates": [
          -48.2405877,
          -18.9575271
        ]
      },
      "properties": {
        "codigo": "S-294",
        "endereco": "Rua Mandagascar, 302, Laranjeiras, Uberlândia, Minas Gerais, Brasil",
        "qtld": "102 C"
      }
    },
    {
      "type": "Feature",
      "geometry": {
        "type": "Point",
        "coordinates": [
          -48.2373619,
          -18.9571995
        ]
      },
      "properties": {
        "codigo": "S-295",
        "endereco": "Rua Argelia, 228, Laranjeiras, Uberlândia, Minas Gerais, Brasil",
        "qtld": "21 B"
      }
    },
    {
      "type": "Feature",
      "geometry": {
        "type": "Point",
        "coordinates": [
          -48.2379905,
          -18.9604973
        ]
      },
      "properties": {
        "codigo": "S-296",
        "endereco": "Rua Congresso, 217, Laranjeiras, Uberlândia, Minas Gerais, Brasil",
        "qtld": "95 B"
      }
    },
    {
      "type": "Feature",
      "geometry": {
        "type": "Point",
        "coordinates": [
          -48.2408694,
          -18.9604559
        ]
      },
      "properties": {
        "codigo": "S-297",
        "endereco": "Rua Tribuna, 487, Laranjeiras, Uberlândia, Minas Gerais, Brasil",
        "qtld": "149 C"
      }
    },
    {
      "type": "Feature",
      "geometry": {
        "type": "Point",
        "coordinates": [
          -48.2435321,
          -18.9543872
        ]
      },
      "properties": {
        "codigo": "S-298",
        "endereco": "Rua Arabia, 276, Laranjeiras, Uberlândia, Minas Gerais, Brasil",
        "qtld": "116 D"
      }
    },
    {
      "type": "Feature",
      "geometry": {
        "type": "Point",
        "coordinates": [
          -48.247284,
          -18.9616241
        ]
      },
      "properties": {
        "codigo": "S-299",
        "endereco": "Avenida Israel, 1163, Laranjeiras, Uberlândia, Minas Gerais, Brasil",
        "qtld": "10A"
      }
    },
    {
      "type": "Feature",
      "geometry": {
        "type": "Point",
        "coordinates": [
          -48.2641468,
          -18.9187571
        ]
      },
      "properties": {
        "codigo": "S-3",
        "endereco": "Rua Jose Zacarias Junqueira, 190, Saraiva, Uberlândia, Minas Gerais, Brasil",
        "qtld": "33 A"
      }
    },
    {
      "type": "Feature",
      "geometry": {
        "type": "Point",
        "coordinates": [
          -48.2731122,
          -18.9324067
        ]
      },
      "properties": {
        "codigo": "S-30",
        "endereco": "Rua Sebastiao Beltrao de Araujo, 1, Vigilato Pereira, Uberlândia, Minas Gerais, Brasil",
        "qtld": "71 D"
      }
    },
    {
      "type": "Feature",
      "geometry": {
        "type": "Point",
        "coordinates": [
          -48.2501884,
          -18.9626869
        ]
      },
      "properties": {
        "codigo": "S-301",
        "endereco": "Rua Malaga, 85, Laranjeiras, Uberlândia, Minas Gerais, Brasil",
        "qtld": "217 A"
      }
    },
    {
      "type": "Feature",
      "geometry": {
        "type": "Point",
        "coordinates": [
          -48.2467435,
          -18.9626657
        ]
      },
      "properties": {
        "codigo": "S-302",
        "endereco": "Rua do Anciao, 1, Laranjeiras, Uberlândia, Minas Gerais, Brasil",
        "qtld": "207 C"
      }
    },
    {
      "type": "Feature",
      "geometry": {
        "type": "Point",
        "coordinates": [
          -48.2434227,
          -18.9634859
        ]
      },
      "properties": {
        "codigo": "S-303",
        "endereco": "Rua da Criança, 876, Laranjeiras, Uberlândia, Minas Gerais, Brasil",
        "qtld": "178 C"
      }
    },
    {
      "type": "Feature",
      "geometry": {
        "type": "Point",
        "coordinates": [
          -48.2406181,
          -18.9633631
        ]
      },
      "properties": {
        "codigo": "S-304",
        "endereco": "Avenida dos Tito, 1017, Laranjeiras, Uberlândia, Minas Gerais, Brasil",
        "qtld": "159 C"
      }
    },
    {
      "type": "Feature",
      "geometry": {
        "type": "Point",
        "coordinates": [
          -48.2375982,
          -18.9637462
        ]
      },
      "properties": {
        "codigo": "S-305",
        "endereco": "Rua Salesiano, 160, Laranjeiras, Uberlândia, Minas Gerais, Brasil",
        "qtld": "164 C"
      }
    },
    {
      "type": "Feature",
      "geometry": {
        "type": "Point",
        "coordinates": [
          -48.2346376,
          -18.9634482
        ]
      },
      "properties": {
        "codigo": "S-306",
        "endereco": "Rua do Adolescente, 150, Laranjeiras, Uberlândia, Minas Gerais, Brasil",
        "qtld": "42 D"
      }
    },
    {
      "type": "Feature",
      "geometry": {
        "type": "Point",
        "coordinates": [
          -48.2350182,
          -18.9661693
        ]
      },
      "properties": {
        "codigo": "S-307",
        "endereco": "Avenida Toledo, 974, Laranjeiras, Uberlândia, Minas Gerais, Brasil",
        "qtld": "83 B"
      }
    },
    {
      "type": "Feature",
      "geometry": {
        "type": "Point",
        "coordinates": [
          -48.2408207,
          -18.9660319
        ]
      },
      "properties": {
        "codigo": "S-309",
        "endereco": "Avenida Iraque, 1420, Laranjeiras, Uberlândia, Minas Gerais, Brasil",
        "qtld": "206 D"
      }
    },
    {
      "type": "Feature",
      "geometry": {
        "type": "Point",
        "coordinates": [
          -48.2762784,
          -18.931787
        ]
      },
      "properties": {
        "codigo": "S-31",
        "endereco": "Avenida Nicomedes Alves Dos Santos, 951, Vigilato Pereira, Uberlândia, Minas Gerais, Brasil",
        "qtld": "62 A"
      }
    },
    {
      "type": "Feature",
      "geometry": {
        "type": "Point",
        "coordinates": [
          -48.26107340000001,
          -18.9352082
        ]
      },
      "properties": {
        "codigo": "S-310",
        "endereco": "Avenida Vereador Carlito Cordeiro, 1, Condominio Residencial Arts, Uberlândia, Minas Gerais, Brasil",
        "qtld": "10A"
      }
    },
    {
      "type": "Feature",
      "geometry": {
        "type": "Point",
        "coordinates": [
          -48.250051,
          -18.9674269
        ]
      },
      "properties": {
        "codigo": "S-311",
        "endereco": "Avenida Vereador Carlito Cordeiro (Rua Michelangelo - Out1), 2885, Condominio Residencial Arts, Uberlândia, Minas Gerais, Brasil",
        "qtld": "10 C"
      }
    },
    {
      "type": "Feature",
      "geometry": {
        "type": "Point",
        "coordinates": [
          -48.2480268,
          -18.9662119
        ]
      },
      "properties": {
        "codigo": "S-312",
        "endereco": "Avenida Vereador Carlito Cordeiro (Rua Leonardo da Vinci - Tb), 2885, Condominio Residencial Arts, Uberlândia, Minas Gerais, Brasil",
        "qtld": "9 D"
      }
    },
    {
      "type": "Feature",
      "geometry": {
        "type": "Point",
        "coordinates": [
          -48.26107340000001,
          -18.9352082
        ]
      },
      "properties": {
        "codigo": "S-313",
        "endereco": "Rua 1 / Avenida Vereador Carlito Cordeiro, 20, Condominio Splendido, Uberlândia, Minas Gerais, Brasil",
        "qtld": "17 A"
      }
    },
    {
      "type": "Feature",
      "geometry": {
        "type": "Point",
        "coordinates": [
          -48.2610486,
          -18.9352827
        ]
      },
      "properties": {
        "codigo": "S-314",
        "endereco": "Rua 5 / Avenida Vereador Carlito Cordeiro, 106, Condominio Splendido, Uberlândia, Minas Gerais, Brasil",
        "qtld": "13 A"
      }
    },
    {
      "type": "Feature",
      "geometry": {
        "type": "Point",
        "coordinates": [
          -48.2345514,
          -18.9723492
        ]
      },
      "properties": {
        "codigo": "S-319",
        "endereco": "Rua Orminda Ferreira Pacheco, 523, Laranjeiras, Uberlândia, Minas Gerais, Brasil",
        "qtld": "73 B"
      }
    },
    {
      "type": "Feature",
      "geometry": {
        "type": "Point",
        "coordinates": [
          -48.2764373,
          -18.9335744
        ]
      },
      "properties": {
        "codigo": "S-32",
        "endereco": "Rua Otilia Souza Oliveira, 75, Morada da Colina, Uberlândia, Minas Gerais, Brasil",
        "qtld": "12 B"
      }
    },
    {
      "type": "Feature",
      "geometry": {
        "type": "Point",
        "coordinates": [
          -48.2379697,
          -18.9726831
        ]
      },
      "properties": {
        "codigo": "S-320",
        "endereco": "Rua Roberto Leong Lik, 70, Laranjeiras, Uberlândia, Minas Gerais, Brasil",
        "qtld": "71 A"
      }
    },
    {
      "type": "Feature",
      "geometry": {
        "type": "Point",
        "coordinates": [
          -48.2610486,
          -18.9352827
        ]
      },
      "properties": {
        "codigo": "S-322",
        "endereco": "Rua 10 / Avenida Vereador Carlito Cordeiro, 80, Condominio Splendido, Uberlândia, Minas Gerais, Brasil",
        "qtld": "8 B"
      }
    },
    {
      "type": "Feature",
      "geometry": {
        "type": "Point",
        "coordinates": [
          -48.2541929,
          -18.9454584
        ]
      },
      "properties": {
        "codigo": "S-323",
        "endereco": "Rua 4 / Avenida Vereador Carlito Cordeiro, 384, Condominio Splendido, Uberlândia, Minas Gerais, Brasil",
        "qtld": "4A"
      }
    },
    {
      "type": "Feature",
      "geometry": {
        "type": "Point",
        "coordinates": [
          -48.2721485,
          -18.9677699
        ]
      },
      "properties": {
        "codigo": "S-326",
        "endereco": "Rua Professora Maria Celia, 1, Shopping Park, Uberlândia, Minas Gerais, Brasil",
        "qtld": "25 D"
      }
    },
    {
      "type": "Feature",
      "geometry": {
        "type": "Point",
        "coordinates": [
          -48.2795583,
          -18.9662918
        ]
      },
      "properties": {
        "codigo": "S-327",
        "endereco": "Rua Professora Maria Celia, 160, Shopping Park, Uberlândia, Minas Gerais, Brasil",
        "qtld": "23 C"
      }
    },
    {
      "type": "Feature",
      "geometry": {
        "type": "Point",
        "coordinates": [
          -48.2741668,
          -18.9552507
        ]
      },
      "properties": {
        "codigo": "S-328",
        "endereco": "Avenida Lidormira Borges Do Nascimento, 1, Shopping Park, Uberlândia, Minas Gerais, Brasil",
        "qtld": "9 B"
      }
    },
    {
      "type": "Feature",
      "geometry": {
        "type": "Point",
        "coordinates": [
          -48.2863659,
          -18.9673036
        ]
      },
      "properties": {
        "codigo": "S-329",
        "endereco": "Rua Maragogi, 120, Cond. Varanda Sul, Uberlândia, Minas Gerais, Brasil",
        "qtld": "1A"
      }
    },
    {
      "type": "Feature",
      "geometry": {
        "type": "Point",
        "coordinates": [
          -48.2806966,
          -18.9328855
        ]
      },
      "properties": {
        "codigo": "S-33",
        "endereco": "Avenida Presidente Medici, 1, Morada da Colina, Uberlândia, Minas Gerais, Brasil",
        "qtld": "9 B"
      }
    },
    {
      "type": "Feature",
      "geometry": {
        "type": "Point",
        "coordinates": [
          -48.28571,
          -18.9650989
        ]
      },
      "properties": {
        "codigo": "S-330",
        "endereco": "Via Marginal Anel Viario Sul, 1, Shopping Park, Uberlândia, Minas Gerais, Brasil",
        "qtld": "2 D"
      }
    },
    {
      "type": "Feature",
      "geometry": {
        "type": "Point",
        "coordinates": [
          -48.2883875,
          -18.9711515
        ]
      },
      "properties": {
        "codigo": "S-332",
        "endereco": "Avenida Felipe Bueno Campos, 1, Shopping Park, Uberlândia, Minas Gerais, Brasil",
        "qtld": "2 C"
      }
    },
    {
      "type": "Feature",
      "geometry": {
        "type": "Point",
        "coordinates": [
          -48.2862565,
          -18.9698835
        ]
      },
      "properties": {
        "codigo": "S-333",
        "endereco": "Alameda Juquehy, 390, Cond. Varanda Sul, Uberlândia, Minas Gerais, Brasil",
        "qtld": "9A"
      }
    },
    {
      "type": "Feature",
      "geometry": {
        "type": "Point",
        "coordinates": [
          -48.2823317,
          -18.9696544
        ]
      },
      "properties": {
        "codigo": "S-334",
        "endereco": "Rua Agenor Lemes Garcia, 114, Shopping Park, Uberlândia, Minas Gerais, Brasil",
        "qtld": "16 C"
      }
    },
    {
      "type": "Feature",
      "geometry": {
        "type": "Point",
        "coordinates": [
          -48.2793658,
          -18.969532
        ]
      },
      "properties": {
        "codigo": "S-335",
        "endereco": "Rua Gulherme Domingues Franco, 102, Shopping Park, Uberlândia, Minas Gerais, Brasil",
        "qtld": "21 C"
      }
    },
    {
      "type": "Feature",
      "geometry": {
        "type": "Point",
        "coordinates": [
          -48.2752623,
          -18.968476
        ]
      },
      "properties": {
        "codigo": "S-336",
        "endereco": "Rua Rita Pereira De Rezende, 1, Shopping Park, Uberlândia, Minas Gerais, Brasil",
        "qtld": "26 B"
      }
    },
    {
      "type": "Feature",
      "geometry": {
        "type": "Point",
        "coordinates": [
          -48.2718146,
          -18.9692924
        ]
      },
      "properties": {
        "codigo": "S-337",
        "endereco": "Rua Doutor Munir Tannus Abdalla, 201, Shopping Park, Uberlândia, Minas Gerais, Brasil",
        "qtld": "255 B"
      }
    },
    {
      "type": "Feature",
      "geometry": {
        "type": "Point",
        "coordinates": [
          -48.27015069999999,
          -18.9695459
        ]
      },
      "properties": {
        "codigo": "S-338",
        "endereco": "Rua Luiz Fuad Adib, 105, Shopping Park, Uberlândia, Minas Gerais, Brasil",
        "qtld": "253 B"
      }
    },
    {
      "type": "Feature",
      "geometry": {
        "type": "Point",
        "coordinates": [
          -48.2768333,
          -18.9368212
        ]
      },
      "properties": {
        "codigo": "S-34",
        "endereco": "Avenida Presidente Castelo Branco, 1, Morada da Colina, Uberlândia, Minas Gerais, Brasil",
        "qtld": "17 A"
      }
    },
    {
      "type": "Feature",
      "geometry": {
        "type": "Point",
        "coordinates": [
          -48.2637761,
          -18.9770554
        ]
      },
      "properties": {
        "codigo": "S-341",
        "endereco": "Rua Sebastiao Irias De Matos, 1, Shopping Park, Uberlândia, Minas Gerais, Brasil",
        "qtld": "130 C"
      }
    },
    {
      "type": "Feature",
      "geometry": {
        "type": "Point",
        "coordinates": [
          -48.26732029999999,
          -18.9723994
        ]
      },
      "properties": {
        "codigo": "S-342",
        "endereco": "Rua Lourival Raghiante Samora, 38, Shopping Park, Uberlândia, Minas Gerais, Brasil",
        "qtld": "230 A"
      }
    },
    {
      "type": "Feature",
      "geometry": {
        "type": "Point",
        "coordinates": [
          -48.2728212,
          -18.9781661
        ]
      },
      "properties": {
        "codigo": "S-344",
        "endereco": "Avenida Nicomedes Alves Dos Santos, 1, Shopping Park, Uberlândia, Minas Gerais, Brasil",
        "qtld": "250 B"
      }
    },
    {
      "type": "Feature",
      "geometry": {
        "type": "Point",
        "coordinates": [
          -48.27651609999999,
          -18.9723098
        ]
      },
      "properties": {
        "codigo": "S-345",
        "endereco": "Rua Nair Viana Diniz, 127, Shopping Park, Uberlândia, Minas Gerais, Brasil",
        "qtld": "32 D"
      }
    },
    {
      "type": "Feature",
      "geometry": {
        "type": "Point",
        "coordinates": [
          -48.2794007,
          -18.9724893
        ]
      },
      "properties": {
        "codigo": "S-346",
        "endereco": "Rua Jesus Teotonio De Castro, 1, Shopping Park, Uberlândia, Minas Gerais, Brasil",
        "qtld": "39 B"
      }
    },
    {
      "type": "Feature",
      "geometry": {
        "type": "Point",
        "coordinates": [
          -48.283533,
          -18.9729143
        ]
      },
      "properties": {
        "codigo": "S-348",
        "endereco": "Avenida Lidormira Borges Do Nascimento, 2201, Shopping Park, Uberlândia, Minas Gerais, Brasil",
        "qtld": "7A"
      }
    },
    {
      "type": "Feature",
      "geometry": {
        "type": "Point",
        "coordinates": [
          -48.2883875,
          -18.9711515
        ]
      },
      "properties": {
        "codigo": "S-349",
        "endereco": "Avenida Felipe Bueno Campos, 1, Shopping Park, Uberlândia, Minas Gerais, Brasil",
        "qtld": "5 B"
      }
    },
    {
      "type": "Feature",
      "geometry": {
        "type": "Point",
        "coordinates": [
          -48.2792643,
          -18.9367509
        ]
      },
      "properties": {
        "codigo": "S-35",
        "endereco": "Avenida Presidente Castelo Branco, 34, Morada da Colina, Uberlândia, Minas Gerais, Brasil",
        "qtld": "20 D"
      }
    },
    {
      "type": "Feature",
      "geometry": {
        "type": "Point",
        "coordinates": [
          -48.2910714,
          -18.9726617
        ]
      },
      "properties": {
        "codigo": "S-350",
        "endereco": "Avenida Lidormira Borges Do Nascimento, 2700, Shopping Park, Uberlândia, Minas Gerais, Brasil",
        "qtld": "5 C"
      }
    },
    {
      "type": "Feature",
      "geometry": {
        "type": "Point",
        "coordinates": [
          -48.2741638,
          -18.955189
        ]
      },
      "properties": {
        "codigo": "S-351",
        "endereco": "Avenida Lidormira Borges do Nascimento, 11, Shopping Park, Uberlândia, Minas Gerais, Brasil",
        "qtld": "6 C"
      }
    },
    {
      "type": "Feature",
      "geometry": {
        "type": "Point",
        "coordinates": [
          -48.282844,
          -18.9750878
        ]
      },
      "properties": {
        "codigo": "S-354",
        "endereco": "Rua Camila Silva Andrade, 1, Shopping Park, Uberlândia, Minas Gerais, Brasil",
        "qtld": "7 D"
      }
    },
    {
      "type": "Feature",
      "geometry": {
        "type": "Point",
        "coordinates": [
          -48.2799178,
          -18.9753963
        ]
      },
      "properties": {
        "codigo": "S-355",
        "endereco": "Rua Wenceslence Franco Rocha, 1, Shopping Park, Uberlândia, Minas Gerais, Brasil",
        "qtld": "46 A"
      }
    },
    {
      "type": "Feature",
      "geometry": {
        "type": "Point",
        "coordinates": [
          -48.27002479999999,
          -18.9732613
        ]
      },
      "properties": {
        "codigo": "S-357",
        "endereco": "Avenida Argemiro Evangelista Ferreira, 1, Shopping Park, Uberlândia, Minas Gerais, Brasil",
        "qtld": "246 B"
      }
    },
    {
      "type": "Feature",
      "geometry": {
        "type": "Point",
        "coordinates": [
          -48.2722314,
          -18.9761811
        ]
      },
      "properties": {
        "codigo": "S-358",
        "endereco": "Rua Jose Vicente Da Silva, 1, Shopping Park, Uberlândia, Minas Gerais, Brasil",
        "qtld": "242 A"
      }
    },
    {
      "type": "Feature",
      "geometry": {
        "type": "Point",
        "coordinates": [
          -48.267563,
          -18.9753208
        ]
      },
      "properties": {
        "codigo": "S-359",
        "endereco": "Rua Americo Martins Da Silva, 205, Shopping Park, Uberlândia, Minas Gerais, Brasil",
        "qtld": "236 D"
      }
    },
    {
      "type": "Feature",
      "geometry": {
        "type": "Point",
        "coordinates": [
          -48.2766026,
          -18.9392051
        ]
      },
      "properties": {
        "codigo": "S-36",
        "endereco": "Rua Concordia, 581, Morada da Colina, Uberlândia, Minas Gerais, Brasil",
        "qtld": "36 D"
      }
    },
    {
      "type": "Feature",
      "geometry": {
        "type": "Point",
        "coordinates": [
          -48.2643586,
          -18.9753653
        ]
      },
      "properties": {
        "codigo": "S-360",
        "endereco": "Rua Sebastiao Irias De Matos, 690, Shopping Park, Uberlândia, Minas Gerais, Brasil",
        "qtld": "224 B"
      }
    },
    {
      "type": "Feature",
      "geometry": {
        "type": "Point",
        "coordinates": [
          -48.26440711,
          -18.97835877
        ]
      },
      "properties": {
        "codigo": "S-361",
        "endereco": "Rua Joaquim Rodrigues De Oliveira, 140, , Uberlândia, Minas Gerais, Brasil",
        "qtld": "Derly"
      }
    },
    {
      "type": "Feature",
      "geometry": {
        "type": "Point",
        "coordinates": [
          -48.2672497,
          -18.978604
        ]
      },
      "properties": {
        "codigo": "S-362",
        "endereco": "Rua Antonio Rodrigues De Oliveira, 176, Shopping Park, Uberlândia, Minas Gerais, Brasil",
        "qtld": "211 A"
      }
    },
    {
      "type": "Feature",
      "geometry": {
        "type": "Point",
        "coordinates": [
          -48.2703699,
          -18.9786017
        ]
      },
      "properties": {
        "codigo": "S-363",
        "endereco": "Rua Tereza Bueno Do Prado, 217, Shopping Park, Uberlândia, Minas Gerais, Brasil",
        "qtld": "205 B"
      }
    },
    {
      "type": "Feature",
      "geometry": {
        "type": "Point",
        "coordinates": [
          -48.2830621,
          -18.9675452
        ]
      },
      "properties": {
        "codigo": "S-364",
        "endereco": "Avenida Argemiro Evangelista Ferreira, 10, Shopping Park, Uberlândia, Minas Gerais, Brasil",
        "qtld": "247 B"
      }
    },
    {
      "type": "Feature",
      "geometry": {
        "type": "Point",
        "coordinates": [
          -48.2725518,
          -18.9782186
        ]
      },
      "properties": {
        "codigo": "S-365",
        "endereco": "Avenida Isabel Marcelino De Queiroz, 1, Shopping Park, Uberlândia, Minas Gerais, Brasil",
        "qtld": "67 D"
      }
    },
    {
      "type": "Feature",
      "geometry": {
        "type": "Point",
        "coordinates": [
          -48.2789394,
          -18.9782929
        ]
      },
      "properties": {
        "codigo": "S-366",
        "endereco": "Avenida Afonso Vilar, 1, Shopping Park, Uberlândia, Minas Gerais, Brasil",
        "qtld": "56 H"
      }
    },
    {
      "type": "Feature",
      "geometry": {
        "type": "Point",
        "coordinates": [
          -48.29035529999999,
          -18.9749126
        ]
      },
      "properties": {
        "codigo": "S-369",
        "endereco": "Avenida Lidormira Borges Do Nascimento, 1, Shopping Park / Caça e Pesca, Uberlândia, Minas Gerais, Brasil",
        "qtld": "6A"
      }
    },
    {
      "type": "Feature",
      "geometry": {
        "type": "Point",
        "coordinates": [
          -48.2763897,
          -18.9426432
        ]
      },
      "properties": {
        "codigo": "S-37",
        "endereco": "Rua Jose Divino Gomes, 1, Morada da Colina, Uberlândia, Minas Gerais, Brasil",
        "qtld": "45 B"
      }
    },
    {
      "type": "Feature",
      "geometry": {
        "type": "Point",
        "coordinates": [
          -48.2794535,
          -18.9813138
        ]
      },
      "properties": {
        "codigo": "S-372",
        "endereco": "Avenida Sul Americana, 627, Shopping Park, Uberlândia, Minas Gerais, Brasil",
        "qtld": "77 C"
      }
    },
    {
      "type": "Feature",
      "geometry": {
        "type": "Point",
        "coordinates": [
          -48.2764797,
          -18.981258
        ]
      },
      "properties": {
        "codigo": "S-373",
        "endereco": "Rua Adao De Souza Dos Santos, 225, Shopping Park, Uberlândia, Minas Gerais, Brasil",
        "qtld": "75 B"
      }
    },
    {
      "type": "Feature",
      "geometry": {
        "type": "Point",
        "coordinates": [
          -48.2728212,
          -18.9781661
        ]
      },
      "properties": {
        "codigo": "S-374",
        "endereco": "Avenida Nicomedes Alves Dos Santos, 1, Shopping Park, Uberlândia, Minas Gerais, Brasil",
        "qtld": "94 C"
      }
    },
    {
      "type": "Feature",
      "geometry": {
        "type": "Point",
        "coordinates": [
          -48.27044249999999,
          -18.9815396
        ]
      },
      "properties": {
        "codigo": "S-375",
        "endereco": "Rua Rodrigo Antonio De Morais, 106, Shopping Park, Uberlândia, Minas Gerais, Brasil",
        "qtld": "199 C"
      }
    },
    {
      "type": "Feature",
      "geometry": {
        "type": "Point",
        "coordinates": [
          -48.2676419,
          -18.9815218
        ]
      },
      "properties": {
        "codigo": "S-376",
        "endereco": "Rua Orestes Mendes Ferreira, 40, Shopping Park, Uberlândia, Minas Gerais, Brasil",
        "qtld": "192 A"
      }
    },
    {
      "type": "Feature",
      "geometry": {
        "type": "Point",
        "coordinates": [
          -48.2641864,
          -18.9815492
        ]
      },
      "properties": {
        "codigo": "S-377",
        "endereco": "Rua Doutor Jose Geraldo Machad, 112, Shopping Park, Uberlândia, Minas Gerais, Brasil",
        "qtld": "188 B"
      }
    },
    {
      "type": "Feature",
      "geometry": {
        "type": "Point",
        "coordinates": [
          -48.262212,
          -18.984334
        ]
      },
      "properties": {
        "codigo": "S-379",
        "endereco": "Rua Ana Valentina Nogueira, 1, Shopping Park, Uberlândia, Minas Gerais, Brasil",
        "qtld": "130 G"
      }
    },
    {
      "type": "Feature",
      "geometry": {
        "type": "Point",
        "coordinates": [
          -48.2764607,
          -18.9452834
        ]
      },
      "properties": {
        "codigo": "S-38",
        "endereco": "Rua Dom Almir Marques Ferreira, 282, Morada da Colina, Uberlândia, Minas Gerais, Brasil",
        "qtld": "83 B"
      }
    },
    {
      "type": "Feature",
      "geometry": {
        "type": "Point",
        "coordinates": [
          -48.2644446,
          -18.9844335
        ]
      },
      "properties": {
        "codigo": "S-380",
        "endereco": "Rua Vanderli Rosa Gomes, 167, Shopping Park, Uberlândia, Minas Gerais, Brasil",
        "qtld": "183 D"
      }
    },
    {
      "type": "Feature",
      "geometry": {
        "type": "Point",
        "coordinates": [
          -48.2674296,
          -18.9842002
        ]
      },
      "properties": {
        "codigo": "S-381",
        "endereco": "Avenida Jose Abdulmassih, 1192, Shopping Park, Uberlândia, Minas Gerais, Brasil",
        "qtld": "169 A"
      }
    },
    {
      "type": "Feature",
      "geometry": {
        "type": "Point",
        "coordinates": [
          -48.2707314,
          -18.9843293
        ]
      },
      "properties": {
        "codigo": "S-382",
        "endereco": "Rua Joao Francisco Da Silva, 748, Shopping Park, Uberlândia, Minas Gerais, Brasil",
        "qtld": "194 B"
      }
    },
    {
      "type": "Feature",
      "geometry": {
        "type": "Point",
        "coordinates": [
          -48.2714978,
          -18.9840836
        ]
      },
      "properties": {
        "codigo": "S-383",
        "endereco": "Avenida Oriques Alves Vieira, 11, Shopping Park, Uberlândia, Minas Gerais, Brasil",
        "qtld": "92 C"
      }
    },
    {
      "type": "Feature",
      "geometry": {
        "type": "Point",
        "coordinates": [
          -48.2764882,
          -18.9847294
        ]
      },
      "properties": {
        "codigo": "S-384",
        "endereco": "Avenida Bittencourt Afonso Da Costa, 1, Shopping Park, Uberlândia, Minas Gerais, Brasil",
        "qtld": "87 C"
      }
    },
    {
      "type": "Feature",
      "geometry": {
        "type": "Point",
        "coordinates": [
          -48.2764882,
          -18.9847294
        ]
      },
      "properties": {
        "codigo": "S-385",
        "endereco": "Avenida Bittencourt Afonso Da Costa, 1, Shopping Park, Uberlândia, Minas Gerais, Brasil",
        "qtld": "78 B"
      }
    },
    {
      "type": "Feature",
      "geometry": {
        "type": "Point",
        "coordinates": [
          -48.2706266,
          -18.9873016
        ]
      },
      "properties": {
        "codigo": "S-389",
        "endereco": "Rua Glenio Custodio Spini, 65, Shopping Park, Uberlândia, Minas Gerais, Brasil",
        "qtld": "153 C"
      }
    },
    {
      "type": "Feature",
      "geometry": {
        "type": "Point",
        "coordinates": [
          -48.2755735,
          -18.9461222
        ]
      },
      "properties": {
        "codigo": "S-39",
        "endereco": "Rua Berenice Rezende Diniz - Rua G 3 3, 300, Morada da Colina, Uberlândia, Minas Gerais, Brasil",
        "qtld": "2 C"
      }
    },
    {
      "type": "Feature",
      "geometry": {
        "type": "Point",
        "coordinates": [
          -48.2675136,
          -18.9875474
        ]
      },
      "properties": {
        "codigo": "S-390",
        "endereco": "Rua Juracy De Sales Ferreira, 194, Shopping Park, Uberlândia, Minas Gerais, Brasil",
        "qtld": "157 C"
      }
    },
    {
      "type": "Feature",
      "geometry": {
        "type": "Point",
        "coordinates": [
          -48.26466449999999,
          -18.9873895
        ]
      },
      "properties": {
        "codigo": "S-391",
        "endereco": "Rua Laor Pereira Carneiro, 305, Shopping Park, Uberlândia, Minas Gerais, Brasil",
        "qtld": "176 D"
      }
    },
    {
      "type": "Feature",
      "geometry": {
        "type": "Point",
        "coordinates": [
          -48.2621782,
          -18.9876381
        ]
      },
      "properties": {
        "codigo": "S-392",
        "endereco": "Rua Ivete Cordeiro Da Silva, 1775, Shopping Park, Uberlândia, Minas Gerais, Brasil",
        "qtld": "130 B"
      }
    },
    {
      "type": "Feature",
      "geometry": {
        "type": "Point",
        "coordinates": [
          -48.2619942,
          -18.9903498
        ]
      },
      "properties": {
        "codigo": "S-393",
        "endereco": "Rua Ivete Cordeiro Da Silva, 1999, Shopping Park, Uberlândia, Minas Gerais, Brasil",
        "qtld": "130 B"
      }
    },
    {
      "type": "Feature",
      "geometry": {
        "type": "Point",
        "coordinates": [
          -48.2645549,
          -18.9902621
        ]
      },
      "properties": {
        "codigo": "S-394",
        "endereco": "Rua Oracilia Pereira Prado, 105, Shopping Park, Uberlândia, Minas Gerais, Brasil",
        "qtld": "138 A"
      }
    },
    {
      "type": "Feature",
      "geometry": {
        "type": "Point",
        "coordinates": [
          -48.26704059999999,
          -18.9905973
        ]
      },
      "properties": {
        "codigo": "S-395",
        "endereco": "Rua Juvenilia Mota Leite, 700, Shopping Park, Uberlândia, Minas Gerais, Brasil",
        "qtld": "127 A"
      }
    },
    {
      "type": "Feature",
      "geometry": {
        "type": "Point",
        "coordinates": [
          -48.2702963,
          -18.9893127
        ]
      },
      "properties": {
        "codigo": "S-396",
        "endereco": "Rua Professor Erotildes Silva De Menezes, 1, Shopping Park, Uberlândia, Minas Gerais, Brasil",
        "qtld": "121 A"
      }
    },
    {
      "type": "Feature",
      "geometry": {
        "type": "Point",
        "coordinates": [
          -48.2735509,
          -18.9902226
        ]
      },
      "properties": {
        "codigo": "S-397",
        "endereco": "Rua Alan Kardec De Avelar, 80, Shopping Park, Uberlândia, Minas Gerais, Brasil",
        "qtld": "111 D"
      }
    },
    {
      "type": "Feature",
      "geometry": {
        "type": "Point",
        "coordinates": [
          -48.2618176,
          -18.9187268
        ]
      },
      "properties": {
        "codigo": "S-4",
        "endereco": "Avenida Joao Naves de Avila, 2236, Saraiva, Uberlândia, Minas Gerais, Brasil",
        "qtld": "27 C"
      }
    },
    {
      "type": "Feature",
      "geometry": {
        "type": "Point",
        "coordinates": [
          -48.2761423,
          -18.9514219
        ]
      },
      "properties": {
        "codigo": "S-40",
        "endereco": "Avenida dos Vinhedos, 200, Morada da Colina / Cond. Gávea Hill 1, Uberlândia, Minas Gerais, Brasil",
        "qtld": "6 D"
      }
    },
    {
      "type": "Feature",
      "geometry": {
        "type": "Point",
        "coordinates": [
          -48.2714393,
          -18.9934824
        ]
      },
      "properties": {
        "codigo": "S-400",
        "endereco": "Rua Antonio Carlos Martins Ribeiro, 865, Shopping Park, Uberlândia, Minas Gerais, Brasil",
        "qtld": "118 B"
      }
    },
    {
      "type": "Feature",
      "geometry": {
        "type": "Point",
        "coordinates": [
          -48.2704251,
          -18.9930909
        ]
      },
      "properties": {
        "codigo": "S-401",
        "endereco": "Rua Joquim Galdino Teixeira, 300, Shopping Park, Uberlândia, Minas Gerais, Brasil",
        "qtld": "120 A"
      }
    },
    {
      "type": "Feature",
      "geometry": {
        "type": "Point",
        "coordinates": [
          -48.2672141,
          -18.9932244
        ]
      },
      "properties": {
        "codigo": "S-402",
        "endereco": "Rua Floriza Miranda Pereira, 285, Shopping Park, Uberlândia, Minas Gerais, Brasil",
        "qtld": "128 D"
      }
    },
    {
      "type": "Feature",
      "geometry": {
        "type": "Point",
        "coordinates": [
          -48.2619941,
          -18.9918066
        ]
      },
      "properties": {
        "codigo": "S-403",
        "endereco": "Rua Rio Acima, 2667, Shopping Park, Uberlândia, Minas Gerais, Brasil",
        "qtld": "130 A"
      }
    },
    {
      "type": "Feature",
      "geometry": {
        "type": "Point",
        "coordinates": [
          -48.278718,
          -18.9516054
        ]
      },
      "properties": {
        "codigo": "S-41",
        "endereco": "Avenida dos Vinhedos, 555, Morada da Colina, Uberlândia, Minas Gerais, Brasil",
        "qtld": "101 A"
      }
    },
    {
      "type": "Feature",
      "geometry": {
        "type": "Point",
        "coordinates": [
          -48.2822411,
          -18.95846
        ]
      },
      "properties": {
        "codigo": "S-420",
        "endereco": "Alameda das Copaibas - Alameda Bach, Nº 219 Condomínio Tamboré, 20, Gavea, Uberlândia, Minas Gerais, Brasil",
        "qtld": "8 C"
      }
    },
    {
      "type": "Feature",
      "geometry": {
        "type": "Point",
        "coordinates": [
          -48.2841678,
          -18.9536555
        ]
      },
      "properties": {
        "codigo": "S-421",
        "endereco": "Avenida Paulo Gracindo (Alameda Gaviao Imperial, 230), 1000, Condominio Gavea Paradiso, Uberlândia, Minas Gerais, Brasil",
        "qtld": "3A"
      }
    },
    {
      "type": "Feature",
      "geometry": {
        "type": "Point",
        "coordinates": [
          -48.2830807,
          -18.954616
        ]
      },
      "properties": {
        "codigo": "S-422",
        "endereco": "Avenida Paulo Gracindo (Alameda Galo da Serra, 15), 1000, Condominio Gavea Paradiso, Uberlândia, Minas Gerais, Brasil",
        "qtld": "3 D"
      }
    },
    {
      "type": "Feature",
      "geometry": {
        "type": "Point",
        "coordinates": [
          -48.2822411,
          -18.95846
        ]
      },
      "properties": {
        "codigo": "S-423",
        "endereco": "Alameda das Copaibas - Condomínio Tamboré, 20, Gavea, Uberlândia, Minas Gerais, Brasil",
        "qtld": "8 C"
      }
    },
    {
      "type": "Feature",
      "geometry": {
        "type": "Point",
        "coordinates": [
          -48.2795113,
          -18.9604887
        ]
      },
      "properties": {
        "codigo": "S-424",
        "endereco": "Rua Su1, 100, Gavea, Uberlândia, Minas Gerais, Brasil",
        "qtld": "15A"
      }
    },
    {
      "type": "Feature",
      "geometry": {
        "type": "Point",
        "coordinates": [
          -48.2795113,
          -18.9604887
        ]
      },
      "properties": {
        "codigo": "S-427",
        "endereco": "Rua Su1, 100, Gavea, Uberlândia, Minas Gerais, Brasil",
        "qtld": "16A"
      }
    },
    {
      "type": "Feature",
      "geometry": {
        "type": "Point",
        "coordinates": [
          -48.27777510000001,
          -18.9573769
        ]
      },
      "properties": {
        "codigo": "S-428",
        "endereco": "Avenida Paulo Gracindo, 15, Gavea, Uberlândia, Minas Gerais, Brasil",
        "qtld": "5 D"
      }
    },
    {
      "type": "Feature",
      "geometry": {
        "type": "Point",
        "coordinates": [
          -48.2782409,
          -18.9557475
        ]
      },
      "properties": {
        "codigo": "S-429",
        "endereco": "Avenida Paulo Gracindo (Alameda Doris Monteiro, OUT), 1000, Condominio Solares da Gávea, Uberlândia, Minas Gerais, Brasil",
        "qtld": "16B"
      }
    },
    {
      "type": "Feature",
      "geometry": {
        "type": "Point",
        "coordinates": [
          -48.3215893,
          -18.9159303
        ]
      },
      "properties": {
        "codigo": "S-43",
        "endereco": "Rua Vicente de Paula Vaz, 1, Morada da Colina, Uberlândia, Minas Gerais, Brasil",
        "qtld": "95 C"
      }
    },
    {
      "type": "Feature",
      "geometry": {
        "type": "Point",
        "coordinates": [
          -48.2782409,
          -18.9557475
        ]
      },
      "properties": {
        "codigo": "S-430",
        "endereco": "Avenida Paulo Gracindo (Alameda Geraldo Vandre, 45), 1000, Condominio Solares da Gávea, Uberlândia, Minas Gerais, Brasil",
        "qtld": "2 C"
      }
    },
    {
      "type": "Feature",
      "geometry": {
        "type": "Point",
        "coordinates": [
          -48.27777510000001,
          -18.9573769
        ]
      },
      "properties": {
        "codigo": "S-431",
        "endereco": "Avenida Paulo Gracindo, 15, Gavea, Uberlândia, Minas Gerais, Brasil",
        "qtld": "5 D"
      }
    },
    {
      "type": "Feature",
      "geometry": {
        "type": "Point",
        "coordinates": [
          -48.2760997,
          -18.9613425
        ]
      },
      "properties": {
        "codigo": "S-432",
        "endereco": "Rua Nininha Rocha, 125, Gavea, Uberlândia, Minas Gerais, Brasil",
        "qtld": "12A"
      }
    },
    {
      "type": "Feature",
      "geometry": {
        "type": "Point",
        "coordinates": [
          -48.2711544,
          -18.9560326
        ]
      },
      "properties": {
        "codigo": "S-436",
        "endereco": "Avenida Nicomedes Alves dos Santos, 4545, Jardim Sul, Uberlândia, Minas Gerais, Brasil",
        "qtld": "41C"
      }
    },
    {
      "type": "Feature",
      "geometry": {
        "type": "Point",
        "coordinates": [
          -48.2861418,
          -18.9465894
        ]
      },
      "properties": {
        "codigo": "S-44",
        "endereco": "Rua da Carioca - Rua RV 03, 220, 220, Cond. Reseva do Vale, Uberlândia, Minas Gerais, Brasil",
        "qtld": "42D"
      }
    },
    {
      "type": "Feature",
      "geometry": {
        "type": "Point",
        "coordinates": [
          -48.2806434,
          -18.9471706
        ]
      },
      "properties": {
        "codigo": "S-45",
        "endereco": "Avenida dos Vinhedos, 1200, Morada da Colina, Uberlândia, Minas Gerais, Brasil",
        "qtld": "93 D"
      }
    },
    {
      "type": "Feature",
      "geometry": {
        "type": "Point",
        "coordinates": [
          -48.2711544,
          -18.9560326
        ]
      },
      "properties": {
        "codigo": "S-450",
        "endereco": "Avenida Nicomedes Alves dos Santos, 4545, Jardim Sul, Uberlândia, Minas Gerais, Brasil",
        "qtld": "41C"
      }
    },
    {
      "type": "Feature",
      "geometry": {
        "type": "Point",
        "coordinates": [
          -48.2618558,
          -18.9634818
        ]
      },
      "properties": {
        "codigo": "S-452",
        "endereco": "Avenida Landscape(Alameda Village Lane, 60), 1870, Jardim Sul, Uberlândia, Minas Gerais, Brasil",
        "qtld": "6 C"
      }
    },
    {
      "type": "Feature",
      "geometry": {
        "type": "Point",
        "coordinates": [
          -48.2663602,
          -18.9617874
        ]
      },
      "properties": {
        "codigo": "S-453",
        "endereco": "Avenida Arrabio (Alameda das Borgonha TB), 60, Jardim Sul, Uberlândia, Minas Gerais, Brasil",
        "qtld": "5A"
      }
    },
    {
      "type": "Feature",
      "geometry": {
        "type": "Point",
        "coordinates": [
          -48.261902,
          -18.9605018
        ]
      },
      "properties": {
        "codigo": "S-454",
        "endereco": "Avenida Arrabio (Alameda Terras do Atacama TB), 60, Jardim Sul, Uberlândia, Minas Gerais, Brasil",
        "qtld": "9A"
      }
    },
    {
      "type": "Feature",
      "geometry": {
        "type": "Point",
        "coordinates": [
          -48.2618558,
          -18.9634818
        ]
      },
      "properties": {
        "codigo": "S-455",
        "endereco": "Avenida Landscape (Alameda Tangara, 239), 970, Jardim Sul, Uberlândia, Minas Gerais, Brasil",
        "qtld": "7 D"
      }
    },
    {
      "type": "Feature",
      "geometry": {
        "type": "Point",
        "coordinates": [
          -48.252054,
          -18.9624112
        ]
      },
      "properties": {
        "codigo": "S-457",
        "endereco": "Rua Carlos da Silva, 1, Jardim Sul, Uberlândia, Minas Gerais, Brasil",
        "qtld": "6 D"
      }
    },
    {
      "type": "Feature",
      "geometry": {
        "type": "Point",
        "coordinates": [
          -48.2528774,
          -18.963495
        ]
      },
      "properties": {
        "codigo": "S-458",
        "endereco": "Rua Professora Maria Helena Martins, 110, Jardim Sul, Uberlândia, Minas Gerais, Brasil",
        "qtld": "8 B"
      }
    },
    {
      "type": "Feature",
      "geometry": {
        "type": "Point",
        "coordinates": [
          -48.2805665,
          -18.9506663
        ]
      },
      "properties": {
        "codigo": "S-46",
        "endereco": "Avenida dos Vinhedos - Rua Rosa de Prata, TB 1, 900, Cond. Gávea Hill 2, Uberlândia, Minas Gerais, Brasil",
        "qtld": "7 B"
      }
    },
    {
      "type": "Feature",
      "geometry": {
        "type": "Point",
        "coordinates": [
          -48.2812087,
          -18.9613977
        ]
      },
      "properties": {
        "codigo": "S-460",
        "endereco": "Avenida Landscape (Alameda Tuim, 114), 970, Gavea, Uberlândia, Minas Gerais, Brasil",
        "qtld": "5 D"
      }
    },
    {
      "type": "Feature",
      "geometry": {
        "type": "Point",
        "coordinates": [
          -48.2812087,
          -18.9613977
        ]
      },
      "properties": {
        "codigo": "S-461",
        "endereco": "Avenida Landscape (Alameda Anaca, TB), 970, Gavea, Uberlândia, Minas Gerais, Brasil",
        "qtld": "1 E"
      }
    },
    {
      "type": "Feature",
      "geometry": {
        "type": "Point",
        "coordinates": [
          -48.2689356,
          -18.9632125
        ]
      },
      "properties": {
        "codigo": "S-463",
        "endereco": "Avenida Landscape (Alameda Village Drive, 176), 1870, Condominio Golden Village, Uberlândia, Minas Gerais, Brasil",
        "qtld": "2 B"
      }
    },
    {
      "type": "Feature",
      "geometry": {
        "type": "Point",
        "coordinates": [
          -48.271201,
          -18.9635304
        ]
      },
      "properties": {
        "codigo": "S-464",
        "endereco": "Avenida Landscape, 2115, Jardim Sul, Uberlândia, Minas Gerais, Brasil",
        "qtld": "12 C"
      }
    },
    {
      "type": "Feature",
      "geometry": {
        "type": "Point",
        "coordinates": [
          -48.2608371,
          -18.9638752
        ]
      },
      "properties": {
        "codigo": "S-467",
        "endereco": "Avenida Landscape (Alameda Corruira, 1, Cond. Residencial dos Buritis, Uberlândia, Minas Gerais, Brasil",
        "qtld": "1 D"
      }
    },
    {
      "type": "Feature",
      "geometry": {
        "type": "Point",
        "coordinates": [
          -48.2608371,
          -18.9638752
        ]
      },
      "properties": {
        "codigo": "S-468",
        "endereco": "Avenida Landscape (Alameda Siriema, 238), 238, Cond. Residencial dos Buritis, Uberlândia, Minas Gerais, Brasil",
        "qtld": "12 B"
      }
    },
    {
      "type": "Feature",
      "geometry": {
        "type": "Point",
        "coordinates": [
          -48.2532877,
          -18.9644856
        ]
      },
      "properties": {
        "codigo": "S-469",
        "endereco": "Avenida Landscape (Alameda Acaua, 340), 340, Jardim Sul, Uberlândia, Minas Gerais, Brasil",
        "qtld": "18 D"
      }
    },
    {
      "type": "Feature",
      "geometry": {
        "type": "Point",
        "coordinates": [
          -48.279182,
          -18.9454141
        ]
      },
      "properties": {
        "codigo": "S-47",
        "endereco": "Rua Helio Lima Santa Cecilia, 75, Morada da Colina, Uberlândia, Minas Gerais, Brasil",
        "qtld": "72 A"
      }
    },
    {
      "type": "Feature",
      "geometry": {
        "type": "Point",
        "coordinates": [
          -48.2608371,
          -18.9638752
        ]
      },
      "properties": {
        "codigo": "S-474",
        "endereco": "Avenida Landscape (Alameda Juruviara, 238), 418, Condominio Residencial dos Buritis, Uberlândia, Minas Gerais, Brasil",
        "qtld": "19 A"
      }
    },
    {
      "type": "Feature",
      "geometry": {
        "type": "Point",
        "coordinates": [
          -48.2861418,
          -18.9465894
        ]
      },
      "properties": {
        "codigo": "S-48",
        "endereco": "Rua da Carioca - Rua RV 08, 238, 2005, Cond. Reseva do Vale, Uberlândia, Minas Gerais, Brasil",
        "qtld": "7 D"
      }
    },
    {
      "type": "Feature",
      "geometry": {
        "type": "Point",
        "coordinates": [
          -48.2646471,
          -18.9365788
        ]
      },
      "properties": {
        "codigo": "S-480",
        "endereco": "Alameda Mariana, 88, Jardim Inconfidencia, Uberlândia, Minas Gerais, Brasil",
        "qtld": "6 C"
      }
    },
    {
      "type": "Feature",
      "geometry": {
        "type": "Point",
        "coordinates": [
          -48.2647967,
          -18.9358002
        ]
      },
      "properties": {
        "codigo": "S-481",
        "endereco": "Alameda Mariana, 1, Jardim Inconfidencia, Uberlândia, Minas Gerais, Brasil",
        "qtld": "5 B"
      }
    },
    {
      "type": "Feature",
      "geometry": {
        "type": "Point",
        "coordinates": [
          -48.2615946,
          -18.9358022
        ]
      },
      "properties": {
        "codigo": "S-482",
        "endereco": "Alameda Conego Luiz Vieira, 177, Jardim Inconfidencia, Uberlândia, Minas Gerais, Brasil",
        "qtld": "21 A"
      }
    },
    {
      "type": "Feature",
      "geometry": {
        "type": "Point",
        "coordinates": [
          -48.26247129999999,
          -18.9396305
        ]
      },
      "properties": {
        "codigo": "S-483",
        "endereco": "Alameda Joao Dias da Mota, 1, Jardim Inconfidencia, Uberlândia, Minas Gerais, Brasil",
        "qtld": "17 D"
      }
    },
    {
      "type": "Feature",
      "geometry": {
        "type": "Point",
        "coordinates": [
          -48.2597757,
          -18.9382097
        ]
      },
      "properties": {
        "codigo": "S-485",
        "endereco": "Avenida Vereador Carlito Cordeiro (Rua do Barao Nº243), 501, Condominio Vila Real Exclusive, Uberlândia, Minas Gerais, Brasil",
        "qtld": "6 D"
      }
    },
    {
      "type": "Feature",
      "geometry": {
        "type": "Point",
        "coordinates": [
          -48.2536943,
          -18.9389412
        ]
      },
      "properties": {
        "codigo": "S-487",
        "endereco": "Avenida Geraldo Abrão (Alameda Mediterraneo nº145), 611, Condominio Royal Park, Uberlândia, Minas Gerais, Brasil",
        "qtld": "5 D"
      }
    },
    {
      "type": "Feature",
      "geometry": {
        "type": "Point",
        "coordinates": [
          -48.2861418,
          -18.9465894
        ]
      },
      "properties": {
        "codigo": "S-49",
        "endereco": "Rua da Carioca - Rua RV 02, 581, 2005, Cond. Reseva do Vale, Uberlândia, Minas Gerais, Brasil",
        "qtld": "10 C"
      }
    },
    {
      "type": "Feature",
      "geometry": {
        "type": "Point",
        "coordinates": [
          -48.2458755,
          -18.9761969
        ]
      },
      "properties": {
        "codigo": "S-492",
        "endereco": "Rua Campo Limpo, 184, Bem Viver sul, Uberlândia, Minas Gerais, Brasil",
        "qtld": ""
      }
    },
    {
      "type": "Feature",
      "geometry": {
        "type": "Point",
        "coordinates": [
          -48.2766302,
          -18.9154426
        ]
      },
      "properties": {
        "codigo": "S-5",
        "endereco": "Rua Coronel Antonio Alves Pereira, 11, Saraiva, Uberlândia, Minas Gerais, Brasil",
        "qtld": "39 C"
      }
    },
    {
      "type": "Feature",
      "geometry": {
        "type": "Point",
        "coordinates": [
          -48.2853643,
          -18.9424737
        ]
      },
      "properties": {
        "codigo": "S-50",
        "endereco": "Rua da Carioca, 1438, Morada da Colina, Uberlândia, Minas Gerais, Brasil",
        "qtld": "56 B"
      }
    },
    {
      "type": "Feature",
      "geometry": {
        "type": "Point",
        "coordinates": [
          -48.2325676,
          -18.969635
        ]
      },
      "properties": {
        "codigo": "S-506",
        "endereco": "Rua 9, 50, Gsp Life, Uberlândia, Minas Gerais, Brasil",
        "qtld": ""
      }
    },
    {
      "type": "Feature",
      "geometry": {
        "type": "Point",
        "coordinates": [
          -48.2323448,
          -18.9807066
        ]
      },
      "properties": {
        "codigo": "S-508",
        "endereco": "Rua 13, 124, Gsp Life, Uberlândia, Minas Gerais, Brasil",
        "qtld": ""
      }
    },
    {
      "type": "Feature",
      "geometry": {
        "type": "Point",
        "coordinates": [
          -48.2827034,
          -18.9397774
        ]
      },
      "properties": {
        "codigo": "S-51",
        "endereco": "Rua Fabio Andrade Cunha, 1, Morada da Colina, Uberlândia, Minas Gerais, Brasil",
        "qtld": "52 B"
      }
    },
    {
      "type": "Feature",
      "geometry": {
        "type": "Point",
        "coordinates": [
          -48.2798011,
          -18.9422211
        ]
      },
      "properties": {
        "codigo": "S-52",
        "endereco": "Rua Milton Campos, 70, Morada da Colina, Uberlândia, Minas Gerais, Brasil",
        "qtld": "66 D"
      }
    },
    {
      "type": "Feature",
      "geometry": {
        "type": "Point",
        "coordinates": [
          -48.27973979999999,
          -18.9393602
        ]
      },
      "properties": {
        "codigo": "S-53",
        "endereco": "Rua Bocaiuva, 260, Morada da Colina, Uberlândia, Minas Gerais, Brasil",
        "qtld": "28 D"
      }
    },
    {
      "type": "Feature",
      "geometry": {
        "type": "Point",
        "coordinates": [
          -48.2773152,
          -18.9348016
        ]
      },
      "properties": {
        "codigo": "S-54",
        "endereco": "Rua Anita, 1, Morada da Colina, Uberlândia, Minas Gerais, Brasil",
        "qtld": "6 B"
      }
    },
    {
      "type": "Feature",
      "geometry": {
        "type": "Point",
        "coordinates": [
          -48.2812893,
          -18.9392594
        ]
      },
      "properties": {
        "codigo": "S-55",
        "endereco": "Avenida Oscarina Cunha Chaves, 1, Patrimonio, Uberlândia, Minas Gerais, Brasil",
        "qtld": "22 B"
      }
    },
    {
      "type": "Feature",
      "geometry": {
        "type": "Point",
        "coordinates": [
          -48.2824938,
          -18.936947
        ]
      },
      "properties": {
        "codigo": "S-56",
        "endereco": "Rua Jose Serafim de Oliveira, 39, Patrimonio, Uberlândia, Minas Gerais, Brasil",
        "qtld": "15 A"
      }
    },
    {
      "type": "Feature",
      "geometry": {
        "type": "Point",
        "coordinates": [
          -48.2851553,
          -18.9336014
        ]
      },
      "properties": {
        "codigo": "S-57",
        "endereco": "Praça Canto Maior dos Palmares, 15, Patrimonio, Uberlândia, Minas Gerais, Brasil",
        "qtld": "7 C"
      }
    },
    {
      "type": "Feature",
      "geometry": {
        "type": "Point",
        "coordinates": [
          -48.2885589,
          -18.9333565
        ]
      },
      "properties": {
        "codigo": "S-58",
        "endereco": "Avenida Liberdade, 290, Patrimonio, Uberlândia, Minas Gerais, Brasil",
        "qtld": "47 D"
      }
    },
    {
      "type": "Feature",
      "geometry": {
        "type": "Point",
        "coordinates": [
          -48.29267850000001,
          -18.9290914
        ]
      },
      "properties": {
        "codigo": "S-59",
        "endereco": "Avenida Rondon Pacheco, 1, Patrimonio, Uberlândia, Minas Gerais, Brasil",
        "qtld": "60 A"
      }
    },
    {
      "type": "Feature",
      "geometry": {
        "type": "Point",
        "coordinates": [
          -48.2643505,
          -18.921694
        ]
      },
      "properties": {
        "codigo": "S-6",
        "endereco": "Avenida Joao XXIII, 40, Saraiva, Uberlândia, Minas Gerais, Brasil",
        "qtld": "49 B"
      }
    },
    {
      "type": "Feature",
      "geometry": {
        "type": "Point",
        "coordinates": [
          -48.29147829999999,
          -18.9294328
        ]
      },
      "properties": {
        "codigo": "S-60",
        "endereco": "Avenida Hermes Fonseca Carneiro, 1, Patrimonio, Uberlândia, Minas Gerais, Brasil",
        "qtld": "55 B"
      }
    },
    {
      "type": "Feature",
      "geometry": {
        "type": "Point",
        "coordinates": [
          -48.2851672,
          -18.9365117
        ]
      },
      "properties": {
        "codigo": "S-61",
        "endereco": "Rua Corcovado, 174, Patrimonio, Uberlândia, Minas Gerais, Brasil",
        "qtld": "28 C"
      }
    },
    {
      "type": "Feature",
      "geometry": {
        "type": "Point",
        "coordinates": [
          -48.2881826,
          -18.9364925
        ]
      },
      "properties": {
        "codigo": "S-62",
        "endereco": "Rua Penha, 48, Patrimonio, Uberlândia, Minas Gerais, Brasil",
        "qtld": "51 A"
      }
    },
    {
      "type": "Feature",
      "geometry": {
        "type": "Point",
        "coordinates": [
          -48.285511,
          -18.939397
        ]
      },
      "properties": {
        "codigo": "S-63",
        "endereco": "Rua da Carioca, 1135, Patrimonio, Uberlândia, Minas Gerais, Brasil",
        "qtld": "23 A"
      }
    },
    {
      "type": "Feature",
      "geometry": {
        "type": "Point",
        "coordinates": [
          -48.2882907,
          -18.939441
        ]
      },
      "properties": {
        "codigo": "S-64",
        "endereco": "Rua Caravelas, 448, Patrimonio, Uberlândia, Minas Gerais, Brasil",
        "qtld": "60 I"
      }
    },
    {
      "type": "Feature",
      "geometry": {
        "type": "Point",
        "coordinates": [
          -48.2914695,
          -18.9395633
        ]
      },
      "properties": {
        "codigo": "S-66",
        "endereco": "Rua das Andorinhas, 179, Cidade Jardim, Uberlândia, Minas Gerais, Brasil",
        "qtld": "3 D"
      }
    },
    {
      "type": "Feature",
      "geometry": {
        "type": "Point",
        "coordinates": [
          -48.2913404,
          -18.9425584
        ]
      },
      "properties": {
        "codigo": "S-67",
        "endereco": "Rua das Andorinhas, 500, Cidade Jardim, Uberlândia, Minas Gerais, Brasil",
        "qtld": "7 D"
      }
    },
    {
      "type": "Feature",
      "geometry": {
        "type": "Point",
        "coordinates": [
          -48.2885389,
          -18.9456931
        ]
      },
      "properties": {
        "codigo": "S-69",
        "endereco": "Rua das Magnolias, 15, Cidade Jardim, Uberlândia, Minas Gerais, Brasil",
        "qtld": "11 C"
      }
    },
    {
      "type": "Feature",
      "geometry": {
        "type": "Point",
        "coordinates": [
          -48.26724650000001,
          -18.924489
        ]
      },
      "properties": {
        "codigo": "S-7",
        "endereco": "Rua Benjamin Alves dos Santos, 1694, Saraiva, Uberlândia, Minas Gerais, Brasil",
        "qtld": "88 B"
      }
    },
    {
      "type": "Feature",
      "geometry": {
        "type": "Point",
        "coordinates": [
          -48.2885012,
          -18.9483494
        ]
      },
      "properties": {
        "codigo": "S-70",
        "endereco": "Rua dos Girassois, 287, Cidade Jardim, Uberlândia, Minas Gerais, Brasil",
        "qtld": "11 B"
      }
    },
    {
      "type": "Feature",
      "geometry": {
        "type": "Point",
        "coordinates": [
          -48.29137950000001,
          -18.9486207
        ]
      },
      "properties": {
        "codigo": "S-71",
        "endereco": "Avenida Uirapuru, 1381, Cidade Jardim, Uberlândia, Minas Gerais, Brasil",
        "qtld": "18 C"
      }
    },
    {
      "type": "Feature",
      "geometry": {
        "type": "Point",
        "coordinates": [
          -48.291128,
          -18.9457541
        ]
      },
      "properties": {
        "codigo": "S-72",
        "endereco": "Rua das Magnolias, 188, Cidade Jardim, Uberlândia, Minas Gerais, Brasil",
        "qtld": "8 B"
      }
    },
    {
      "type": "Feature",
      "geometry": {
        "type": "Point",
        "coordinates": [
          -48.2942321,
          -18.9483767
        ]
      },
      "properties": {
        "codigo": "S-73",
        "endereco": "Rua das Hortensias, 223, Cidade Jardim, Uberlândia, Minas Gerais, Brasil",
        "qtld": "31 A"
      }
    },
    {
      "type": "Feature",
      "geometry": {
        "type": "Point",
        "coordinates": [
          -48.2976545,
          -18.9430839
        ]
      },
      "properties": {
        "codigo": "S-74",
        "endereco": "Rua Perdizes, 11, Cidade Jardim, Uberlândia, Minas Gerais, Brasil",
        "qtld": "60 B"
      }
    },
    {
      "type": "Feature",
      "geometry": {
        "type": "Point",
        "coordinates": [
          -48.301256,
          -18.9418883
        ]
      },
      "properties": {
        "codigo": "S-75",
        "endereco": "Rua das Camomilas, 1, Cidade Jardim, Uberlândia, Minas Gerais, Brasil",
        "qtld": "64 E"
      }
    },
    {
      "type": "Feature",
      "geometry": {
        "type": "Point",
        "coordinates": [
          -48.30335760000001,
          -18.948568
        ]
      },
      "properties": {
        "codigo": "S-76",
        "endereco": "Rua das Alfazemas, 56, Cidade Jardim, Uberlândia, Minas Gerais, Brasil",
        "qtld": "113 C"
      }
    },
    {
      "type": "Feature",
      "geometry": {
        "type": "Point",
        "coordinates": [
          -48.306152,
          -18.951724
        ]
      },
      "properties": {
        "codigo": "S-77",
        "endereco": "Rua das Papoulas, 11, Cidade Jardim, Uberlândia, Minas Gerais, Brasil",
        "qtld": "136 B"
      }
    },
    {
      "type": "Feature",
      "geometry": {
        "type": "Point",
        "coordinates": [
          -48.3063088,
          -18.9485618
        ]
      },
      "properties": {
        "codigo": "S-78",
        "endereco": "Rua dos Miosotis, 240, Cidade Jardim, Uberlândia, Minas Gerais, Brasil",
        "qtld": "125 B"
      }
    },
    {
      "type": "Feature",
      "geometry": {
        "type": "Point",
        "coordinates": [
          -48.3060199,
          -18.9407703
        ]
      },
      "properties": {
        "codigo": "S-79",
        "endereco": "Rua dos Jasmins, 1, Cidade Jardim, Uberlândia, Minas Gerais, Brasil",
        "qtld": "102 B"
      }
    },
    {
      "type": "Feature",
      "geometry": {
        "type": "Point",
        "coordinates": [
          -48.264633,
          -18.9243739
        ]
      },
      "properties": {
        "codigo": "S-8",
        "endereco": "Rua Timbiras, 926, Saraiva, Uberlândia, Minas Gerais, Brasil",
        "qtld": "68 B"
      }
    },
    {
      "type": "Feature",
      "geometry": {
        "type": "Point",
        "coordinates": [
          -48.3032754,
          -18.9459318
        ]
      },
      "properties": {
        "codigo": "S-80",
        "endereco": "Rua das Dracenas, 251, Cidade Jardim, Uberlândia, Minas Gerais, Brasil",
        "qtld": "79 C"
      }
    },
    {
      "type": "Feature",
      "geometry": {
        "type": "Point",
        "coordinates": [
          -48.3000126,
          -18.9455084
        ]
      },
      "properties": {
        "codigo": "S-81",
        "endereco": "Rua das Primaveras, 371, Cidade Jardim, Uberlândia, Minas Gerais, Brasil",
        "qtld": "58 C"
      }
    },
    {
      "type": "Feature",
      "geometry": {
        "type": "Point",
        "coordinates": [
          -48.2971327,
          -18.945396
        ]
      },
      "properties": {
        "codigo": "S-82",
        "endereco": "Alameda Serra Dourada, 9, Cidade Jardim, Uberlândia, Minas Gerais, Brasil",
        "qtld": "52 D"
      }
    },
    {
      "type": "Feature",
      "geometry": {
        "type": "Point",
        "coordinates": [
          -48.2946203,
          -18.9454538
        ]
      },
      "properties": {
        "codigo": "S-83",
        "endereco": "Rua das Juritis, 411, Cidade Jardim, Uberlândia, Minas Gerais, Brasil",
        "qtld": "44 A"
      }
    },
    {
      "type": "Feature",
      "geometry": {
        "type": "Point",
        "coordinates": [
          -48.2942454,
          -18.9426084
        ]
      },
      "properties": {
        "codigo": "S-84",
        "endereco": "Rua dos Sabias, 491, Cidade Jardim, Uberlândia, Minas Gerais, Brasil",
        "qtld": "42 C"
      }
    },
    {
      "type": "Feature",
      "geometry": {
        "type": "Point",
        "coordinates": [
          -48.2943113,
          -18.9396515
        ]
      },
      "properties": {
        "codigo": "S-85",
        "endereco": "Rua dos Pardais, 393, Cidade Jardim, Uberlândia, Minas Gerais, Brasil",
        "qtld": "41 D"
      }
    },
    {
      "type": "Feature",
      "geometry": {
        "type": "Point",
        "coordinates": [
          -48.30637609999999,
          -18.9425374
        ]
      },
      "properties": {
        "codigo": "S-86",
        "endereco": "Rua dos Anturios, 580, Cidade Jardim, Uberlândia, Minas Gerais, Brasil",
        "qtld": "93 A"
      }
    },
    {
      "type": "Feature",
      "geometry": {
        "type": "Point",
        "coordinates": [
          -48.3034743,
          -18.9424317
        ]
      },
      "properties": {
        "codigo": "S-87",
        "endereco": "Rua dos Anturios, 277, Cidade Jardim, Uberlândia, Minas Gerais, Brasil",
        "qtld": "85 C"
      }
    },
    {
      "type": "Feature",
      "geometry": {
        "type": "Point",
        "coordinates": [
          -48.3004504,
          -18.9426539
        ]
      },
      "properties": {
        "codigo": "S-88",
        "endereco": "Rua das Primaveras, 55, Cidade Jardim, Uberlândia, Minas Gerais, Brasil",
        "qtld": "54 B"
      }
    },
    {
      "type": "Feature",
      "geometry": {
        "type": "Point",
        "coordinates": [
          -48.2971351,
          -18.9453896
        ]
      },
      "properties": {
        "codigo": "S-89",
        "endereco": "Alameda Serra Dourada, 11, Cidade Jardim, Uberlândia, Minas Gerais, Brasil",
        "qtld": "51 A"
      }
    },
    {
      "type": "Feature",
      "geometry": {
        "type": "Point",
        "coordinates": [
          -48.2704485,
          -18.924374
        ]
      },
      "properties": {
        "codigo": "S-9",
        "endereco": "Rua Guaicurus, 478, Saraiva, Uberlândia, Minas Gerais, Brasil",
        "qtld": "83 C"
      }
    },
    {
      "type": "Feature",
      "geometry": {
        "type": "Point",
        "coordinates": [
          -48.2943113,
          -18.9367244
        ]
      },
      "properties": {
        "codigo": "S-90",
        "endereco": "Rua Oscar Gomes Moreira Junior, 35, Tubalina, Uberlândia, Minas Gerais, Brasil",
        "qtld": "14 A"
      }
    },
    {
      "type": "Feature",
      "geometry": {
        "type": "Point",
        "coordinates": [
          -48.2940711,
          -18.9339986
        ]
      },
      "properties": {
        "codigo": "S-91",
        "endereco": "Avenida Uirapuru, 234, Tubalina, Uberlândia, Minas Gerais, Brasil",
        "qtld": "1 C"
      }
    },
    {
      "type": "Feature",
      "geometry": {
        "type": "Point",
        "coordinates": [
          -48.2945979,
          -18.9307789
        ]
      },
      "properties": {
        "codigo": "S-92",
        "endereco": "Avenida Silvio Rugani, 190, Tubalina, Uberlândia, Minas Gerais, Brasil",
        "qtld": "139 C"
      }
    },
    {
      "type": "Feature",
      "geometry": {
        "type": "Point",
        "coordinates": [
          -48.2969757,
          -18.9303877
        ]
      },
      "properties": {
        "codigo": "S-93",
        "endereco": "Rua Guerra Junqueira, 210, Tubalina, Uberlândia, Minas Gerais, Brasil",
        "qtld": "150 G"
      }
    },
    {
      "type": "Feature",
      "geometry": {
        "type": "Point",
        "coordinates": [
          -48.2918792,
          -18.9233571
        ]
      },
      "properties": {
        "codigo": "S-94",
        "endereco": "Avenida Getulio Vargas, 1, Tubalina, Uberlândia, Minas Gerais, Brasil",
        "qtld": "144 C"
      }
    },
    {
      "type": "Feature",
      "geometry": {
        "type": "Point",
        "coordinates": [
          -48.3005282,
          -18.9306208
        ]
      },
      "properties": {
        "codigo": "S-95",
        "endereco": "Rua Aniceto Pereira, 100, Tubalina, Uberlândia, Minas Gerais, Brasil",
        "qtld": "119 D"
      }
    },
    {
      "type": "Feature",
      "geometry": {
        "type": "Point",
        "coordinates": [
          -48.2972492,
          -18.9337365
        ]
      },
      "properties": {
        "codigo": "S-96",
        "endereco": "Rua Maria Aparecida Costa, 419, Tubalina, Uberlândia, Minas Gerais, Brasil",
        "qtld": "134 C"
      }
    },
    {
      "type": "Feature",
      "geometry": {
        "type": "Point",
        "coordinates": [
          -48.30099910000001,
          -18.9300315
        ]
      },
      "properties": {
        "codigo": "S-97",
        "endereco": "Rua Real Grandeza, 1, Tubalina, Uberlândia, Minas Gerais, Brasil",
        "qtld": "127 B"
      }
    },
    {
      "type": "Feature",
      "geometry": {
        "type": "Point",
        "coordinates": [
          -48.3032818,
          -18.9335672
        ]
      },
      "properties": {
        "codigo": "S-98",
        "endereco": "Avenida Getulio Vargas, 3109, Tubalina, Uberlândia, Minas Gerais, Brasil",
        "qtld": "102 B"
      }
    },
    {
      "type": "Feature",
      "geometry": {
        "type": "Point",
        "coordinates": [
          -48.3027929,
          -18.9414627
        ]
      },
      "properties": {
        "codigo": "S-99",
        "endereco": "Rua Sao Jose, 933, Tubalina, Uberlândia, Minas Gerais, Brasil",
        "qtld": "84 D"
      }
    },
    {
      "type": "Feature",
      "geometry": {
        "type": "Point",
        "coordinates": [
          -48.2741882,
          -18.8606757
        ]
      },
      "properties": {
        "codigo": "1",
        "endereco": "Rua Ciro Alves de Oliveira, 2198, , Uberlândia, Minas Gerais, Brasil",
        "qtld": "134"
      }
    },
    {
      "type": "Feature",
      "geometry": {
        "type": "Point",
        "coordinates": [
          -48.2713655,
          -18.8640805
        ]
      },
      "properties": {
        "codigo": "2",
        "endereco": "Rua João Neves, 140, , Uberlândia, Minas Gerais, Brasil",
        "qtld": "121"
      }
    },
    {
      "type": "Feature",
      "geometry": {
        "type": "Point",
        "coordinates": [
          -48.2680369,
          -18.8670756
        ]
      },
      "properties": {
        "codigo": "3",
        "endereco": "Rua dos Silos, 1525, , Uberlândia, Minas Gerais, Brasil",
        "qtld": "108"
      }
    },
    {
      "type": "Feature",
      "geometry": {
        "type": "Point",
        "coordinates": [
          -48.2709358,
          -18.8986492
        ]
      },
      "properties": {
        "codigo": "133",
        "endereco": "Av Marciano de Avila, 999, , Uberlândia, Minas Gerais, Brasil",
        "qtld": "8"
      }
    },
    {
      "type": "Feature",
      "geometry": {
        "type": "Point",
        "coordinates": [
          -48.2640597,
          -18.884164
        ]
      },
      "properties": {
        "codigo": "265",
        "endereco": "Travessa Getulio Alves Nascimento, 47, , Uberlândia, Minas Gerais, Brasil",
        "qtld": "5"
      }
    },
    {
      "type": "Feature",
      "geometry": {
        "type": "Point",
        "coordinates": [
          -48.2598916,
          -18.9040313
        ]
      },
      "properties": {
        "codigo": "507",
        "endereco": "Rua Porto Alegre, 1244, Tibery, Uberlândia, Minas Gerais, Brasil",
        "qtld": "216"
      }
    },
    {
      "type": "Feature",
      "geometry": {
        "type": "Point",
        "coordinates": [
          -48.2607773,
          -18.9119437
        ]
      },
      "properties": {
        "codigo": "511",
        "endereco": "Rua Modesta Maria, 152, , Uberlândia, Minas Gerais, Brasil",
        "qtld": "3"
      }
    },
    {
      "type": "Feature",
      "geometry": {
        "type": "Point",
        "coordinates": [
          -48.3024415,
          -18.9529353
        ]
      },
      "properties": {
        "codigo": "702",
        "endereco": "Rua Antenor Machado Carrijo, 55, Nova Uberlandia, Uberlândia, Minas Gerais, Brasil",
        "qtld": "8"
      }
    },
    {
      "type": "Feature",
      "geometry": {
        "type": "Point",
        "coordinates": [
          -48.3065363,
          -18.9547296
        ]
      },
      "properties": {
        "codigo": "703",
        "endereco": "Avenida Joao Patrus de Souza, 1589, , Uberlândia, Minas Gerais, Brasil",
        "qtld": "24"
      }
    },
    {
      "type": "Feature",
      "geometry": {
        "type": "Point",
        "coordinates": [
          -48.3878797,
          -18.9934541
        ]
      },
      "properties": {
        "codigo": "1033",
        "endereco": "Rua Uberabinha, 10, Morada Nova, Uberlândia, Minas Gerais, Brasil",
        "qtld": ""
      }
    }
  ]
}